n,mae,rmse,calibration_in_the_large,calibration_slope,residual_age_slope,residual_age_correlation,latent_mae,latent_rmse,outcome_beta_unadjusted,outcome_p_unadjusted,outcome_beta_age_adjusted,outcome_se_age_adjusted,outcome_p_age_adjusted,outcome_ci_low_age_adjusted,outcome_ci_high_age_adjusted,scenario,method,replication,seed,association_target,association_error_age_adjusted,association_detected_age_adjusted,latent_target_in_ci
500.0,0.02184856176799123,0.02681615931630883,0.0041695113214770315,0.9988590654679774,-0.001140934532022575,-0.7487949669373886,0.02184856176799123,0.02681615931630883,-0.0010105971870937697,0.4571208322675099,3.275542698001937e-05,0.0009024478007752877,0.9710607523236336,-0.001740327638474676,0.001805838492434715,unbiased_predictions,raw_lasso,0,3244640537,0.0,3.275542698001937e-05,False,True
500.0,0.013892313923303803,0.017704375230868968,0.002177470856596031,1.0000378475061609,3.7847506160870736e-05,0.037449936201223936,0.013892313923303803,0.017704375230868968,6.729445669364469e-05,0.9405067721689,3.275542697996625e-05,0.000902447800775289,0.9710607523236806,-0.0017403276384747317,0.0018058384924346644,unbiased_predictions,residual_correction,0,3244640537,0.0,3.275542697996625e-05,False,True
500.0,0.013907739600706072,0.017724762171263286,0.00218195926666116,1.0000367553290392,3.6755329039239726e-05,0.036327907422849956,0.013907739600706072,0.017724762171263286,6.633429582316236e-05,0.9414206046747584,3.279404677704785e-05,0.0009035118183748273,0.9710607523235285,-0.0017423795457812306,0.0018079676393353262,unbiased_predictions,linear_recalibration,0,3244640537,0.0,3.279404677704785e-05,False,True
500.0,0.014012944069973436,0.01781442476086522,0.0020486617169033607,1.000116190676863,0.00011619067686297058,0.11414976565466978,0.014012944069973436,0.01781442476086522,0.00013974533223494554,0.8777042925403931,3.357014025629307e-05,0.0009036262445220629,0.970379946905243,-0.0017418282709161304,0.0018089685514287165,unbiased_predictions,umlr_oracle,0,3244640537,0.0,3.357014025629307e-05,False,True
500.0,0.020600044240880074,0.025750216330475275,0.00033217820766521557,0.9989354057134577,-0.0010645942865422642,-0.6885136963305218,0.020600044240880074,0.025750216330475275,-0.0014414854976380039,0.24056746817507194,-0.0015167796020348159,0.0008892589648388996,0.08869491336433036,-0.0032639499203679827,0.00023039071629835073,unbiased_predictions,raw_lasso,1,580181347,0.0,-0.0015167796020348159,False,True
500.0,0.01518561131907598,0.01877853097855877,-0.0002869627807744948,1.000118075962319,0.00011807596231894202,0.10471859089162053,0.01518561131907598,0.01877853097855877,-0.0015251038060489577,0.08838465141801219,-0.001516779602034884,0.0008892589648388858,0.08869491336431119,-0.0032639499203680235,0.00023039071629825554,unbiased_predictions,residual_correction,1,580181347,0.0,-0.001516779602034884,False,True
500.0,0.015202434941533042,0.01879864021951268,-0.00028667045043029304,1.00011700884013,0.00011700884013010615,0.10366112970682372,0.015202434941533042,0.01879864021951268,-0.0015268224703574652,0.08836693079991817,-0.001518573743588326,0.0008903108358280266,0.08869491336424352,-0.003267810723989107,0.00023066323681245494,unbiased_predictions,linear_recalibration,1,580181347,0.0,-0.001518573743588326,False,True
500.0,0.015189517641240527,0.01877612147189658,-0.00028046328855872103,1.000105087319361,0.00010508731936109683,0.09321076650875496,0.015189517641240527,0.01877612147189658,-0.0015282670270651802,0.08768526886861318,-0.001520861223687879,0.0008901640843256312,0.08816466041809466,-0.003269809874277779,0.00022808742690202076,unbiased_predictions,umlr_oracle,1,580181347,0.0,-0.001520861223687879,False,True
500.0,0.02326174703082882,0.02842306814605697,0.0029766331524056326,0.9987394573352818,-0.0012605426647182005,-0.7605171020526683,0.02326174703082882,0.02842306814605697,-0.0013450919537435462,0.3181582292223313,-0.0001456485672124995,0.0008769858396229846,0.8681626456038842,-0.0018687052797926808,0.0015774081453676816,unbiased_predictions,raw_lasso,2,1959552130,0.0,-0.0001456485672124995,False,True
500.0,0.014876015693281815,0.018427214133827145,0.001164788618381209,0.9999323331464374,-6.766685356263125e-05,-0.06274994135428259,0.014876015693281815,0.018427214133827145,-0.0002096561451928709,0.8110723511468934,-0.0001456485672125265,0.0008769858396229768,0.8681626456038588,-0.0018687052797926923,0.0015774081453676393,unbiased_predictions,residual_correction,2,1959552130,0.0,-0.0001456485672125265,False,True
500.0,0.014895267057366055,0.018450599223653857,0.0011679897826094674,0.999931059798289,-6.894020171099857e-05,-0.06385011360041022,0.014895267057366055,0.018450599223653857,-0.00021104147426266405,0.8100830551098869,-0.00014582234145386381,0.0008780321770624887,0.8681626456037993,-0.0018709348440677093,0.0015792901611599817,unbiased_predictions,linear_recalibration,2,1959552130,0.0,-0.00014582234145386381,False,True
500.0,0.014856931875202506,0.018420874624161428,0.0011138674159803087,0.9999647387801994,-3.526121980057528e-05,-0.03270470011426671,0.014856931875202506,0.018420874624161428,-0.00017947068218275428,0.8378374482664604,-0.00014631014553105409,0.0008780946614897502,0.8677350176481206,-0.0018715454143367356,0.0015789251232746272,unbiased_predictions,umlr_oracle,2,1959552130,0.0,-0.00014631014553105409,False,True
500.0,0.02370797539253861,0.029298439531661356,-0.0033169645066619393,0.9987053788283714,-0.001294621171628596,-0.7741756266871589,0.02370797539253861,0.029298439531661356,-0.0004993874901171486,0.7376485399743324,-0.0005974970348468373,0.0009438173160560842,0.5269828410978167,-0.00245186079809639,0.0012568667284027155,unbiased_predictions,raw_lasso,3,1042716632,0.0,-0.0005974970348468373,False,True
500.0,0.014884046075303118,0.018599382958399975,-0.0015767253939041551,0.9998859747200426,-0.00011402527995740819,-0.10710477605884057,0.014884046075303118,0.018599382958399975,-0.0005888480101018598,0.5349298672987484,-0.0005974970348467959,0.0009438173160560821,0.5269828410978443,-0.0024518607980963444,0.0012568667284027528,unbiased_predictions,residual_correction,3,1042716632,0.0,-0.0005974970348467959,False,True
500.0,0.014903548793403026,0.01862339924502463,-0.0015801060013002158,0.9998848098556573,-0.0001151901443426917,-0.10806007741410684,0.014903548793403026,0.01862339924502463,-0.0005894653514552682,0.5350264414655486,-0.0005982026548991481,0.0009449319264809724,0.526982841097782,-0.0024547563474357475,0.001258351037637451,unbiased_predictions,linear_recalibration,3,1042716632,0.0,-0.0005982026548991481,False,True
500.0,0.014895138518083285,0.018614601468083573,-0.0015746093598468889,0.99988853680477,-0.00011146319523003267,-0.10461096171010102,0.014895138518083285,0.018614601468083573,-0.0005913785204221521,0.5335169621937192,-0.0005998334352407404,0.0009448544000214217,0.5258234802231246,-0.002456234807773417,0.001256567937291936,unbiased_predictions,umlr_oracle,3,1042716632,0.0,-0.0005998334352407404,False,True
500.0,0.0223579736415347,0.02732323325112077,-0.00023301392936713228,0.9988632526337743,-0.00113674736622571,-0.7334365804594198,0.0223579736415347,0.02732323325112077,0.0019386207922030994,0.147106485737176,0.0001187395026261486,0.0009134963005609718,0.8966320230042613,-0.001676051087465259,0.0019135300927175564,unbiased_predictions,raw_lasso,4,1379478681,0.0,0.0001187395026261486,False,True
500.0,0.014820494439844232,0.018642979553068602,0.0015636565870383165,1.000023907124799,2.390712479893864e-05,0.022686104019866073,0.014820494439844232,0.018642979553068602,7.962712007020514e-05,0.9302815228239711,0.00011873950262612619,0.0009134963005609658,0.8966320230042799,-0.0016760510874652699,0.0019135300927175221,unbiased_predictions,residual_correction,4,1379478681,0.0,0.00011873950262612619,False,True
500.0,0.014837233564767316,0.018664065977299964,0.0015638124104077064,1.0000228628552672,2.2862855267202775e-05,0.02167049998320805,0.014837233564767316,0.018664065977299964,8.143659786771845e-05,0.9287822338033598,0.00011887735086558606,0.0009145568057348522,0.8966320230043692,-0.00167799686529596,0.001915751567027132,unbiased_predictions,linear_recalibration,4,1379478681,0.0,0.00011887735086558606,False,True
500.0,0.014882425483173384,0.018728047464269374,0.0016573787396456723,1.0000843800211725,8.43800211725032e-05,0.07973874047889655,0.014882425483173384,0.018728047464269374,-1.874337340249899e-05,0.9836373528475052,0.00011721653113485281,0.0009146112205908597,0.8980742325250128,-0.0016797645965395953,0.0019141976588093008,unbiased_predictions,umlr_oracle,4,1379478681,0.0,0.00011721653113485281,False,True
500.0,0.022394290846661925,0.02773672558673925,-0.0018332066982203585,0.9987775247974252,-0.001222475202574791,-0.7610193258328876,0.022394290846661925,0.02773672558673925,0.0002910788903003377,0.8306321027827891,-0.0006922406524011242,0.0008835578744144059,0.4337246439728412,-0.002428209761226537,0.0010437284564242884,unbiased_predictions,raw_lasso,5,437633189,0.0,-0.0006922406524011242,False,True
500.0,0.014328662335440157,0.018056074740108563,-0.0016852255861431332,0.9999472596161743,-5.274038382574453e-05,-0.05054520704410058,0.014328662335440157,0.018056074740108563,-0.0006486208474339467,0.4629846069568489,-0.0006922406524011642,0.0008835578744144023,0.4337246439728129,-0.00242820976122657,0.0010437284564242416,unbiased_predictions,residual_correction,5,437633189,0.0,-0.0006922406524011642,False,True
500.0,0.01434554802155798,0.018078080763113596,-0.0016873227742015117,0.9999462075867017,-5.379241329828144e-05,-0.05149070542713897,0.01434554802155798,0.018078080763113596,-0.0006485842415968894,0.46355475246362327,-0.0006930506523424185,0.0008845917371671561,0.4337246439728798,-0.0024310510415779902,0.001044949736893153,unbiased_predictions,linear_recalibration,5,437633189,0.0,-0.0006930506523424185,False,True
500.0,0.014362951143774382,0.01813476077833051,-0.0016910031283044731,0.9999003055523029,-9.969444769708513e-05,-0.09512959500710172,0.014362951143774382,0.01813476077833051,-0.0006125555839555048,0.49013313554863486,-0.0006938986626345766,0.0008845201919709674,0.43312545644997463,-0.002431758483545124,0.0010439611582759706,unbiased_predictions,umlr_oracle,5,437633189,0.0,-0.0006938986626345766,False,True
500.0,0.021365936576904162,0.026331126108120547,0.0016367075900452902,0.9989150984538108,-0.001084901546189232,-0.6979543322335544,0.021365936576904162,0.026331126108120547,0.002064133445970992,0.11352385133685548,0.0020316785139000166,0.0009312691664129209,0.029605130069796315,0.00020196871026560226,0.003861388317534431,unbiased_predictions,raw_lasso,6,2881208579,0.0,0.0020316785139000166,True,False
500.0,0.014973741265387943,0.018858786042064746,0.0007249662149259279,1.0000567924789532,5.6792478953182624e-05,0.05095229142532303,0.014973741265387943,0.018858786042064746,0.002029974111315742,0.029791538696991398,0.0020316785139001528,0.0009312691664129288,0.02960513006978682,0.00020196871026572282,0.0038613883175345827,unbiased_predictions,residual_correction,6,2881208579,0.0,0.0020316785139001528,True,False
500.0,0.01499031721213663,0.018879382791811394,0.0007267051871231871,1.0000557163559747,5.571635597467761e-05,0.04993239289828427,0.01499031721213663,0.018879382791811394,0.0020323261885911376,0.029780301438355045,0.002033998399631749,0.0009323325423540613,0.02960513006981769,0.00020219932959120212,0.003865797469672296,unbiased_predictions,linear_recalibration,6,2881208579,0.0,0.002033998399631749,True,False
500.0,0.015021548184341234,0.01891473098771438,0.0006993098911229438,1.0000901396827537,9.013968275373152e-05,0.08062660535465264,0.015021548184341234,0.01891473098771438,0.002031461686384227,0.03016874039593007,0.002034163839243745,0.0009322520524518781,0.029577955727624266,0.00020252291162692468,0.0038658047668605655,unbiased_predictions,umlr_oracle,6,2881208579,0.0,0.002034163839243745,True,False
500.0,0.023474801887633887,0.02833155859215199,0.0007830010215473919,0.9987316667403205,-0.001268333259679455,-0.7714709552047556,0.023474801887633887,0.02833155859215199,-0.0003426031008835295,0.8013179540475948,-0.0011644442128338677,0.0008656769728159164,0.1791981355682135,-0.0028652818450330348,0.0005363934193652997,unbiased_predictions,raw_lasso,7,3027062025,0.0,-0.0011644442128338677,False,True
500.0,0.014447177007883581,0.018258345843267215,0.002227433634832238,0.9998882755939852,-0.0001117244060148126,-0.10620218051190758,0.014447177007883581,0.018258345843267215,-0.0010907480723630306,0.2102132561880237,-0.0011644442128340658,0.0008656769728159088,0.17919813556813585,-0.0028652818450332182,0.0005363934193650865,unbiased_predictions,residual_correction,7,3027062025,0.0,-0.0011644442128340658,False,True
500.0,0.014466596720154826,0.018281328875872353,0.002228620636057968,0.9998870335090168,-0.00011296649098324618,-0.10724669825387305,0.014466596720154826,0.018281328875872353,-0.0010912900545205157,0.21056599977837284,-0.001165791281513563,0.0008666784173881737,0.17919813556813835,-0.002868596500547709,0.0005370139375205831,unbiased_predictions,linear_recalibration,7,3027062025,0.0,-0.001165791281513563,False,True
500.0,0.014385641191005823,0.01819086436536803,0.002174994001323647,0.9999034249791361,-9.657502086390934e-05,-0.09211469584424117,0.014385641191005823,0.01819086436536803,-0.0010433087167147563,0.2291710809734038,-0.0011071352986590454,0.0008640977653108568,0.20069927446389826,-0.002804870185101999,0.000590599587783908,unbiased_predictions,umlr_oracle,7,3027062025,0.0,-0.0011071352986590454,False,True
500.0,0.022614512975336922,0.02799107948217027,-0.0005861785204165387,0.9988285671242849,-0.0011714328757150838,-0.7422454759114852,0.022614512975336922,0.02799107948217027,0.0019172933006454578,0.15863974213864557,0.0009051161036566119,0.0009128396030092704,0.3219049236054247,-0.0008883842408305105,0.0026986164481437344,unbiased_predictions,raw_lasso,8,2874605071,0.0,0.0009051161036566119,False,True
500.0,0.015235790068431279,0.018879918006531226,0.0021183106845272803,0.9999706694800989,-2.9330519901060725e-05,-0.027722037512563726,0.015235790068431279,0.018879918006531226,0.0009286731924717696,0.30866777851654026,0.0009051161036563762,0.0009128396030092704,0.32190492360555073,-0.0008883842408307462,0.0026986164481434985,unbiased_predictions,residual_correction,8,2874605071,0.0,0.0009051161036563762,False,True
500.0,0.015252763581071797,0.01890170591372266,0.002118490479065109,0.9999696898982366,-3.031010176335336e-05,-0.028614487541948,0.015252763581071797,0.01890170591372266,0.0009305530996586229,0.30825358163804195,0.0009061501635873754,0.0009138824867375052,0.32190492360541356,-0.0008893991852589829,0.0027016995124337336,unbiased_predictions,linear_recalibration,8,2874605071,0.0,0.0009061501635873754,False,True
500.0,0.015264519453267148,0.01890346331928993,0.0021665799388445846,0.9999895770060794,-1.0422993920622403e-05,-0.009841856380249432,0.015264519453267148,0.01890346331928993,0.0009129428618406494,0.31741221323376423,0.0009057536878905892,0.0009140327274164471,0.32219595038987187,-0.0008900908461214324,0.002701598221902611,unbiased_predictions,umlr_oracle,8,2874605071,0.0,0.0009057536878905892,False,True
500.0,0.022017262504605385,0.027276690278460025,0.0006522965240433791,0.9988253789468713,-0.0011746210531287105,-0.7407465551781149,0.022017262504605385,0.027276690278460025,0.0013282520462471878,0.3234596210415851,0.00042280765446438143,0.0009051611323776383,0.6406276014977007,-0.001355606425494375,0.002201221734423138,unbiased_predictions,raw_lasso,9,3678971728,0.0,0.00042280765446438143,False,True
500.0,0.01457261273236395,0.01837121357742004,0.0011812594764910073,0.9999577870891359,-4.22129108641478e-05,-0.039595552584131465,0.01457261273236395,0.01837121357742004,0.000454670192663839,0.6152890385753158,0.0004228076544642982,0.0009051611323776389,0.6406276014977668,-0.0013556064254944596,0.002201221734423056,unbiased_predictions,residual_correction,9,3678971728,0.0,0.0004228076544642982,False,True
500.0,0.014589640430273634,0.018392738326095594,0.0011820881867192128,0.999956649211442,-4.3350788557994235e-05,-0.04061521128792875,0.014589640430273634,0.018392738326095594,0.0004560260709836345,0.6146506401835474,0.00042328652668490797,0.0009061863184564936,0.6406276014976958,-0.0013571417862010015,0.0022037148395708172,unbiased_predictions,linear_recalibration,9,3678971728,0.0,0.00042328652668490797,False,True
500.0,0.014594458752701996,0.018398783848878865,0.0011784246664766015,0.9999497189274155,-5.028107258453485e-05,-0.04709202450661796,0.014594458752701996,0.018398783848878865,0.0004607330147866275,0.6111241313286214,0.0004226461276639173,0.0009062397238175657,0.6411525731310723,-0.0013578871133311191,0.0022031793686589536,unbiased_predictions,umlr_oracle,9,3678971728,0.0,0.0004226461276639173,False,True
500.0,0.02240382944626265,0.027692113080849304,0.0033277528202773536,0.9987983546127054,-0.0012016453872946142,-0.7301363679843634,0.02240382944626265,0.027692113080849304,0.0019174170099721577,0.1512789260410149,0.0017362664947113255,0.0009111088528382935,0.05727063358049476,-5.3833360776814766e-05,0.0035263663501994657,unbiased_predictions,raw_lasso,10,2169915022,0.0,0.0017362664947113255,False,True
500.0,0.015071025740608647,0.01889532183447212,0.002029972895506958,0.9999882648586449,-1.1735141355107004e-05,-0.010434700530264743,0.015071025740608647,0.01889532183447212,0.001737916522663161,0.05678908697624481,0.001736266494711266,0.0009111088528382992,0.057270633580504805,-5.3833360776885456e-05,0.0035263663501994176,unbiased_predictions,residual_correction,10,2169915022,0.0,0.001736266494711266,False,True
500.0,0.015089325991171429,0.018918130220578658,0.0020335516522323404,0.9999871849612182,-1.281503878181045e-05,-0.011381263761710624,0.015089325991171429,0.018918130220578658,0.001740145893996343,0.0567686868145938,0.0017383331043450837,0.0009121933098260775,0.05727063358052091,-5.389743650635625e-05,0.0035305636451965234,unbiased_predictions,linear_recalibration,10,2169915022,0.0,0.0017383331043450837,False,True
500.0,0.015114821761398516,0.018952302241568676,0.0020892967277037116,0.9999347689295982,-6.523107040179443e-05,-0.05784592447395351,0.015114821761398516,0.018952302241568676,0.0017461551068536486,0.05628649503391854,0.0017364351160870577,0.0009121003158695464,0.057516604591266625,-5.5612715017211043e-05,0.0035284829471913266,unbiased_predictions,umlr_oracle,10,2169915022,0.0,0.0017364351160870577,False,True
500.0,0.02166779160341266,0.02715051683155088,-0.0021736745266623886,0.9989140514050378,-0.0010859485949622494,-0.7012256555889457,0.02166779160341266,0.02715051683155088,8.998368346174168e-05,0.9466614473230746,0.0006980803977027837,0.0009593138500664808,0.46714775995943364,-0.0011867301592599032,0.002582890954665471,unbiased_predictions,raw_lasso,11,1242217722,0.0,0.0006980803977027837,False,True
500.0,0.01528975567316924,0.019321703315573,2.088829473872522e-05,1.0000585956835606,5.859568356059164e-05,0.05299693911972511,0.01528975567316924,0.019321703315573,0.0007302785635347435,0.446838008849336,0.0006980803977027461,0.0009593138500664755,0.46714775995945507,-0.0011867301592599303,0.0025828909546654227,unbiased_predictions,residual_correction,11,1242217722,0.0,0.0006980803977027461,False,True
500.0,0.015305971570748141,0.019342810005788694,1.880199665748705e-05,1.0000575622099601,5.756220996011585e-05,0.05200539701987795,0.015305971570748141,0.019342810005788694,0.0007304988690445309,0.4471973054953012,0.0006988795279947993,0.0009604120283845355,0.46714775995935254,-0.001188088673295814,0.0025858477292854125,unbiased_predictions,linear_recalibration,11,1242217722,0.0,0.0006988795279947993,False,True
500.0,0.015253386958339952,0.019313702276215743,-0.00011107899732805748,0.9999891894262894,-1.0810573710551274e-05,-0.00978184350534582,0.015253386958339952,0.019313702276215743,0.0006921674913223351,0.4707325859755307,0.0006987980164793312,0.0009602047245905806,0.46710358466226454,-0.001187762884969507,0.0025853589179281695,unbiased_predictions,umlr_oracle,11,1242217722,0.0,0.0006987980164793312,False,True
500.0,0.022500235744800683,0.02746953167463442,-0.002320453370463305,0.9988705996300019,-0.0011294003699980903,-0.7155380203621322,0.022500235744800683,0.02746953167463442,0.0004214240401610805,0.767353491045945,0.0008822088196438496,0.0009950857950051333,0.37574161330020234,-0.0010728846165442211,0.00283730225583192,unbiased_predictions,raw_lasso,12,2321595447,0.0,0.0008822088196438496,False,True
500.0,0.01545864484171654,0.019178873703700288,-0.0014379541194678254,0.9999774853662058,-2.2514633794212813e-05,-0.02041488182747985,0.01545864484171654,0.019178873703700288,0.0008726684801443386,0.38045272511487055,0.0008822088196439113,0.000995085795005135,0.37574161330016975,-0.0010728846165441624,0.002837302255831985,unbiased_predictions,residual_correction,12,2321595447,0.0,0.0008822088196439113,False,True
500.0,0.015475912752553733,0.01920051680074106,-0.0014403225749665509,0.9999764865763546,-2.3513423645371567e-05,-0.021296552471414435,0.015475912752553733,0.01920051680074106,0.0008732376289651516,0.38067817516292035,0.0008831855459763272,0.0009961874916529266,0.37574161330031053,-0.001074072447173146,0.0028404435391258,unbiased_predictions,linear_recalibration,12,2321595447,0.0,0.0008831855459763272,False,True
500.0,0.015476586645383953,0.019198311782344463,-0.0014291603733307384,0.9999905019005098,-9.498099490246048e-06,-0.00860322605103176,0.015476586645383953,0.019198311782344463,0.0008790016736217667,0.3775054522417739,0.0008832359799149309,0.00099630515511607,0.3757707138468449,-0.001074253192360629,0.002840725152190491,unbiased_predictions,umlr_oracle,12,2321595447,0.0,0.0008832359799149309,False,True
500.0,0.021224158204559286,0.026298143305597103,-0.0033110538635535533,0.9989566712318635,-0.0010433287681365089,-0.7072120092649821,0.021224158204559286,0.026298143305597103,-0.00013903045779093323,0.9145064664679246,-0.00033913402529005146,0.000915978823890854,0.7113597567068122,-0.0021388021496521713,0.0014605340990720686,unbiased_predictions,raw_lasso,13,766335664,0.0,-0.00033913402529005146,False,True
500.0,0.01496331515443552,0.01856143759926586,-0.0015949251797175493,1.0000752287099253,7.522870992526798e-05,0.0719390990743689,0.01496331515443552,0.01856143759926586,-0.00035352752013187433,0.7001309067230665,-0.0003391340252901238,0.0009159788238908456,0.7113597567067508,-0.0021388021496522277,0.0014605340990719799,unbiased_predictions,residual_correction,13,766335664,0.0,-0.0003391340252901238,False,True
500.0,0.014978972721810742,0.01858101254298335,-0.0015983308639809408,1.0000742560851488,7.425608514877169e-05,0.070934767896373,0.014978972721810742,0.01858101254298335,-0.00035372037795156997,0.700273745861962,-0.00033951343218608895,0.0009170035771048858,0.7113597567068077,-0.0021411949390048,0.001462168074632622,unbiased_predictions,linear_recalibration,13,766335664,0.0,-0.00033951343218608895,False,True
500.0,0.014950708447641809,0.018555497543692796,-0.001636457215310223,1.0000484037517445,4.8403751744530155e-05,0.04631116785195914,0.014950708447641809,0.018555497543692796,-0.00034727813673856407,0.7050362615231287,-0.0003380285493245447,0.0009168981561905584,0.7125341914062031,-0.002139502930547982,0.001463445831898893,unbiased_predictions,umlr_oracle,13,766335664,0.0,-0.0003380285493245447,False,True
500.0,0.0220438206434829,0.02697086526941332,0.000820012252452912,0.9988487017077747,-0.0011512982922252668,-0.7292683151921535,0.0220438206434829,0.02697086526941332,-0.0013746737903443252,0.3085585235520513,-0.00033848427209109695,0.0009255841745852965,0.7147460412896703,-0.0021570244959136383,0.0014800559517314442,unbiased_predictions,raw_lasso,14,2385192156,0.0,-0.00033848427209109695,False,True
500.0,0.014769903822214324,0.01845330830908233,-0.0001084563872371902,1.0000304018963437,3.040189634373469e-05,0.028133740789010264,0.014769903822214324,0.01845330830908233,-0.0003103481568153766,0.7371094568065041,-0.00033848427209111364,0.0009255841745852913,0.7147460412896555,-0.0021570244959136444,0.0014800559517314173,unbiased_predictions,residual_correction,14,2385192156,0.0,-0.00033848427209111364,False,True
500.0,0.014786766365985705,0.018474549629650897,-0.00010764508142998608,1.0000292421001633,2.9242100163306972e-05,0.027029350948079314,0.014786766365985705,0.018474549629650897,-0.00031179191794842296,0.7362243030598901,-0.0003388843270290675,0.0009266781235515366,0.7147460412896638,-0.0021595738855664207,0.0014818052315082855,unbiased_predictions,linear_recalibration,14,2385192156,0.0,-0.0003388843270290675,False,True
500.0,0.014798914107997035,0.018475566558822945,-5.882085181254126e-05,0.9999665805036702,-3.341949632984509e-05,-0.030888575539811797,0.014798914107997035,0.018475566558822945,-0.00036969888166276483,0.6895968301026448,-0.0003403569532655611,0.0009266354169454915,0.7135485725438672,-0.0021609626040578938,0.0014802486975267713,unbiased_predictions,umlr_oracle,14,2385192156,0.0,-0.0003403569532655611,False,True
500.0,0.02470445017774406,0.029890589557875765,-0.0030256077577342994,0.9986609539665073,-0.0013390460334926635,-0.7869102872174423,0.02470445017774406,0.029890589557875765,-0.0006053457076520815,0.691843511394835,-0.0010050568374712849,0.0009420120363482748,0.28652338371440234,-0.002855873679917688,0.0008457600049751187,unbiased_predictions,raw_lasso,15,3666365820,0.0,-0.0010050568374712849,False,True
500.0,0.015013322765542007,0.01868375964320993,-0.001678423511895339,0.9998231482419104,-0.000176851758089569,-0.16608576863131255,0.015013322765542007,0.01868375964320993,-0.0009520721099391508,0.31895301635489814,-0.0010050568374710789,0.0009420120363482618,0.2865233837144943,-0.002855873679917457,0.0008457600049752993,unbiased_predictions,residual_correction,15,3666365820,0.0,-0.0010050568374710789,False,True
500.0,0.015032978053767194,0.01870852434043834,-0.0016815498678406158,0.9998219288755327,-0.0001780711244673272,-0.16701026873400648,0.015032978053767194,0.01870852434043834,-0.0009528764778186897,0.31918346351077254,-0.0010062252477966032,0.0009431071551008854,0.28652338371455993,-0.0028591937232939684,0.000846743227700762,unbiased_predictions,linear_recalibration,15,3666365820,0.0,-0.0010062252477966032,False,True
500.0,0.015141872608411568,0.01885495335657186,-0.001734980295164867,0.9997777332550423,-0.00022226674495773313,-0.2068822813633984,0.015141872608411568,0.01885495335657186,-0.000938433054048967,0.3302610357291976,-0.0010049667656839131,0.0009429901210647055,0.28706608287006774,-0.0028577052987209454,0.0008477717673531192,unbiased_predictions,umlr_oracle,15,3666365820,0.0,-0.0010049667656839131,False,True
500.0,0.021172928143519995,0.025973496025413084,-0.0007175631039505959,0.9989091559443494,-0.0010908440556506305,-0.7212827359805963,0.021172928143519995,0.025973496025413084,9.270308883968689e-05,0.9422920523732323,-0.00017929067539140366,0.0008874974710267957,0.8399851292632318,-0.0019230001011993057,0.0015644187504164982,unbiased_predictions,raw_lasso,16,2369638403,0.0,-0.00017929067539140366,False,True
500.0,0.014861551333780127,0.018156923132439152,-0.0019926007723056216,1.0000883294403295,8.83294403295487e-05,0.08402370199485718,0.014861551333780127,0.018156923132439152,-0.0002012811861663993,0.8211047616039743,-0.00017929067539142817,0.0008874974710267932,0.8399851292632097,-0.0019230001011993252,0.0015644187504164687,unbiased_predictions,residual_correction,16,2369638403,0.0,-0.00017929067539142817,False,True
500.0,0.014877566088660735,0.018176626464455413,-0.0019937516361664153,1.0000873244728783,8.732447287829181e-05,0.0829771654690373,0.014877566088660735,0.018176626464455413,-0.0002012420623286984,0.8213306513127091,-0.00017950214069823632,0.0008885442344719779,0.8399851292632692,-0.0019252681935338677,0.0015662639121373952,unbiased_predictions,linear_recalibration,16,2369638403,0.0,-0.00017950214069823632,False,True
500.0,0.014842667518426084,0.01813572836216539,-0.0019622513353910447,1.0000549425629164,5.494256291638244e-05,0.05231647738509566,0.014842667518426084,0.01813572836216539,-0.00019175063807603342,0.8292746667973151,-0.00017808372768041774,0.0008885410598230343,0.8412320556209909,-0.0019238435431289385,0.001567676087768103,unbiased_predictions,umlr_oracle,16,2369638403,0.0,-0.00017808372768041774,False,True
500.0,0.022107711574365838,0.02702344946060785,0.00040044210119383195,0.9988553135855086,-0.0011446864144913915,-0.7281928629574601,0.022107711574365838,0.02702344946060785,-0.0026942356138549084,0.050331819729533996,-0.0016179189739954298,0.0009441081020620285,0.08720720180247174,-0.003472854058647027,0.00023701611065616744,unbiased_predictions,raw_lasso,17,303564736,0.0,-0.0016179189739954298,False,True
500.0,0.015011419600178244,0.018578079531073523,0.0014434517193756306,0.9999811655417907,-1.8834458209271432e-05,-0.017479143049830545,0.015011419600178244,0.018578079531073523,-0.0016319295793219752,0.08386986443014359,-0.001617918973995366,0.0009441081020620209,0.08720720180248162,-0.0034728540586469485,0.00023701611065621623,unbiased_predictions,residual_correction,17,303564736,0.0,-0.001617918973995366,False,True
500.0,0.015028577030960293,0.018599247791741328,0.0014441030702613063,0.9999800928914955,-1.9907108504524373e-05,-0.01845350272258421,0.015028577030960293,0.018599247791741328,-0.0016347593388968524,0.08368691722470326,-0.0016197408612659053,0.0009451712322685436,0.08720720180244058,-0.0034767647295168708,0.0002372830069850599,unbiased_predictions,linear_recalibration,17,303564736,0.0,-0.0016197408612659053,False,True
500.0,0.01502989519962273,0.018600373771838756,0.001440028016446206,0.999975547816356,-2.445218364399704e-05,-0.0226649312896177,0.01502989519962273,0.018600373771838756,-0.0016383979990345408,0.0830229931298295,-0.0016190894676207084,0.0009451652745489201,0.08733203599756299,-0.003476101630450303,0.00023792269520888634,unbiased_predictions,umlr_oracle,17,303564736,0.0,-0.0016190894676207084,False,True
500.0,0.021997040051193316,0.027345410882109643,-0.00293984166673625,0.9988480853146566,-0.0011519146853433693,-0.7439398951189153,0.021997040051193316,0.027345410882109643,-0.0013289144605465352,0.3466179390430293,-0.0011416908034514604,0.0009430877707962016,0.22662870556126488,-0.002994621193663072,0.0007112395867601511,unbiased_predictions,raw_lasso,18,2722004780,0.0,-0.0011416908034514604,False,True
500.0,0.014713234546456483,0.018371943226845364,-0.002671668633231839,0.9999672840534334,-3.271594656661936e-05,-0.031602637480360234,0.014713234546456483,0.018371943226845364,-0.0011469373863067333,0.22424915367231638,-0.0011416908034513245,0.0009430877707962015,0.22662870556132006,-0.0029946211936629358,0.0007112395867602869,unbiased_predictions,residual_correction,18,2722004780,0.0,-0.0011416908034513245,False,True
500.0,0.014729839416932285,0.01839312547468954,-0.0026749086253949413,0.9999662070119382,-3.379298806183151e-05,-0.03260547678156336,0.014729839416932285,0.01839312547468954,-0.001148390448619471,0.22419574885459287,-0.0011429688248816826,0.000944143473774934,0.2266287055614099,-0.0029979734060571733,0.0007120357562938079,unbiased_predictions,linear_recalibration,18,2722004780,0.0,-0.0011429688248816826,False,True
500.0,0.014731160650856154,0.018384459629757655,-0.0026701297784270535,0.9999870961187745,-1.2903881225545533e-05,-0.01245594382004623,0.014731160650856154,0.018384459629757655,-0.0011441316343965542,0.22571542125060753,-0.0011421064377534961,0.0009441563862140568,0.2269851732678983,-0.0029971363886258516,0.0007129235131188593,unbiased_predictions,umlr_oracle,18,2722004780,0.0,-0.0011421064377534961,False,True
500.0,0.020370098514878022,0.025547523086117404,0.0026273237758848325,0.9989562612997412,-0.0010437387002587561,-0.6910967228227691,0.020370098514878022,0.025547523086117404,-0.0013390277553116075,0.28516541074222274,-0.0005407627303820181,0.0009069386398009733,0.5512792726979444,-0.002322669165586505,0.0012411437048224685,unbiased_predictions,raw_lasso,19,1291285890,0.0,-0.0005407627303820181,False,True
500.0,0.014624085481770664,0.01854319888776482,0.0021477545044360368,1.0000818117917887,8.181179178867737e-05,0.07473965363441454,0.014624085481770664,0.01854319888776482,-0.0004771944979681573,0.5993839898331031,-0.0005407627303818296,0.0009069386398009724,0.5512792726980826,-0.002322669165586315,0.0012411437048226554,unbiased_predictions,residual_correction,19,1291285890,0.0,-0.0005407627303818296,False,True
500.0,0.014639041709382,0.018562877013083956,0.002150600657690845,1.0000808989475578,8.089894755780591e-05,0.07382763812029412,0.014639041709382,0.018562877013083956,-0.0004785012183602721,0.5987709659848143,-0.0005413715279328709,0.000907959682841694,0.5512792726978253,-0.002325284056036079,0.0012425410001703373,unbiased_predictions,linear_recalibration,19,1291285890,0.0,-0.0005413715279328709,False,True
500.0,0.014650621780760936,0.01857247884606211,0.0021479353093893892,1.0000876242041277,8.762420412766758e-05,0.07992179696226323,0.014650621780760936,0.01857247884606211,-0.0004745145487906423,0.6020174982198312,-0.0005425363753334216,0.0009080216295994578,0.5504505435737759,-0.0023265706132430657,0.0012414978625762225,unbiased_predictions,umlr_oracle,19,1291285890,0.0,-0.0005425363753334216,False,True
500.0,0.0218921400670718,0.026875983025881282,0.00016094985522419593,0.9988818314528467,-0.0011181685471532976,-0.7144146723550805,0.0218921400670718,0.026875983025881282,0.00041965774312276264,0.7602677985695212,-0.0004353822616601964,0.0009634235248403338,0.6515298261412378,-0.0023282672964373176,0.001457502773116925,unbiased_predictions,raw_lasso,20,1076503944,0.0,-0.0004353822616601964,False,True
500.0,0.014789318333105733,0.018835125506730492,0.0005453229701592122,1.0000527908235401,5.2790823540149745e-05,0.04814727154776075,0.014789318333105733,0.018835125506730492,-0.0004750574317428769,0.621939959070593,-0.000435382261660256,0.0009634235248403369,0.6515298261411944,-0.0023282672964373835,0.0014575027731168714,unbiased_predictions,residual_correction,20,1076503944,0.0,-0.000435382261660256,False,True
500.0,0.014806299882806372,0.018856326805690462,0.0005456206252105318,1.000051813594672,5.1813594672101004e-05,0.04720284536437422,0.014806299882806372,0.018856326805690462,-0.00047481992831634217,0.6225060903201257,-0.000435892221352316,0.0009645519749568508,0.6515298261410764,-0.0023309943769314247,0.0014592099342267927,unbiased_predictions,linear_recalibration,20,1076503944,0.0,-0.000435892221352316,False,True
500.0,0.014796990313767374,0.018833003508353378,0.0005253304731746837,0.9999873661375512,-1.2633862448763189e-05,-0.01152352225923027,0.014796990313767374,0.018833003508353378,-0.0004261706763716367,0.6582106197046824,-0.0004364873568057787,0.0009643978794029887,0.6510336405376684,-0.002331286753359069,0.0014583120397475115,unbiased_predictions,umlr_oracle,20,1076503944,0.0,-0.0004364873568057787,False,True
500.0,0.020715755839218617,0.0254383243577406,0.0006321360249410759,0.9989805236762493,-0.0010194763237506566,-0.7059989945639861,0.020715755839218617,0.0254383243577406,-0.0009252685959536865,0.47993688767261805,-0.0005690646402891479,0.0009281248509369282,0.5400684008372431,-0.0023925966544512626,0.0012544673738729667,unbiased_predictions,raw_lasso,21,3435209473,0.0,-0.0005690646402891479,False,True
500.0,0.014323602966378609,0.018219683945355294,-0.0015459103921629592,1.000129488985124,0.00012948898512399332,0.12561521487359067,0.014323602966378609,0.018219683945355294,-0.0005236299636717438,0.5755112392036619,-0.0005690646402894099,0.0009281248509369214,0.5400684008370535,-0.002392596654451511,0.001254467373872691,unbiased_predictions,residual_correction,21,3435209473,0.0,-0.0005690646402894099,False,True
500.0,0.014338046785342541,0.018238108907847137,-0.001545664685270637,1.0001285709924395,0.00012857099243945846,0.12459762657516016,0.014338046785342541,0.018238108907847137,-0.0005246046469615451,0.5751900401070824,-0.0005697186201390791,0.0009291914695735723,0.5400684008372846,-0.0023953462717888215,0.0012559090315106634,unbiased_predictions,linear_recalibration,21,3435209473,0.0,-0.0005697186201390791,False,True
500.0,0.014469113208490064,0.018411943090664906,-0.00165841813509261,1.0001882582456527,0.0001882582456527171,0.1808025790800988,0.014469113208490064,0.018411943090664906,-0.0005035941369002318,0.5939353336451031,-0.0005695726710226879,0.0009293986220927963,0.5402624419182841,-0.0023956073252973872,0.0012564619832520117,unbiased_predictions,umlr_oracle,21,3435209473,0.0,-0.0005695726710226879,False,True
500.0,0.021967656570215006,0.02730002406310117,0.0004257808345885721,0.9988408863111856,-0.0011591136888143838,-0.720835258376634,0.021967656570215006,0.02730002406310117,-0.0020530860552303728,0.12512479766085885,0.00046867846543489477,0.0009356042023448142,0.6166374618303002,-0.0013695485940367817,0.002306905524906571,unbiased_predictions,raw_lasso,22,2587513596,0.0,0.00046867846543489477,False,True
500.0,0.015109957709615323,0.01895883970782413,-0.0011357247213637648,0.9999736906659168,-2.630933408320768e-05,-0.02359929029201152,0.015109957709615323,0.01895883970782413,0.0004051992061362059,0.6627651470294726,0.00046867846543528123,0.0009356042023448113,0.6166374618300088,-0.0013695485940363897,0.0023069055249069523,unbiased_predictions,residual_correction,22,2587513596,0.0,0.00046867846543528123,False,True
500.0,0.015127433630530205,0.018980682116422527,-0.0011354777449937643,0.9999725482078903,-2.7451792109722817e-05,-0.024595609478290967,0.015127433630530205,0.018980682116422527,0.000403243737784158,0.664657362067672,0.00046920946648680085,0.0009366642186504032,0.6166374618301613,-0.0013711002585517162,0.0023095191915253176,unbiased_predictions,linear_recalibration,22,2587513596,0.0,0.00046920946648680085,False,True
500.0,0.015126011772959445,0.01897678216201104,-0.0011692303137284198,0.9999979740654754,-2.0259345245854377e-06,-0.001815720249846478,0.015126011772959445,0.01897678216201104,0.0004586703870693408,0.621839311624499,0.0004694632219220682,0.0009366511057267948,0.6164420091092508,-0.0013708207395179684,0.002309747183362105,unbiased_predictions,umlr_oracle,22,2587513596,0.0,0.0004694632219220682,False,True
500.0,0.02274960790737503,0.02778193707042932,-0.003914685638160315,0.9988582240833783,-0.001141775916621679,-0.7270122744597611,0.02274960790737503,0.02778193707042932,-0.00010538472383022729,0.9391663909157273,-0.0005713191275188556,0.0009484778533745622,0.5472134477089461,-0.0024348396750037,0.0012922014199659888,unbiased_predictions,raw_lasso,23,909259685,0.0,-0.0005713191275188556,False,True
500.0,0.01564733991000292,0.01924739650731888,-0.0036844165637587097,1.0000272482245256,2.724822452560005e-05,0.02526045670433352,0.01564733991000292,0.01924739650731888,-0.0005821855440639162,0.5392494754288343,-0.0005713191275188131,0.0009484778533745624,0.5472134477089761,-0.002434839675003658,0.0012922014199660318,unbiased_predictions,residual_correction,23,909259685,0.0,-0.0005713191275188131,False,True
500.0,0.015665043708447533,0.01926944847690214,-0.003688954662730332,1.0000261114262992,2.611142629915797e-05,0.024178965280106574,0.015665043708447533,0.01926944847690214,-0.0005823895971393392,0.5395705832080541,-0.0005719871266018265,0.0009495868348629187,0.5472134477090126,-0.0024376865439284705,0.0012937122907248177,unbiased_predictions,linear_recalibration,23,909259685,0.0,-0.0005719871266018265,False,True
500.0,0.01565839518376968,0.019266242970676334,-0.003693956729401357,1.0000047516658344,4.751665834357155e-06,0.004400990546207319,0.01565839518376968,0.019266242970676334,-0.0005734885293208962,0.545698302058518,-0.0005717978169342628,0.0009496425385838914,0.5473695153684663,-0.0024376066780694627,0.0012940110442009368,unbiased_predictions,umlr_oracle,23,909259685,0.0,-0.0005717978169342628,False,True
500.0,0.022162363787595587,0.027293269466384197,-0.0044768131456599395,0.998871787482108,-0.0011282125178919689,-0.7133649294564292,0.022162363787595587,0.027293269466384197,-0.0007484202214181259,0.578149961774776,-0.0005554921002665452,0.0009435022333506332,0.5562928010133729,-0.002409236805207381,0.001298252604674291,unbiased_predictions,raw_lasso,24,975394109,0.0,-0.0005554921002665452,False,True
500.0,0.015107700862548227,0.01887496393286079,-0.00034071137121742366,1.0000228769361812,2.287693618119313e-05,0.020636526814912133,0.015107700862548227,0.01887496393286079,-0.0005515340592384739,0.558782854016745,-0.0005554921002666897,0.0009435022333506358,0.5562928010132713,-0.0024092368052075312,0.0012982526046741516,unbiased_predictions,residual_correction,24,975394109,0.0,-0.0005554921002666897,False,True
500.0,0.01512456977772905,0.018896403146818973,-0.00034488737701242653,1.0000218502542064,2.1850254206423614e-05,0.019688099936040634,0.01512456977772905,0.018896403146818973,-0.0005523491867708559,0.5586470332114201,-0.0005561316726246559,0.0009445885457358444,0.5562928010134779,-0.0024120107083183146,0.0012997473630690028,unbiased_predictions,linear_recalibration,24,975394109,0.0,-0.0005561316726246559,False,True
500.0,0.015121063643673821,0.018894165719195256,-0.0003665214875667857,1.0000161705345232,1.617053452318551e-05,0.014572447354278564,0.015121063643673821,0.018894165719195256,-0.0005548713151352911,0.5567967380764623,-0.0005576824487655201,0.0009445372174698512,0.5551712390752439,-0.0024134606373197283,0.001298095739788688,unbiased_predictions,umlr_oracle,24,975394109,0.0,-0.0005576824487655201,False,True
500.0,0.022092979495758426,0.026795715104186223,0.0010925249881306627,0.9989267526406064,-0.0010732473593936254,-0.7003377169352998,0.022092979495758426,0.026795715104186223,-0.0006458043387005018,0.6374084640997897,0.00036461487117727537,0.0009796114990572873,0.709899960096703,-0.001560075463500227,0.002289305205854778,unbiased_predictions,raw_lasso,25,3471179377,0.0,0.00036461487117727537,False,True
500.0,0.01529617485315599,0.019177517308449618,0.0011255170882402013,1.000064576617962,6.457661796210878e-05,0.05893101374144486,0.01529617485315599,0.019177517308449618,0.0004245512557940282,0.6647862267605432,0.0003646148711772417,0.0009796114990572836,0.7098999600967275,-0.0015600754635002533,0.0022893052058547366,unbiased_predictions,residual_correction,25,3471179377,0.0,0.0003646148711772417,False,True
500.0,0.015312337125554024,0.01919824086046343,0.0011267666961339699,1.0000635714739217,6.357147392166418e-05,0.05795112727642412,0.015312337125554024,0.01919824086046343,0.0004240197360789683,0.6655198876824278,0.0003650298175700631,0.0009807263363549382,0.7098999600965477,-0.0015618508921424318,0.002291910527282558,unbiased_predictions,linear_recalibration,25,3471179377,0.0,0.0003650298175700631,False,True
500.0,0.015557778792561714,0.01958178179345681,0.001164532352825539,1.0000364822818282,3.6482281828176255e-05,0.032607003495201195,0.015557778792561714,0.01958178179345681,0.0003357605734142999,0.737158052304823,0.0003021136073992543,0.0010014719607571664,0.7630301577520674,-0.0016655270390965914,0.0022697542538951,unbiased_predictions,umlr_oracle,25,3471179377,0.0,0.0003021136073992543,False,True
500.0,0.021636056922371923,0.026343224618992394,4.917209869475414e-05,0.9989156731657074,-0.0010843268342926038,-0.7152623954922349,0.021636056922371923,0.026343224618992394,-0.0007807857142363197,0.5564910167473148,0.0005901073892383836,0.0009300853216738,0.5260687688548888,-0.0012372764570860793,0.0024174912355628465,unbiased_predictions,raw_lasso,26,547389944,0.0,0.0005901073892383836,False,True
500.0,0.014503457395930865,0.018438388067564846,0.00026112025535356056,1.0000568123734372,5.681237343724277e-05,0.05354721672803838,0.014503457395930865,0.018438388067564846,0.00065934318806398,0.4779400466881726,0.0005901073892381888,0.0009300853216738038,0.526068768855027,-0.0012372764570862818,0.002417491235562659,unbiased_predictions,residual_correction,26,547389944,0.0,0.0005901073892381888,False,True
500.0,0.01451931678604975,0.018458478733486453,0.0002612264449308199,1.0000558442611402,5.584426114024765e-05,0.05257744824104324,0.01451931678604975,0.018458478733486453,0.0006587921644459428,0.47878749035383356,0.000590780942979104,0.000931146929203389,0.5260687688549484,-0.0012386886952673475,0.0024202505812255556,unbiased_predictions,linear_recalibration,26,547389944,0.0,0.000590780942979104,False,True
500.0,0.014590898076563384,0.018547755750161918,0.00026999062966627464,1.0001178555087964,0.00011785550879639395,0.11042766809589487,0.014590898076563384,0.018547755750161918,0.000734515315193936,0.43191907094447785,0.0005882346660859969,0.0009312141664760981,0.5278827136151266,-0.0012413670764987947,0.0024178364086707886,unbiased_predictions,umlr_oracle,26,547389944,0.0,0.0005882346660859969,False,True
500.0,0.02317825573965379,0.02823422000952744,-0.002485916534789638,0.9988010898131255,-0.0011989101868744578,-0.7533988097228642,0.02317825573965379,0.02823422000952744,0.00015682676625120923,0.9117723016608902,0.0008920499438180382,0.0009307490085073306,0.33831620760833836,-0.0009366378802924943,0.0027207377679285705,unbiased_predictions,raw_lasso,27,2795558905,0.0,0.0008920499438180382,False,True
500.0,0.014796760994004992,0.018569272864592645,-0.0016686853972443245,1.0000072522291612,7.252229161203161e-06,0.006930449928947831,0.014796760994004992,0.018569272864592645,0.0008956417468005615,0.3356677879537404,0.0008920499438179261,0.0009307490085073284,0.338316207608398,-0.0009366378802926023,0.0027207377679284543,unbiased_predictions,residual_correction,27,2795558905,0.0,0.0008920499438179261,False,True
500.0,0.01481486000441467,0.01859160949209982,-0.0016715627745794422,1.0000059852387837,5.985238783701163e-06,0.005712827940165939,0.01481486000441467,0.01859160949209982,0.000895940763805697,0.33608575772160415,0.0008931260608827217,0.0009318718098681103,0.33831620760822834,-0.0009377677856447947,0.002724019907410238,unbiased_predictions,linear_recalibration,27,2795558905,0.0,0.0008931260608827217,False,True
500.0,0.01481737045957098,0.01859280610388514,-0.001681213354785072,0.9999937975334589,-6.202466541149754e-06,-0.005920064039460549,0.01481737045957098,0.01859280610388514,0.0008869551832744759,0.3409677084146242,0.0008916044084449946,0.0009318901435601272,0.33914858465877584,-0.0009393254591784948,0.002722534276068484,unbiased_predictions,umlr_oracle,27,2795558905,0.0,0.0008916044084449946,False,True
500.0,0.023038342398085773,0.028320335947621504,-0.0010391848974030183,0.9987731995479883,-0.0012268004520117337,-0.7581184210633172,0.023038342398085773,0.028320335947621504,-0.0013763475266827347,0.3309496668768411,-0.0001036239794901021,0.0009254017166457937,0.9108866203568567,-0.0019218057193289575,0.0017145577603487534,unbiased_predictions,raw_lasso,28,859544121,0.0,-0.0001036239794901021,False,True
500.0,0.014752787066595474,0.018519943963587363,-0.0006952328853002143,0.9999213738608593,-7.862613914066952e-05,-0.07430233415833322,0.014752787066595474,0.018519943963587363,-0.00018491935532424688,0.8417483419870466,-0.00010362397949003471,0.000925401716645796,0.9108866203569147,-0.001921805719328895,0.0017145577603488254,unbiased_predictions,residual_correction,28,859544121,0.0,-0.00010362397949003471,False,True
500.0,0.01477024555462578,0.01854245973090288,-0.0006963143950850182,0.999920338845495,-7.966115450497302e-05,-0.07518905638714644,0.01477024555462578,0.01854245973090288,-0.00018611204254442474,0.8409319682102018,-0.00010374299663948258,0.0009264645852486182,0.9108866203568132,-0.001924013006092218,0.0017165270128132529,unbiased_predictions,linear_recalibration,28,859544121,0.0,-0.00010374299663948258,False,True
500.0,0.014756615938730079,0.01850500427338265,-0.0006834292415703516,0.9999604197524461,-3.958024755390532e-05,-0.037433001577985556,0.014756615938730079,0.01850500427338265,-0.00014338770434178227,0.8768716819078606,-0.00010260627614616662,0.0009265896635671829,0.9118708765356666,-0.001923122033051898,0.0017179094807595649,unbiased_predictions,umlr_oracle,28,859544121,0.0,-0.00010260627614616662,False,True
500.0,0.02191745758009717,0.02673388652187648,-0.0019218626149443666,0.9988887557039519,-0.0011112442960481417,-0.7227905875503716,0.02191745758009717,0.02673388652187648,0.0029068487753751188,0.031475378377602475,0.0011680591072898855,0.0009380899318421237,0.21366476755405012,-0.0006750517857655111,0.003011170000345282,unbiased_predictions,raw_lasso,29,3038271848,0.0,0.0011680591072898855,False,True
500.0,0.014928196540581523,0.018449301640311278,-0.0006035842730487389,1.0000388524106447,3.885241064471856e-05,0.03654353061070062,0.014928196540581523,0.018449301640311278,0.0010995352881002461,0.24013225878049446,0.001168059107289853,0.0009380899318421215,0.21366476755406166,-0.0006750517857655393,0.003011170000345245,unbiased_predictions,residual_correction,29,3038271848,0.0,0.001168059107289853,False,True
500.0,0.014945335096439017,0.018469946020041064,-0.0006054100826870083,1.0000379100248835,3.7910024883514026e-05,0.03561736568063832,0.014945335096439017,0.018469946020041064,0.0011023513756903776,0.23945376048723405,0.0011694028807205268,0.0009391691412059773,0.21366476755411673,-0.000675828387436327,0.0030146341488773805,unbiased_predictions,linear_recalibration,29,3038271848,0.0,0.0011694028807205268,False,True
500.0,0.014945413013853801,0.018458792494545434,-0.0006445727381537906,1.000003868799309,3.8687993089148165e-06,0.003637288770144188,0.014945413013853801,0.018458792494545434,0.0011535790840587173,0.21797301459669308,0.001167122097280808,0.0009391291227259153,0.21453836901485585,-0.0006780305446228243,0.0030122747391844403,unbiased_predictions,umlr_oracle,29,3038271848,0.0,0.001167122097280808,False,True
500.0,8.153963200988976,10.234691321913786,-0.31782739754654254,0.6560081089943287,-0.3439918910056713,-0.5736007473705632,8.033743529791547,10.049578349689575,1.7448930961785079,0.00012262453192638846,1.4226160285231129,0.37021183431446475,0.00013745575048042233,0.6952428403010644,2.149989216745161,regression_to_mean,raw_lasso,0,3062092253,2.3402324841157727,-0.9176164555926598,True,False
500.0,6.637677253602602,8.402113566453792,-0.4380553889550004,1.0253339027996462,0.025333902799646202,0.051502860590536166,6.568553410592187,8.321123470866457,1.3941265122007036,0.00018410133483572958,1.4226160285231124,0.3702118343144647,0.0001374557504804227,0.6952428403010641,2.1499892167451606,regression_to_mean,residual_correction,0,3062092253,2.3402324841157727,-0.9176164555926603,True,False
500.0,8.153993811512004,10.235800393314015,-0.31929304303548867,0.6575025657346637,-0.3424974342653363,-0.5710493722881772,8.031812314272077,10.047944760637693,1.746704520954237,0.00012081810342529049,1.4258569002190333,0.37105521652812545,0.00013745575048042447,0.6968266779619273,2.1548871224761394,regression_to_mean,linear_recalibration,0,3062092253,2.3402324841157727,-0.9143755838967393,True,False
500.0,10.552897735012387,13.363511992160634,-0.7315968918085604,1.038545569146528,0.03854556914652796,0.0492756534510292,9.97803160517864,12.671243437720449,2.197209143157181,0.00021058420897131358,2.2407934501800377,0.5889714076774458,0.00015973846013030168,1.0836126934728412,3.397974206887234,regression_to_mean,umlr_oracle,0,3062092253,2.3402324841157727,-0.09943903393573494,True,True
500.0,8.627608425097216,10.686738681142968,0.6241468302042876,0.6907990683945672,-0.3092009316054328,-0.5068241227745722,8.789768972144639,10.899695049141375,0.4491722340685083,0.3435161274677757,0.8914249578174834,0.4085746563392983,0.029592588514192435,0.08867846820686853,1.6941714474280984,regression_to_mean,raw_lasso,1,2876072979,2.424031120094358,-1.5326061622768745,True,False
500.0,7.536787796526278,9.319145403748927,0.4069337831730279,1.0828736760069928,0.0828736760069928,0.15565915663734328,7.43435124705861,9.231550277502851,1.002476795025345,0.015157786213774952,0.8914249578174844,0.4085746563392983,0.02959258851419226,0.08867846820686953,1.6941714474280993,regression_to_mean,residual_correction,1,2876072979,2.424031120094358,-1.5326061622768734,True,False
500.0,8.63158116089459,10.69090082381732,0.624306284837521,0.6923695740086243,-0.3076304259913757,-0.5040532978473627,8.788966072924858,10.899761120384476,0.45340177160012013,0.33917563656421795,0.8934515788203411,0.4095035354025454,0.02959258851419246,0.08888007535797326,1.698023082282709,regression_to_mean,linear_recalibration,1,2876072979,2.424031120094358,-1.5305795412740166,True,False
500.0,12.341020842998292,15.225812231691883,0.695939142408984,1.13019682755621,0.13019682755620998,0.14969034465265563,11.834757948503713,14.561769674427817,1.6633084152517295,0.013633897462938189,1.4894319737698367,0.6679587376449563,0.02620489520439243,0.17706097001393784,2.8018029775257354,regression_to_mean,umlr_oracle,1,2876072979,2.424031120094358,-0.9345991463245211,True,True
500.0,8.398851168213454,10.35552278721854,-0.36372710588188406,0.6641145186308118,-0.33588548136918817,-0.5664397886701588,7.825764044913619,9.820737224749315,1.198877398212945,0.008373185739952597,1.2549776885195083,0.3720006693793818,0.0007999023950634224,0.5240898890836355,1.985865487955381,regression_to_mean,raw_lasso,2,4151270842,2.2992864298761067,-1.0443087413565983,True,False
500.0,6.889214856255032,8.53763804563335,0.38822208357018134,1.001738578281395,0.001738578281395009,0.0035577256839420704,6.418293508241441,8.03965058618762,1.2551491114177913,0.0007884853688028235,1.2549776885195076,0.37200066937938175,0.000799902395063426,0.524089889083635,1.9858654879553803,regression_to_mean,residual_correction,2,4151270842,2.2992864298761067,-1.044308741356599,True,False
500.0,8.399396755963522,10.356472089401153,-0.35951869952595844,0.6656143501456581,-0.33438564985434194,-0.5638506979221616,7.823636094792555,9.818430368452459,1.2019613401700115,0.008212962041533831,1.257811921223155,0.3728407930505664,0.0007999023950634258,0.5252734899690372,1.990350352477273,regression_to_mean,linear_recalibration,2,4151270842,2.2992864298761067,-1.0414745086529515,True,False
500.0,10.4060048069177,12.886484242835664,0.5758917121682212,1.0004926735518782,0.0004926735518782088,0.0006679214691898767,9.547032771749032,11.865145770242295,1.8722690627835892,0.0009103029055946203,1.8723635145186779,0.5616592837145706,0.0009211907284627066,0.7688442155030732,2.9758828135342825,regression_to_mean,umlr_oracle,2,4151270842,2.2992864298761067,-0.42692291535742877,True,True
500.0,8.450487266497197,10.560335730896341,-0.38415940305052704,0.6964366928342978,-0.30356330716570223,-0.4934422208805848,7.9071007248186165,9.993336485780189,1.0219121433676306,0.024358908005466338,1.041164596607691,0.39323416929131616,0.008361696034564528,0.26855830765714406,1.813770885558238,regression_to_mean,raw_lasso,3,3874260438,2.2610371836619896,-1.2198725870542986,True,False
500.0,7.272066521130462,9.201703827904629,0.08564553582940465,1.0372631014684603,0.03726310146846035,0.069471515037147,6.697224693543166,8.425848631721902,1.0435106338625337,0.008306965944066587,1.0411645966076906,0.39323416929131616,0.008361696034564568,0.2685583076571436,1.8137708855582375,regression_to_mean,residual_correction,3,3874260438,2.2610371836619896,-1.219872587054299,True,False
500.0,8.453609409179935,10.565133343957024,-0.38186114303625956,0.6980465106581235,-0.3019534893418765,-0.49059840934262955,7.907676042206598,9.993395129277099,1.0244207820886024,0.02407523608483059,1.0435712551631644,0.394143132562746,0.008361696034564534,0.269179081885227,1.817963428441102,regression_to_mean,linear_recalibration,3,3874260438,2.2610371836619896,-1.2174659284988252,True,False
500.0,10.990032621992944,13.866178099463442,0.0816714886380704,1.0516444802905132,0.05164448029051316,0.06389279397751214,10.12162032125083,12.599150768858602,1.584957068786961,0.007805909629715108,1.5817076447877076,0.5927421111623314,0.007869029853374796,0.41711840363613883,2.7462968859392767,regression_to_mean,umlr_oracle,3,3874260438,2.2610371836619896,-0.6793295388742819,True,True
500.0,9.015198075961175,11.097369582537707,-0.5367847927826502,0.5676368270331694,-0.4323631729668306,-0.6835239598293286,8.964660071457107,11.078589744466985,0.7421016158971332,0.12378308150354903,0.9398751304475028,0.3501433732989924,0.0075117681319822,0.2519314231834694,1.6278188377115361,regression_to_mean,raw_lasso,4,1261045927,2.2173625638315855,-1.2774874333840827,True,False
500.0,6.510805169832296,8.138811983099982,-0.6099391320496693,0.9635848176700492,-0.03641518232995078,-0.07862504713975,6.525299426288935,8.155186284196345,0.9226006345073806,0.008814083473097041,0.9398751304475013,0.3501433732989925,0.007511768131982304,0.25193142318346773,1.6278188377115348,regression_to_mean,residual_correction,4,1261045927,2.2173625638315855,-1.2774874333840842,True,False
500.0,9.011289666932141,11.095457169060133,-0.538426639895588,0.5689284671289829,-0.43107153287101707,-0.6816046372026633,8.959862312380352,11.074372328144932,0.7448275530697582,0.1223383808215891,0.9420137873240991,0.3509401137476349,0.00751176813198222,0.2525046853681654,1.6315228892800329,regression_to_mean,linear_recalibration,4,1261045927,2.2173625638315855,-1.2753487765074865,True,False
500.0,11.027506081967944,13.794932721826513,-1.014838846471629,0.9607137379483396,-0.039286262051660414,-0.05003984429631836,10.502894199690084,13.191022356231338,1.618464371682703,0.006704376154037567,1.6375480596649168,0.5944095546460934,0.0060861088020494405,0.4696827112403055,2.805413408089528,regression_to_mean,umlr_oracle,4,1261045927,2.2173625638315855,-0.5798145041666687,True,True
500.0,8.715685195567676,10.717436235758692,-0.6961395681580916,0.6403306488908188,-0.3596693511091812,-0.5839778300743393,8.561577913435544,10.50491792583811,0.16195666563964561,0.7531038144237112,0.7391614217613073,0.4184155594329859,0.07791361662251946,-0.08291996855958494,1.5612428120821995,regression_to_mean,raw_lasso,5,960800307,1.891464788258599,-1.152303366497292,False,False
500.0,6.954703722104229,8.744721051359017,-0.34671615095328784,1.0569434204988613,0.05694342049886125,0.11316313474876012,6.634189561490603,8.222883128216605,0.8243215918875636,0.0496177955510682,0.7391614217613065,0.41841555943298586,0.07791361662251972,-0.08291996855958561,1.5612428120821986,regression_to_mean,residual_correction,5,960800307,1.891464788258599,-1.1523033664972926,False,False
500.0,8.71470844549504,10.718795554815792,-0.6957971740128617,0.6418682950647423,-0.3581317049352577,-0.5814059632078173,8.559441629715794,10.502126659970187,0.16616340978522512,0.7469385712240579,0.7409363933858146,0.41942031390661094,0.07791361662251925,-0.0831190868941798,1.564991873665809,regression_to_mean,linear_recalibration,5,960800307,1.891464788258599,-1.1505283948727845,False,False
500.0,11.556834711193186,14.56446327586961,-0.5310002401705657,1.0776078183060673,0.07760781830606733,0.09259031738707467,10.82641254904629,13.53696121346772,1.3601973117715884,0.051805765943433085,1.2458665440112728,0.6984118596967208,0.07505700843059425,-0.1263371890768059,2.618070277099352,regression_to_mean,umlr_oracle,5,960800307,1.891464788258599,-0.6455982442473263,False,True
500.0,8.237309093607498,10.13540670007054,0.30918545112397955,0.6693983854562799,-0.33060161454372006,-0.5705214225989839,7.969501722706039,9.907704292794959,1.1450226304975804,0.014533768989506153,1.1887590146305862,0.38246732789832066,0.0019905914156785193,0.4373068623801968,1.9402111668809756,regression_to_mean,raw_lasso,6,3846979264,2.2125338783074557,-1.0237748636768695,True,False
500.0,6.7218532447558506,8.351931969306687,-0.37376238536863,1.0357212511298255,0.03572125112982549,0.07484814305698499,6.471461699645198,8.085311244920495,1.1934144488434475,0.00194656928101375,1.1887590146305824,0.38246732789832066,0.001990591415678582,0.437306862380193,1.9402111668809718,regression_to_mean,residual_correction,6,3846979264,2.2125338783074557,-1.0237748636768733,True,False
500.0,8.23774245500967,10.13570854475232,0.30564089001933953,0.6709241077969079,-0.3290758922030921,-0.5678655169651944,7.9667778245070044,9.904701021711587,1.1479335082890936,0.01428786693679309,1.1914684866365695,0.3833390643103185,0.0019905914156785397,0.4383035914792488,1.9446333817938901,regression_to_mean,linear_recalibration,6,3846979264,2.2125338783074557,-1.0210653916708863,True,False
500.0,10.662896714859613,13.181163085298866,-0.7287049250421328,1.059345547962231,0.059345547962230905,0.07883246245496803,9.928386256326542,12.359600113727701,1.8507493286040122,0.0023224793376609098,1.843007980311159,0.6033076335930772,0.0023727285531104426,0.657660143611412,3.028355817010906,regression_to_mean,umlr_oracle,6,3846979264,2.2125338783074557,-0.36952589799629676,True,True
500.0,8.317810332016611,10.207014108867158,-0.8511458064637177,0.7083657842245813,-0.2916342157754187,-0.5005595511784853,7.976043744465832,10.021822567926408,1.8833488326647967,4.9081625753807975e-05,1.7468958902967204,0.3976135870611608,1.3645681578577607e-05,0.9656851463543258,2.528106634239115,regression_to_mean,raw_lasso,7,1792811049,2.2997035208716246,-0.5528076305749041,True,True
500.0,7.127170574739771,8.853887052910958,-0.7052067961723443,1.0342676160545188,0.03426761605451878,0.06778485176873297,6.7919065538828525,8.563471428911575,1.729505716505844,1.6993545209318947e-05,1.746895890296722,0.3976135870611608,1.3645681578577374e-05,0.9656851463543273,2.5281066342391165,regression_to_mean,residual_correction,7,1792811049,2.2997035208716246,-0.5528076305749026,True,True
500.0,8.321232639195147,10.210280388434088,-0.8520324848937298,0.7099229926141537,-0.2900770073858463,-0.49773000732689415,7.974086977691083,10.021683541341067,1.8864512987998066,4.7938630524225477e-05,1.7507361109802446,0.39848766543615943,1.3645681578577532e-05,0.9678080227623597,2.5336641991981295,regression_to_mean,linear_recalibration,7,1792811049,2.2997035208716246,-0.5489674098913799,True,True
500.0,10.662548663483301,13.223512170368506,-0.9725004894132266,1.045558991614068,0.045558991614067956,0.06031227307477546,9.91483105113433,12.476100096388773,2.6056624187610047,1.441831206580734e-05,2.6289957512110678,0.594256309052005,1.1913527738919384e-05,1.4614314918549878,3.7965600105671475,regression_to_mean,umlr_oracle,7,1792811049,2.2997035208716246,0.3292922303394432,True,True
500.0,8.81976427868408,11.253353310699017,0.28269759404877126,0.5801554069073395,-0.41984459309266053,-0.6436641076057633,8.763591960563085,10.970176445643752,1.1928344629118701,0.020315849341193463,1.3357185977262849,0.3901699684783078,0.0006694584570098593,0.5691326930750071,2.102304502377563,regression_to_mean,raw_lasso,8,2613866778,1.9254616617062443,-0.5897430639799595,True,True
500.0,6.798998573108984,8.633199622222621,0.6061568492227893,0.9883886574362136,-0.011611342563786375,-0.02325409222855317,6.428762450358264,8.068972273572689,1.3312860917973897,0.0006900807992534192,1.3357185977262842,0.39016996847830776,0.0006694584570098608,0.5691326930750066,2.102304502377562,regression_to_mean,residual_correction,8,2613866778,1.9254616617062443,-0.5897430639799601,True,True
500.0,8.818221124049051,11.253827794395322,0.28532086697986336,0.5815710847860864,-0.41842891521391357,-0.6414704428642394,8.759376375648225,10.966660785043677,1.1965727615429238,0.019928577178188876,1.338977978313828,0.3911220495702873,0.0006694584570098593,0.5705214736570119,2.1074344829706444,regression_to_mean,linear_recalibration,8,2613866778,1.9254616617062443,-0.5864836833924163,True,True
500.0,11.527421676793372,14.610905203009956,0.9116698479776435,0.9774938383602488,-0.022506161639751165,-0.026618709020378127,10.691685544360816,13.524897001012562,2.239242492021651,0.0007499607662230239,2.2477076138760927,0.6607107069496555,0.0007230201837258932,0.949577168380398,3.5458380593717873,regression_to_mean,umlr_oracle,8,2613866778,1.9254616617062443,0.3222459521698484,True,True
500.0,9.114265547412232,11.30726173038458,-0.3786866558250186,0.596494318120141,-0.403505681879859,-0.605430039729478,8.750877814427033,10.886823579659447,0.6177172794173856,0.23972251156170726,0.7670279312802413,0.41735250757837894,0.06668240076628056,-0.052964829383085665,1.587020691943568,regression_to_mean,raw_lasso,9,3505286841,1.8317017819426553,-1.064673850662414,False,False
500.0,7.204185762644019,8.999296743504535,-0.23678765250194506,0.9893976173289478,-0.01060238267105218,-0.019983582649506632,6.646213160297579,8.316027754154229,0.7627758897965039,0.06792837348051606,0.7670279312802435,0.41735250757837894,0.06668240076627979,-0.052964829383083445,1.5870206919435703,regression_to_mean,residual_correction,9,3505286841,1.8317017819426553,-1.0646738506624118,False,False
500.0,9.11524505293295,11.309647552624783,-0.3787263635602493,0.5978453303110159,-0.40215466968898406,-0.6032755846592265,8.749826812737213,10.885395707464864,0.6199525611419717,0.23812292067717186,0.7687651885422512,0.41829777781566746,0.0666824007662802,-0.05308479050930237,1.5906151675938047,regression_to_mean,linear_recalibration,9,3505286841,1.8317017819426553,-1.062936593400404,False,False
500.0,11.805935844988817,14.735818973225998,-0.30729984844921854,0.9789713572662361,-0.021028642733763925,-0.02420245843626741,10.840438855618894,13.542062985080952,1.2124154105255829,0.07645934647962088,1.2207165250226382,0.6835431162867793,0.07473050256537991,-0.1222738650642059,2.5637069151094822,regression_to_mean,umlr_oracle,9,3505286841,1.8317017819426553,-0.6109852569200172,False,True
500.0,8.433880056378014,10.530865713221273,-0.40170370223169044,0.6732096656941337,-0.32679033430586635,-0.543879835390485,8.41169788246329,10.52749153787146,0.7783539123800609,0.08617850121701326,0.7649530919787736,0.37986253553556326,0.04457286089411713,0.018618701911928937,1.5112874820456184,regression_to_mean,raw_lasso,10,215519587,2.42294112867793,-1.6579880366991562,True,False
500.0,6.9567437790591,8.860840022694237,-0.3649466369635602,1.0361274702243906,0.03612747022439056,0.07146821847759173,6.904480717723601,8.70015632206136,0.7634665718523959,0.04532610203869578,0.764953091978771,0.37986253553556326,0.04457286089411782,0.018618701911926383,1.5112874820456157,regression_to_mean,residual_correction,10,215519587,2.42294112867793,-1.6579880366991588,True,False
500.0,8.434495336400838,10.533302507429033,-0.40241258303753374,0.6747981844751488,-0.32520181552485117,-0.5411120496216719,8.409962609807085,10.52624981886231,0.7800937370559823,0.0855485096515749,0.766758090354653,0.3807588666529725,0.044572860894116946,0.01866263496751719,1.5148535457417889,regression_to_mean,linear_recalibration,10,215519587,2.42294112867793,-1.656183038323277,True,False
500.0,10.978687466655764,13.980098302666537,-0.5824178269337072,1.0636515320613977,0.06365153206139773,0.0798100309094447,10.517156472903629,13.277004015053862,1.2502117514275208,0.03772272919346312,1.25283022966973,0.5987391612397212,0.03690515551341706,0.07645829269268667,2.4292021666467734,regression_to_mean,umlr_oracle,10,215519587,2.42294112867793,-1.1701108990081999,True,True
500.0,7.60936579433231,9.589776342793582,0.14932603762738028,0.6213025238150683,-0.37869747618493166,-0.6425203316857533,7.980086585646464,10.00224746887637,1.2066718621756993,0.0033425041007677046,0.7992281444338123,0.31536750423669496,0.011573914150478015,0.17961027769801474,1.41884601116961,regression_to_mean,raw_lasso,11,3273177748,2.206487316626333,-1.4072591721925205,True,False
500.0,5.957437579923126,7.366619926980618,-0.2647957255085682,1.028294907956565,0.028294907956565085,0.06252749892856253,6.030753862660043,7.535861600245403,0.7646376701758968,0.015584903678875297,0.7992281444338106,0.31536750423669496,0.011573914150478181,0.17961027769801308,1.4188460111696082,regression_to_mean,residual_correction,11,3273177748,2.206487316626333,-1.4072591721925223,True,False
500.0,7.607479203533892,9.587665002575042,0.1471887838009019,0.622832003967432,-0.377167996032568,-0.6400640740115581,7.9738442391662305,9.996149657250648,1.2069686791875678,0.003327778764480621,0.8011956297364882,0.31614385443638304,0.011573914150478098,0.1800524300221552,1.4223388294508212,regression_to_mean,linear_recalibration,11,3273177748,2.206487316626333,-1.4052916868898446,True,False
500.0,9.919227541215799,12.251268636838962,-0.41747498728397653,1.0368734586000456,0.03687345860004565,0.04899315302514698,9.34040381084676,11.683981510671066,1.2076561183978687,0.021677811971024436,1.2537586328784274,0.5252913901782541,0.017369387049601847,0.22169310226926675,2.2858241634875878,regression_to_mean,umlr_oracle,11,3273177748,2.206487316626333,-0.9527286837479054,True,True
500.0,8.771865580226088,10.865487871083825,0.19121408468862217,0.6344911379634789,-0.3655088620365211,-0.5748600923647135,8.338167075038973,10.437062145422518,1.8727733128670803,9.688008143959928e-05,1.8825655402699346,0.3872015398560648,1.561483103769153e-06,1.1218118516388946,2.6433192289009746,regression_to_mean,raw_lasso,12,3189944105,2.1165660528991204,-0.23400051262918575,True,True
500.0,7.088679159712888,8.907049819974485,0.0924367561289524,0.9675795902625272,-0.032420409737472844,-0.0621948214910831,6.721602277948125,8.432548808730214,1.881692709974003,1.6167293587371538e-06,1.8825655402699355,0.3872015398560648,1.561483103769138e-06,1.1218118516388955,2.6433192289009755,regression_to_mean,residual_correction,12,3189944105,2.1165660528991204,-0.23400051262918486,True,True
500.0,8.771592219684173,10.867862683701803,0.1909780365005307,0.6359129768952348,-0.36408702310476515,-0.5724984862223114,8.336053754749521,10.436267968354091,1.8770300402724158,9.367956967099487e-05,1.8867842043561323,0.38806922451052706,1.561483103769187e-06,1.124325733503162,2.6492426752091025,regression_to_mean,linear_recalibration,12,3189944105,2.1165660528991204,-0.2297818485429881,True,True
500.0,11.009793892127263,13.830581248937488,0.08766137006157183,0.980893156882862,-0.01910684311713795,-0.02360496976997573,10.196282950207463,12.870627045301799,2.926413405577548,1.5570596965066934e-06,2.926932323816571,0.6022646614328829,1.5773850280522717e-06,1.7436336652226299,4.1102309824105125,regression_to_mean,umlr_oracle,12,3189944105,2.1165660528991204,0.8103662709174508,True,True
500.0,8.580645030814987,10.526207246124835,-0.04886639229097841,0.6226931498404837,-0.37730685015951626,-0.6175649464902099,8.2751071283594,10.34462617697609,0.7488905229908022,0.09953688366532713,0.7614988108273969,0.3566446565567737,0.03323504075518561,0.06078171629576412,1.4622159053590296,regression_to_mean,raw_lasso,13,3557477972,2.571098135245232,-1.8095993244178352,True,False
500.0,6.601480737332119,8.308747217932721,0.5278215355735855,1.0269218398080446,0.026921839808044634,0.05593742305281385,6.614203937445811,8.186115585934816,0.7623951496221021,0.03312674840261446,0.761498810827397,0.35664465655677374,0.03323504075518561,0.06078171629576412,1.46221590535903,regression_to_mean,residual_correction,13,3557477972,2.571098135245232,-1.809599324417835,True,False
500.0,8.580066178685108,10.52596679820297,-0.045511632963680826,0.6242093561174165,-0.37579064388258354,-0.61509643583979,8.272259170664107,10.341503027094154,0.750795356071139,0.09866929395206916,0.7633529973993043,0.3575130567745125,0.0332350407551858,0.0609297147437855,1.465776280054823,regression_to_mean,linear_recalibration,13,3557477972,2.571098135245232,-1.8077451378459277,True,False
500.0,10.873410834177703,13.634452874784333,0.850273350875714,1.0239182301502936,0.023918230150293596,0.03028256431150079,10.439864794405697,12.889754968121967,1.2772469773295425,0.029617464757332505,1.2764530646006176,0.5858271499243771,0.02980883168901142,0.12544998395468587,2.4274561452465493,regression_to_mean,umlr_oracle,13,3557477972,2.571098135245232,-1.2946450706446144,True,False
500.0,8.503249888132613,10.495909586018957,0.30001716855346283,0.6725509632528511,-0.32744903674714887,-0.528179663019384,8.588224945599686,10.511268236403412,0.5959729707527025,0.21894957437752402,0.7584492667366372,0.41093601907180405,0.06553577132019715,-0.04893670702896691,1.565835240502241,regression_to_mean,raw_lasso,14,782943056,2.2725475859704973,-1.5140983192338602,False,False
500.0,7.281713376144894,8.953300387656153,-0.29341129796160875,1.0497618875439343,0.04976188754393429,0.09410822173801936,7.065582565116166,8.829870264970534,0.7824397850206837,0.05819190428078702,0.7584492667366372,0.410936019071804,0.06553577132019713,-0.0489367070289668,1.565835240502241,regression_to_mean,residual_correction,14,782943056,2.2725475859704973,-1.5140983192338602,False,False
500.0,8.506078898972124,10.499531838518227,0.2970214775220855,0.6741334177365252,-0.32586658226347476,-0.5254413917049158,8.588151698690629,10.511242010714303,0.5985383605864792,0.21713252785126178,0.7602338325292155,0.41190291612706686,0.06553577132019722,-0.04905185088524777,1.5695195159436788,regression_to_mean,linear_recalibration,14,782943056,2.2725475859704973,-1.5123137534412818,False,False
500.0,11.435227125345996,14.072876556136942,-0.4306745487960975,1.05359734309083,0.053597343090830085,0.06448287515879805,10.786685269472585,13.419277466019059,1.2419645306732447,0.0557670451969669,1.2164453536662752,0.6474062860057328,0.06083602743828659,-0.055545249224579596,2.48843595655713,regression_to_mean,umlr_oracle,14,782943056,2.2725475859704973,-1.0561022323042222,False,True
500.0,8.527734334443803,10.440839164640998,-1.2306074453294502,0.6062396946007946,-0.39376030539920537,-0.6489944949617078,8.545100078403344,10.451609472088903,0.6006922939517613,0.18363092794542432,0.9519251564719454,0.34201161291802556,0.005585619859026612,0.2799583141428601,1.6238919988010307,regression_to_mean,raw_lasso,15,817403743,1.9972107444806253,-1.0452855880086798,True,False
500.0,6.423090441794218,7.946215854351212,-0.9080462238325961,0.9816778351772789,-0.018322164822721088,-0.039662258109536004,6.271971289524926,7.734777477015089,0.9330083252660287,0.006525300203398621,0.9519251564719446,0.34201161291802556,0.00558561985902665,0.2799583141428593,1.6238919988010299,regression_to_mean,residual_correction,15,817403743,1.9972107444806253,-1.0452855880086807,True,False
500.0,8.52474547993984,10.439384182231183,-1.2314318749798594,0.6075852449020704,-0.39241475509792956,-0.646874286460131,8.539724305776424,10.446665882205465,0.6039901061424218,0.18116615503361852,0.9540379563966124,0.3427707084257928,0.005585619859026617,0.2805796822210219,1.627496230572203,regression_to_mean,linear_recalibration,15,817403743,1.9972107444806253,-1.043172788084013,True,False
500.0,10.56573117961029,13.063046730634685,-1.4824185387456934,0.993032398997752,-0.006967601002248025,-0.00917402896328122,9.895497182669002,12.249048226824279,1.5460829126316515,0.006109677078988866,1.5566640371765683,0.5627679914574937,0.005884606042395675,0.45096640616012507,2.662361668193012,regression_to_mean,umlr_oracle,15,817403743,1.9972107444806253,-0.440546707304057,True,True
500.0,8.54243907991979,10.640183407858471,-0.2676336082206867,0.5790419631858063,-0.42095803681419375,-0.6738829793316501,8.48604253630874,10.570235023689076,0.7966928496191772,0.09478467591678186,1.0182681318412232,0.3502002159457795,0.0038040806972110494,0.33021274306571935,1.706323520616727,regression_to_mean,raw_lasso,16,1905702636,2.0647882857180755,-1.0465201538768523,True,False
500.0,6.312681725373985,7.87681810791613,0.0026642375049973025,0.968803850883983,-0.03119614911601698,-0.06743844748118953,6.295587945183143,7.8710684304955185,1.0009570821102234,0.004482538667232771,1.0182681318412208,0.35020021594577944,0.0038040806972111266,0.330212743065717,1.7063235206167247,regression_to_mean,residual_correction,16,1905702636,2.0647882857180755,-1.0465201538768547,True,False
500.0,8.539690296873722,10.63820301507639,-0.26661821601631575,0.580422588363313,-0.41957741163668705,-0.6717963364816522,8.481109027844969,10.565952189391645,0.7998419901863246,0.09342268910617078,1.0206960156728855,0.3510352076493909,0.0038040806972110346,0.3310000781053112,1.71039195324046,regression_to_mean,linear_recalibration,16,1905702636,2.0647882857180755,-1.04409227004519,True,False
500.0,10.418120127264414,13.038952335705389,0.13958414334413252,0.9775082279028598,-0.02249177209714015,-0.029374009518547642,10.058722554119948,12.459278839416209,1.6688327260183955,0.004199524559019949,1.6822092520153664,0.5807828699791429,0.003940448699701794,0.5411169133986402,2.8233015906320924,regression_to_mean,umlr_oracle,16,1905702636,2.0647882857180755,-0.38257903370270907,True,True
500.0,8.606913025032602,10.807386262256951,-0.43243784747032143,0.6129660886038822,-0.38703391139611776,-0.6160247233088568,8.833415210296447,10.932224855003113,0.03321026054302601,0.9464908415994655,0.3646802934365564,0.39010894735992546,0.35033682363631896,-0.4017857200569769,1.1311463069300896,regression_to_mean,raw_lasso,17,3722833723,2.0872611436816313,-1.722580850245075,False,False
500.0,6.714994318523052,8.507392732548078,-0.0922106307760529,0.9949500260389955,-0.005049973961004484,-0.01020328512748666,6.832614419609508,8.641409061524666,0.3595043167533825,0.3561947298064387,0.3646802934365578,0.39010894735992546,0.35033682363631724,-0.4017857200569755,1.131146306930091,regression_to_mean,residual_correction,17,3722833723,2.0872611436816313,-1.7225808502450735,False,False
500.0,8.606790866857336,10.807817672835702,-0.43149447029528903,0.6142279812271945,-0.38577201877280554,-0.6139895306155262,8.830955434229221,10.930671571601641,0.03503716033073367,0.9435545206014425,0.3654310484631567,0.39091205149914926,0.350336823636319,-0.4026128627745242,1.1334749597008376,regression_to_mean,linear_recalibration,17,3722833723,2.0872611436816313,-1.7218300952184746,False,False
500.0,10.835015260176995,13.718154275508791,-0.16659891016827608,0.9936295658339444,-0.00637043416605565,-0.007982285038099113,10.50058182500056,13.345897464372735,0.6135450369165435,0.3287809558050044,0.620453708973536,0.6289905543861287,0.3244032467326779,-0.6153546107485559,1.856262028695628,regression_to_mean,umlr_oracle,17,3722833723,2.0872611436816313,-1.4668074347080953,False,False
500.0,8.347591383850641,10.607365145147172,-0.3029767456956314,0.6552128211826532,-0.3447871788173468,-0.5803544117043982,8.40784311965348,10.40414244141781,1.0307560446591815,0.02544635006197354,1.126015851349801,0.37342913836940983,0.0026982280228713094,0.39232146944614454,1.8597102332534576,regression_to_mean,raw_lasso,18,2085417867,2.19756031107086,-1.0715444597210588,True,False
500.0,6.856518707002335,8.70409101357751,-0.81517524567782,1.0411012974055367,0.041101297405536696,0.08464817644842397,6.733654129920312,8.44259160729626,1.1370543080326807,0.002508553452125068,1.1260158513498026,0.3734291383694098,0.002698228022871271,0.3923214694461462,1.859710233253459,regression_to_mean,residual_correction,18,2085417867,2.19756031107086,-1.0715444597210573,True,False
500.0,8.346427323925347,10.608104867306148,-0.3068004953499307,0.6567495756366927,-0.3432504243633073,-0.577733376632591,8.403745669337768,10.401422449019629,1.0338196889125268,0.025019608801185752,1.128656840382583,0.3743049895022089,0.0026982280228712878,0.39324163118000544,1.8640720495851606,regression_to_mean,linear_recalibration,18,2085417867,2.19756031107086,-1.068903470688277,True,False
500.0,11.457507838615582,14.50775976996988,-1.3985103469480673,1.08412213933147,0.08412213933146995,0.10397039434361866,10.839392284140038,13.641416925781096,1.849447060810833,0.0031833323933205654,1.8267343201129718,0.621391854920659,0.0034377523861441315,0.6058555346311199,3.0476131055948237,regression_to_mean,umlr_oracle,18,2085417867,2.19756031107086,-0.37082599095788815,True,True
500.0,8.529985009404543,10.533354257237782,-0.48805343934230677,0.681040766026508,-0.318959233973492,-0.525295609365391,8.04777525802738,9.911355430516856,1.8774560736033505,0.00017500866371214797,2.3109286593964096,0.4173727933913336,4.995431791922909e-08,1.4908960422102036,3.1309612765826156,regression_to_mean,raw_lasso,19,4284622874,2.2937568393542924,0.017171820042117147,True,True
500.0,7.349174638166248,9.049047212113042,0.530781483503916,1.0692467800061618,0.0692467800061618,0.13283536649706643,6.641559654000789,8.215976974448077,2.3906857988045243,1.9717088371064738e-08,2.3109286593964096,0.41737279339133365,4.995431791922909e-08,1.4908960422102033,3.1309612765826156,regression_to_mean,residual_correction,19,4284622874,2.2937568393542924,0.017171820042117147,True,True
500.0,8.53189357510242,10.536469118824531,-0.48309927608441666,0.6826200402508125,-0.31737995974918753,-0.5225284928204823,8.046630912448691,9.90980005041765,1.8848754612760596,0.0001655988300344453,2.316287501697855,0.41834064455004577,4.995431791922909e-08,1.4943533002893603,3.1382217031063493,regression_to_mean,linear_recalibration,19,4284622874,2.2937568393542924,0.02253066234356238,True,True
500.0,12.394591484015022,15.309653183859997,0.8929811994351762,1.1433804181067446,0.14338041810674462,0.1625672713294384,11.235989842303695,13.904004390504475,4.131749427539102,9.509841978105015e-09,3.9624097926023563,0.702194569416641,2.8122774254221878e-08,2.582773985836266,5.342045599368447,regression_to_mean,umlr_oracle,19,4284622874,2.2937568393542924,1.6686529532480638,True,False
500.0,8.285783851382526,10.499778047549839,-0.3277469815549981,0.6017968699069327,-0.3982031300930673,-0.6581892902812757,8.53055051222414,10.55947251641922,0.8612204749640562,0.06717739193504142,1.002581393056924,0.3521969254746214,0.004600902915803096,0.3106029720027885,1.6945598141110596,regression_to_mean,raw_lasso,20,1313148374,2.05532861096954,-1.052747217912616,True,False
500.0,6.335985680080298,7.920321169110333,-0.5156804480666456,1.0116493373650373,0.01164933736503726,0.025567924719809735,6.501359158372288,8.04035154556147,1.0062886322229223,0.0044159962349436055,1.002581393056924,0.3521969254746214,0.004600902915803096,0.3106029720027885,1.6945598141110596,regression_to_mean,residual_correction,20,1313148374,2.05532861096954,-1.052747217912616,True,False
500.0,8.28378477187801,10.497595870359971,-0.3297025155401888,0.6032935693254445,-0.39670643067455547,-0.6558556670470895,8.526618914789648,10.554663067106695,0.8642426710482577,0.06616193123731225,1.0050748639655247,0.3530728571384751,0.004600902915803042,0.31137545738919026,1.6987742705418591,regression_to_mean,linear_recalibration,20,1313148374,2.05532861096954,-1.0502537470040154,True,False
500.0,10.218624050952782,12.751142418374313,-0.8306961773491374,0.9625295253437223,-0.03747047465627773,-0.05108321639044696,9.971764023461889,12.260445369766591,1.5824242924974443,0.005433003677530257,1.5963495280828925,0.5665469982671415,0.005029839896510399,0.4832270986762619,2.709471957489523,regression_to_mean,umlr_oracle,20,1313148374,2.05532861096954,-0.45897908288664757,True,True
500.0,8.535914386869873,10.71007425990354,-0.621439176348182,0.6358600275121509,-0.36413997248784913,-0.579260670121436,8.168865515710522,10.207487633407915,1.959299115669923,4.7586928465766585e-05,1.4449739912654254,0.3922217705593478,0.0002547355467028613,0.674356811319963,2.215591171210888,regression_to_mean,raw_lasso,21,1543295362,1.6873839246292415,-0.2424099333638161,True,True
500.0,6.938081102727062,8.741877675485169,-0.42559490765737384,0.9689507352269621,-0.031049264773037932,-0.060482222305811316,6.6042253369752135,8.110272146112122,1.4796003761243437,0.0001723312991699392,1.444973991265422,0.39222177055934776,0.0002547355467028687,0.6743568113199597,2.2155911712108844,regression_to_mean,residual_correction,21,1543295362,1.6873839246292415,-0.24240993336381944,True,True
500.0,8.536167718792706,10.71188797383649,-0.6215098513588033,0.637202367782207,-0.36279763221779304,-0.5770274978538817,8.167995142209461,10.206169195824529,1.960395083590322,4.725895915468713e-05,1.4480244216962352,0.39304977523747553,0.0002547355467028619,0.6757804207073349,2.2202684226851357,regression_to_mean,linear_recalibration,21,1543295362,1.6873839246292415,-0.23935950293300623,True,True
500.0,10.074075630192535,12.682973528750315,-0.6513232660298797,0.9171683687352394,-0.08283163126476056,-0.11122807191456038,9.394363153867419,11.69184783518777,2.1726775167775063,0.0001428420886725553,2.0678258960403433,0.5666183211372136,0.00029064683173081793,0.9545633351236178,3.1810884569570685,regression_to_mean,umlr_oracle,21,1543295362,1.6873839246292415,0.3804419714111018,True,True
500.0,8.741830774498856,10.670900060614516,-0.17600027239855673,0.6085627341783983,-0.39143726582160165,-0.6285141589585639,8.425179931558556,10.290062022266719,1.3772278569469032,0.005116697724520815,1.3218146962894095,0.379741803135282,0.0005438992173398623,0.5757175150386387,2.0679118775401806,regression_to_mean,raw_lasso,22,471390113,2.2814264957564694,-0.9596117994670599,True,False
500.0,6.6535005010026085,8.334947880369533,-0.7617222285675929,1.008870083768984,0.008870083768983905,0.018308000661038125,6.47992176753137,8.078070390947286,1.3204721625158298,0.000545014597421562,1.3218146962894093,0.379741803135282,0.0005438992173398635,0.5757175150386384,2.06791187754018,regression_to_mean,residual_correction,22,471390113,2.2814264957564694,-0.9596117994670601,True,False
500.0,8.741143362897038,10.670779379757597,-0.1798922690863397,0.6100076779036363,-0.3899923220963637,-0.6262049679881645,8.420990828566522,10.287346005020215,1.380161247542643,0.005021471794563507,1.324953153089446,0.38064344483109114,0.0005438992173398586,0.5770844725668353,2.072821833612057,regression_to_mean,linear_recalibration,22,471390113,2.2814264957564694,-0.9564733426670233,True,False
500.0,11.192801974583872,14.051003634161022,-1.222889846103965,1.0120319585917292,0.01203195859172923,0.014725665038903615,10.557056094459401,13.243476626379957,2.1538384878798826,0.0008292927673908758,2.1556828918058235,0.6409621075315609,0.0008299242969130347,0.8963534796381396,3.4150123039735076,regression_to_mean,umlr_oracle,22,471390113,2.2814264957564694,-0.12574360395064588,True,True
500.0,8.547084369473671,10.60934919127853,-1.2101617075673898,0.6612445485497878,-0.33875545145021224,-0.5623652900027264,8.210148086840668,10.17154623151892,0.9519676868733069,0.03118004336975964,0.8984036041799713,0.3641473092254212,0.01395562645151258,0.1829456832189994,1.6138615251409432,regression_to_mean,raw_lasso,23,713091192,2.029534418618406,-1.1311308144384347,True,False
500.0,6.905363113383762,8.739005121247937,-0.5465439425490543,1.0190955364463392,0.019095536446339212,0.03830875133451064,6.508959582801375,8.232744985004267,0.8952956833722767,0.014261156669983276,0.8984036041799703,0.36414730922542127,0.013955626451512701,0.1829456832189983,1.6138615251409423,regression_to_mean,residual_correction,23,713091192,2.029534418618406,-1.1311308144384358,True,False
500.0,8.54586790625705,10.610783547226989,-1.2087268250392516,0.6627171876514544,-0.3372828123485456,-0.5598351433737792,8.20813965557963,10.169453150953746,0.9537350912562358,0.03089241764714366,0.9004044135318152,0.3649582914369315,0.013955626451512467,0.18335311639509266,1.6174557106685379,regression_to_mean,linear_recalibration,23,713091192,2.029534418618406,-1.129130005086591,True,False
500.0,10.927596363408245,13.81189364466108,-0.8256695212183404,1.0373810582607088,0.03738105826070881,0.04744089544631591,10.107311805907164,12.76573284905189,1.4046021898388734,0.01501241683515905,1.410653729533915,0.5754465668729818,0.01457312224837089,0.2800458850469756,2.5412615740208544,regression_to_mean,umlr_oracle,23,713091192,2.029534418618406,-0.6188806890844911,True,True
500.0,8.407954906458977,10.609095814982352,0.601206995350045,0.6478004424475535,-0.3521995575524465,-0.5640215068110415,7.852465160371832,9.963270512494868,1.518181571905481,0.0009664320384529161,1.3238273071948194,0.37773211554084873,0.000498509622640418,0.5816786568590586,2.06597595753058,regression_to_mean,raw_lasso,24,1966175694,2.3222742882590057,-0.9984469810641863,True,False
500.0,7.076321282952862,8.750309365840911,0.2523887803110242,1.003296949619848,0.0032969496198480552,0.006393761005838735,6.437708780032143,8.033617382484687,1.3204943063370944,0.0005049794509334887,1.323827307194818,0.37773211554084873,0.000498509622640425,0.5816786568590571,2.0659759575305787,regression_to_mean,residual_correction,24,1966175694,2.3222742882590057,-0.9984469810641878,True,False
500.0,8.408955545684464,10.611314106039718,0.6003820197275241,0.6492067831428707,-0.3507932168571293,-0.5616490602334138,7.850709262296919,9.96177004189245,1.5202702269222328,0.0009531729133006048,1.326701266663951,0.37855215210026555,0.0004985096226404227,0.5829414506349428,2.070461082692959,regression_to_mean,linear_recalibration,24,1966175694,2.3222742882590057,-0.9955730215950547,True,False
500.0,11.036713762378007,13.646014497171395,0.3470691942690001,1.0086768392222953,0.00867683922229534,0.010789044909845448,9.865042407408218,12.371678636522368,2.0730896596118846,0.00046289523337907865,2.0802712372628425,0.5889906429982046,0.000450983420360255,0.9230526879858523,3.2374897865398324,regression_to_mean,umlr_oracle,24,1966175694,2.3222742882590057,-0.24200305099616326,True,True
500.0,8.331094156593819,10.22912211213804,0.24617352584564,0.6181768421048786,-0.38182315789512145,-0.6388197206699592,8.408630097948633,10.319085395072948,0.8053819696883675,0.06827470622731005,0.9639965544418387,0.337949248939207,0.004518573693980882,0.30001123610823366,1.6279818727754438,regression_to_mean,raw_lasso,25,2120187627,2.074705519022347,-1.1107089645805084,True,False
500.0,6.4502250564093115,7.9009684116206245,0.4771507496849146,1.0319653162280868,0.03196531622808685,0.06934588600542785,6.230088103261724,7.805171929942678,0.9766192173792134,0.004055717513496983,0.9639965544418401,0.337949248939207,0.004518573693980827,0.300011236108235,1.6279818727754451,regression_to_mean,residual_correction,25,2120187627,2.074705519022347,-1.110708964580507,True,False
500.0,8.329840303161673,10.227645280156047,0.2479597120862936,0.6195495592362722,-0.3804504407637278,-0.6366177106170972,8.403326197163464,10.314177101925948,0.808089334747001,0.06730800598753336,0.9661371952662041,0.33869969556218454,0.0045185736939808725,0.30067743797049395,1.6315969525619143,regression_to_mean,linear_recalibration,25,2120187627,2.074705519022347,-1.108568323756143,True,False
500.0,10.616283167209476,12.984009535837705,0.7078544073677085,1.0193443341758728,0.01934433417587278,0.025528184245837502,9.850477558741037,12.255925131922403,1.5376275567499629,0.00593381929230327,1.5305836785679823,0.5570377141890153,0.0062191981988165175,0.43614460187054815,2.6250227552654164,regression_to_mean,umlr_oracle,25,2120187627,2.074705519022347,-0.5441218404543648,True,True
500.0,8.26203799846198,10.157465761671954,1.051352709410719,0.6497159578657306,-0.35028404213426945,-0.5960913176034881,7.966873649764942,9.763641514210988,2.243931009613656,5.530103999199801e-07,1.8413612593838984,0.35595677859257135,3.347301025159633e-07,1.1419956721287847,2.540726846639012,regression_to_mean,raw_lasso,26,189551486,2.057877421308961,-0.21651616192506262,True,True
500.0,6.560621736264304,8.128374527150784,0.152746656007501,1.028845541376986,0.028845541376985917,0.06102257970693147,6.1682579167864935,7.631029219027966,1.798957758052598,6.050312998134255e-07,1.8413612593838975,0.35595677859257135,3.347301025159687e-07,1.1419956721287838,2.540726846639011,regression_to_mean,residual_correction,26,189551486,2.057877421308961,-0.2165161619250635,True,True
500.0,8.260451788334295,10.156855808691734,1.0482445414388044,0.651247184531892,-0.348752815468108,-0.5935026241193994,7.962961353377405,9.759099272148516,2.246453359935605,5.362571971034343e-07,1.8457009118555223,0.35679568443255155,3.347301025159633e-07,1.144687085514334,2.5467147381967106,regression_to_mean,linear_recalibration,26,189551486,2.057877421308961,-0.2121765094534387,True,True
500.0,10.19558091203757,12.658156903753632,0.31385537433636523,1.0159986464405928,0.01599864644059279,0.02173627824577416,9.301386151483173,11.581600095234698,2.811000578603348,5.509447044508318e-07,2.842975953735858,0.5554541298177771,4.414063297756286e-07,1.7516482222363943,3.9343036852353217,regression_to_mean,umlr_oracle,26,189551486,2.057877421308961,0.7850985324268969,True,True
500.0,8.623140045147796,10.744005532085328,0.6600354398169176,0.6098596532361715,-0.39014034676382847,-0.6226608261843715,8.52866717331117,10.750603058331857,0.5140602299161477,0.27827892340791305,1.3422282994651376,0.36936691513409514,0.0003082643622022479,0.6165151650313572,2.067941433898918,regression_to_mean,raw_lasso,27,727141178,2.1065243692851556,-0.7642960698200181,True,False
500.0,6.782407298810377,8.391769614686357,0.08431362019831763,1.0027130710537668,0.0027130710537668357,0.005533569559136751,6.490029124493798,8.11534800946784,1.3276630463550212,0.00031864973147645824,1.3422282994651353,0.3693669151340952,0.0003082643622022568,0.6165151650313548,2.0679414338989157,regression_to_mean,residual_correction,27,727141178,2.1065243692851556,-0.7642960698200203,True,False
500.0,8.621897932336298,10.744087581343754,0.658212415287044,0.6112399823696743,-0.38876001763032575,-0.6204465930680568,8.524237740884697,10.74683397620993,0.5199111594420424,0.2728474569395349,1.345266239121799,0.37020292373247715,0.0003082643622022471,0.6179105579533575,2.0726219202902407,regression_to_mean,linear_recalibration,27,727141178,2.1065243692851556,-0.7612581301633565,True,False
500.0,11.655631571464665,14.443764289119292,0.010770713550075115,1.0382734909582176,0.03827349095821764,0.04535170735255531,10.866783640817559,13.485347687448652,2.301298400895982,0.00028869571973208475,2.25595812644017,0.6355112854134534,0.00042210365936086154,1.00733820947223,3.50457804340811,regression_to_mean,umlr_oracle,27,727141178,2.1065243692851556,0.1494337571550144,True,True
500.0,8.71894765328549,10.86297168157069,0.7926768806822347,0.6192140105747818,-0.38078598942521824,-0.6242066935537883,8.48889216742001,10.563230080838508,1.8839004949462435,6.863753602452814e-05,2.144047345421721,0.360521753331,5.150465023253794e-09,1.4357127303779835,2.8523819604654586,regression_to_mean,raw_lasso,28,2057399408,2.3979770493430967,-0.2539297039213757,True,True
500.0,6.77462687882174,8.510455253388349,0.3237170184686286,0.9535390438233631,-0.046460956176636925,-0.09702564407252262,6.373956317824282,8.011741653639945,2.1094883180328186,1.0221884014998474e-08,2.144047345421719,0.360521753331,5.150465023253952e-09,1.4357127303779813,2.8523819604654563,regression_to_mean,residual_correction,28,2057399408,2.3979770493430967,-0.2539297039213779,True,True
500.0,8.717641792068072,10.862381899949916,0.7913764186683784,0.6205340521137944,-0.3794659478862056,-0.62207129988536,8.48463779424674,10.558848116870987,1.8893550434601192,6.528155105588301e-05,2.148618029400495,0.3612903142517595,5.150465023253755e-09,1.4387733853531979,2.858462673447792,regression_to_mean,linear_recalibration,28,2057399408,2.3979770493430967,-0.2493590199426019,True,True
500.0,10.082927985085,12.64752336950291,0.44665024826391847,0.9249980201996776,-0.07500197980032242,-0.10538407784659785,9.30978314974415,11.627203699444063,3.153527022109516,8.33636142318946e-09,3.208938209255494,0.5350720528843333,3.866218059780158e-09,2.157656135154095,4.260220283356894,regression_to_mean,umlr_oracle,28,2057399408,2.3979770493430967,0.8109611599123974,True,True
500.0,8.764617231308835,10.925660808102373,1.2823668839145217,0.6180179296179803,-0.3819820703820197,-0.627554380555671,8.659883112649919,10.824044441109788,1.3768409205018612,0.007195723446366146,1.3768407843167987,0.3957106936138119,0.0005467046707151973,0.5993687476369853,2.154312820996612,regression_to_mean,raw_lasso,29,2007030612,2.2648155042559246,-0.8879747199391259,True,False
500.0,6.7822748875545065,8.483742016532263,0.31115665067385834,1.0402464355714447,0.040246435571444694,0.0846206023330927,6.605713114736504,8.221294035418877,1.3768407699680558,0.0005654195055977141,1.3768407843168013,0.39571069361381184,0.0005467046707151834,0.5993687476369881,2.1543128209966147,regression_to_mean,residual_correction,29,2007030612,2.2648155042559246,-0.8879747199391232,True,False
500.0,8.76200345560846,10.924588592587119,1.279837773732192,0.6195535788318184,-0.3804464211681816,-0.6250764738177008,8.654737754051972,10.819408247736364,1.3802620900639844,0.007047943070978223,1.380261954426415,0.39669395443268635,0.0005467046707151973,0.6008580574158726,2.1596658514369573,regression_to_mean,linear_recalibration,29,2007030612,2.2648155042559246,-0.8845535498295096,True,False
500.0,11.93898931228909,14.946097206128579,0.5774558687366003,1.0872030077231054,0.08720300772310541,0.1040811037059947,11.283890831898159,14.084721409077812,2.3684950820558197,0.0007632617214197581,2.3684951131456233,0.6961583615267642,0.0007222920453909365,1.0007189374628045,3.7362712888284424,regression_to_mean,umlr_oracle,29,2007030612,2.2648155042559246,0.10367960888969874,True,True
500.0,9.050234514354425,10.70267248280738,-8.589698614343037,0.6635980121289532,-0.3364019878710468,-0.5459635567778367,8.901888688757085,10.299853016566406,1.7345427875199328,2.0495020911345466e-10,1.6990019665879286,0.22057424589061836,7.276167953558439e-14,1.2656290227698965,2.132374910405961,range_shift,raw_lasso,0,980389373,2.303794274407978,-0.6047923078200494,True,False
500.0,4.271082138489662,5.356361633810682,-0.17023997517731904,0.9788096967136337,-0.021190303286366285,-0.041013960645421316,3.335257621849493,4.303086958997492,1.7010638870185453,6.695649359415985e-14,1.6990019665879286,0.22057424589061836,7.276167953558439e-14,1.2656290227698965,2.132374910405961,range_shift,residual_correction,0,980389373,2.303794274407978,-0.6047923078200494,True,False
500.0,9.009402119481097,10.663459486974089,-8.539241190987255,0.6654458036847838,-0.3345541963152162,-0.5427886033113931,8.856119945269182,10.25359000669116,1.7390768848979736,1.8567273495301686e-10,1.7037328449658324,0.22118843583926334,7.276167953558439e-14,1.2691531722976892,2.1383125176339757,range_shift,linear_recalibration,0,980389373,2.303794274407978,-0.6000614294421456,True,False
500.0,6.1933587615689705,7.77591212342756,-0.32059330427019467,0.9658210733298667,-0.034178926670133336,-0.045584948872046935,4.528570472130246,5.787381595353629,2.47831713512164,5.275388260716992e-14,2.4749618731052947,0.3198842174132247,5.717109046730835e-14,1.8464698004177058,3.1034539457928836,range_shift,umlr_oracle,0,980389373,2.303794274407978,0.17116759869731668,True,True
500.0,7.9718119376546035,9.461808973006892,-7.063481344180133,0.7428626642482683,-0.2571373357517317,-0.4111513173223386,7.577258770990527,8.93631390000895,1.5494011968976455,7.498087294451182e-09,1.4759239224511733,0.23976132709018014,1.54059609457423e-09,1.0048531874465256,1.946994657455821,range_shift,raw_lasso,1,3051074029,1.919247362106779,-0.4433234396556056,True,True
500.0,4.890578427641822,6.04080614111619,1.7560668687919085,1.068416153395063,0.0684161533950629,0.11915206488749258,3.943008253958208,4.90763302737809,1.4547011309957327,3.3232394818897305e-09,1.4759239224511718,0.23976132709018014,1.5405960945742898e-09,1.0048531874465243,1.9469946574558192,range_shift,residual_correction,1,3051074029,1.919247362106779,-0.44332343965560717,True,True
500.0,7.933178104522439,9.425057387935922,-7.008844574390876,0.7448892632516881,-0.25511073674831186,-0.4075267772104932,7.5310792391098325,8.891181145594622,1.5528345350285686,7.166502057434615e-09,1.4799503813032802,0.2404154184719718,1.5405960945742662e-09,1.0075945211630644,1.952306241443496,range_shift,linear_recalibration,1,3051074029,1.919247362106779,-0.43929698080349877,True,True
500.0,7.339783046492124,9.066021985405564,2.779084721852357,1.1063808783448867,0.10638087834488674,0.12409088168676913,5.839394624506494,7.253877481132703,2.157451329782089,4.253532937391943e-09,2.1903572231972364,0.35789791908751634,1.8988351929249705e-09,1.4871777828458015,2.8935366635486712,range_shift,umlr_oracle,1,3051074029,1.919247362106779,0.2711098610904574,True,True
500.0,9.335838278606552,10.981901643431502,-8.930815237942095,0.7152042947000555,-0.28479570529994447,-0.45570717682160794,9.050456573531433,10.48125759074476,1.285602123679022,3.436081043896338e-06,1.212285439633934,0.24335918613796792,8.723323799949625e-07,0.7341458160530773,1.6904250632147906,range_shift,raw_lasso,2,2728345877,2.094974850165351,-0.8826894105314171,True,False
500.0,4.5181152405690685,5.722563675676892,0.38000332691326155,1.0481450213838392,0.04814502138383925,0.08622437545730555,3.651972278739907,4.699120946445348,1.1989287641646107,1.2286870676993155e-06,1.2122854396339344,0.24335918613796792,8.72332379994954e-07,0.7341458160530777,1.690425063214791,range_shift,residual_correction,2,2728345877,2.094974850165351,-0.8826894105314167,True,False
500.0,9.29188322091441,10.940739242196958,-8.876560189170068,0.7172428711557444,-0.28275712884425563,-0.4520925121579365,9.00122516375483,10.433092356993997,1.2885245087400343,3.320223173802291e-06,1.215740867087496,0.24405284291661547,8.723323799949684e-07,0.7362383823124504,1.6952433518625418,range_shift,linear_recalibration,2,2728345877,2.094974850165351,-0.879233983077855,True,False
500.0,7.470152757569576,9.413346125850557,2.132910527150188,1.1300683857872924,0.1300683857872924,0.14507151106551935,5.880047192723451,7.495504383745502,1.866811900000712,2.593738763628192e-06,1.9019637623581231,0.3883871396312185,1.3176058971052407e-06,1.1388806682125194,2.665046856503727,range_shift,umlr_oracle,2,2728345877,2.094974850165351,-0.19301108780722798,True,True
500.0,8.668776239366968,10.17867546018172,-7.830228528637825,0.6613560834401246,-0.33864391655987536,-0.5315401966296902,8.231595032613587,9.579742901466778,2.0191817610102225,7.380609019651587e-12,1.7785527313726361,0.2436095563570283,1.142515869128011e-12,1.299921193250984,2.2571842694942883,range_shift,raw_lasso,3,3391023238,2.295354434728678,-0.5168017033560419,True,False
500.0,4.466127967795251,5.574714997907738,0.8054265766164376,0.9714351465502115,-0.02856485344978854,-0.05285875137429687,3.597011904610662,4.608900403126565,1.7909438014410115,7.003376457629485e-13,1.7785527313726373,0.2436095563570283,1.1425158691279693e-12,1.2999211932509853,2.257184269494289,range_shift,residual_correction,3,3391023238,2.295354434728678,-0.5168017033560408,True,False
500.0,8.625686552346021,10.137079866088587,-7.77348705457874,0.6632305604806621,-0.3367694395193379,-0.5283461275973933,8.184818287856608,9.530870053193555,2.0228184936306857,6.9055881270159744e-12,1.7835936712593652,0.24430001726255363,1.1425158691279588e-12,1.3036055510308104,2.26358179148792,range_shift,linear_recalibration,3,3391023238,2.295354434728678,-0.5117607634693129,True,False
500.0,6.2243349953836535,7.635831288972539,-0.3437483489966514,0.9038644366971497,-0.09613556330285034,-0.12864565425314733,4.704753328105019,5.881767028247925,2.4886408526035653,5.347513805024618e-13,2.429674485339804,0.334730023717667,1.5159377959370591e-12,1.7720141352972107,3.087334835382397,range_shift,umlr_oracle,3,3391023238,2.295354434728678,0.13432005061112573,True,True
500.0,9.831564768503677,11.386439779999783,-9.547981570111975,0.6856246156319565,-0.31437538436804346,-0.5259475468455295,9.989951608255938,11.335204997787185,1.415575369630742,4.370760329331537e-08,1.4431184623594477,0.2137518761784301,4.097045084551008e-11,1.0231497599751693,1.8630871647437262,range_shift,raw_lasso,4,3819821855,2.263885577190304,-0.8207671148308564,True,False
500.0,4.29535210708174,5.333459558373839,-0.7773398200225631,0.9972804426127848,-0.002719557387215188,-0.0053493733801512925,3.6117946716914933,4.503509715964693,1.4427666517682505,3.9574947186564575e-11,1.4431184623594455,0.2137518761784301,4.097045084551251e-11,1.023149759975167,1.863087164743724,range_shift,residual_correction,4,3819821855,2.263885577190304,-0.8207671148308586,True,False
500.0,9.785155482564972,11.342501909477255,-9.494095101634011,0.6876115847081475,-0.31238841529185246,-0.5224370953582805,9.938953793412962,11.284897865254912,1.4199306145811759,4.007431330118225e-08,1.4473006805771331,0.2143713381380228,4.0970450845508676e-11,1.026114891166543,1.8684864699877233,range_shift,linear_recalibration,4,3819821855,2.263885577190304,-0.816584896613171,True,False
500.0,6.242734512290557,7.743708311460196,-0.9848820902845855,1.0015446487445827,0.0015446487445827106,0.0020872443811382688,4.8916837923904755,6.060046846365958,2.100665584423599,3.915364189856997e-11,2.1006975421846903,0.3111549879140562,4.099171913709644e-11,1.4893562110537284,2.7120388733156524,range_shift,umlr_oracle,4,3819821855,2.263885577190304,-0.16318803500561385,True,True
500.0,9.589613618248277,11.007130541021992,-9.160045828694226,0.6835173313734102,-0.3164826686265898,-0.5275221940502531,9.448362803215252,10.679014780942312,1.3622440012994246,1.8107660528003806e-07,1.4792749935682101,0.21510226172642788,1.8417599510359768e-11,1.056653123050625,1.9018968640857952,range_shift,raw_lasso,5,1791671649,2.1683695375616585,-0.6890945439934484,True,False
500.0,4.191276368686649,5.281671697341325,-0.9909469632229341,0.9830742779668646,-0.01692572203313536,-0.033190530481839675,3.5471306983427042,4.428597614838335,1.471106108172516,2.279979837869393e-11,1.4792749935682097,0.21510226172642788,1.841759951036024e-11,1.0566531230506246,1.9018968640857947,range_shift,residual_correction,5,1791671649,2.1683695375616585,-0.6890945439934488,True,False
500.0,9.544965092862578,10.964046982467792,-9.10674044892562,0.6855291495949244,-0.3144708504050756,-0.5239781237428925,9.398832537830948,10.629725459268757,1.3673231745546852,1.6424978465543527e-07,1.4836289905337463,0.21573537902977505,1.8417599510359768e-11,1.0597632036721392,1.9074947773953534,range_shift,linear_recalibration,5,1791671649,2.1683695375616585,-0.6847405470279122,True,False
500.0,5.985831062979694,7.550318940009418,-1.1696064125090615,0.9838869183908489,-0.016113081609151148,-0.021975784774360827,4.707143170237486,5.881223799462438,2.1370546949993434,1.3864750703082282e-11,2.145837526794067,0.3091178214211634,1.214651645938214e-11,1.5384987157057677,2.753176337882366,range_shift,umlr_oracle,5,1791671649,2.1683695375616585,-0.022532010767591704,True,True
500.0,9.252685434796367,10.694260469692374,-8.6355428197713,0.7246927030302023,-0.2753072969697977,-0.4390408878571521,8.94969073765299,10.188865012044467,1.5326624269474804,9.947770406044348e-09,1.7505992139349391,0.23217994701110994,2.2508646518826323e-13,1.294423984930114,2.206774442939764,range_shift,raw_lasso,6,818186895,2.279941866910476,-0.5293426529755367,True,False
500.0,4.561383743047008,5.809363109939446,-1.2743818933279036,1.002682968686023,0.002682968686023024,0.0047620697758533614,3.6322204025967353,4.592455506576326,1.7420012276448,2.376464728819315e-13,1.7505992139349378,0.23217994701110992,2.2508646518826962e-13,1.2944239849301127,2.206774442939763,range_shift,residual_correction,6,818186895,2.279941866910476,-0.5293426529755381,True,False
500.0,9.213242338427687,10.657104294706736,-8.5855542595956,0.726722829250286,-0.273277170749714,-0.4354341220879282,8.90522936091343,10.143634678431736,1.5390655158600655,8.854269536725e-09,1.755503275132473,0.232830366970127,2.2508646518826748e-13,1.2980501344148863,2.21295641585006,range_shift,linear_recalibration,6,818186895,2.279941866910476,-0.5244385917780028,True,False
500.0,6.307679922384863,8.013720921806755,-2.5466279585631937,0.9671911678894216,-0.03280883211057839,-0.043438294498024534,4.93241046655896,6.175806368701991,2.3180552006609765,3.6336808630774133e-13,2.3570585823188033,0.31078074511792164,1.656336255027091e-13,1.746452544202711,2.9676646204348955,range_shift,umlr_oracle,6,818186895,2.279941866910476,0.07711671540832743,True,True
500.0,10.191885922079592,11.642039713225342,-9.780209432804103,0.6367152128578941,-0.3632847871421059,-0.5765036905889712,9.900709737131077,11.196272481949519,1.3268673107562514,4.442511469106744e-06,1.3343659512807242,0.23123300726297313,1.3908593017864294e-08,0.8800512208332505,1.788680681728198,range_shift,raw_lasso,7,3425065187,2.199212228203117,-0.8648462769223928,True,False
500.0,4.166130029547937,5.381464025593669,-1.3432533964450903,0.9275556953233753,-0.07244430467662466,-0.13932536916722213,3.7094059917251267,4.548938410502149,1.3328663629383528,1.9486423024196948e-08,1.334365951280725,0.23123300726297313,1.3908593017863887e-08,0.8800512208332514,1.7886806817281988,range_shift,residual_correction,7,3425065187,2.199212228203117,-0.8648462769223919,True,False
500.0,10.149439248053483,11.600801916075506,-9.730153015063832,0.6383727214251445,-0.36162727857485555,-0.5737429342569336,9.85408673809488,11.149995038598663,1.3303751313125125,4.207630286190952e-06,1.3378395968783663,0.23183495721301306,1.390859301786409e-08,0.8823421861010716,1.793337007655661,range_shift,linear_recalibration,7,3425065187,2.199212228203117,-0.8613726313247507,True,False
500.0,5.916749732700393,7.651419713420681,-1.262297585387366,0.9220163884159754,-0.07798361158402456,-0.10356446812595878,4.710703102019555,5.9749523017587975,1.900338496131252,3.260768750641817e-08,1.9019545994747762,0.3367913683491125,2.7457398051183445e-08,1.2402442254253185,2.563664973524234,range_shift,umlr_oracle,7,3425065187,2.199212228203117,-0.29725762872834083,True,True
500.0,9.860948832276062,11.425120464583594,-9.44285761970855,0.6774052293201973,-0.3225947706798027,-0.5297147112751012,9.44824171820314,10.899040186020898,1.4275492754937003,6.727152677976557e-07,1.646632211274804,0.2360102489840174,9.67733935754971e-12,1.1829314017788908,2.1103330207707174,range_shift,raw_lasso,8,3135260860,2.1279367010770565,-0.4813044898022525,True,False
500.0,4.381167375056794,5.495588304674595,-0.6468982092804914,0.9852249930502192,-0.014775006949780845,-0.028592286841503552,3.6845231897187944,4.624903792018216,1.6305750362408507,1.3882708036555731e-11,1.6466322112748029,0.2360102489840174,9.677339357550134e-12,1.1829314017788897,2.110333020770716,range_shift,residual_correction,8,3135260860,2.1279367010770565,-0.4813044898022536,True,False
500.0,9.815867602577496,11.382030229544483,-9.389028202565605,0.6793111459768978,-0.3206888540231022,-0.5263882656549288,9.399542292514573,10.850340639030144,1.4334214730126977,6.096783094375471e-07,1.6512651010475572,0.23667427672579033,9.677339357550133e-12,1.1862596439665778,2.1162705581285364,range_shift,linear_recalibration,8,3135260860,2.1279367010770565,-0.47667160002949927,True,False
500.0,6.323560394919628,7.935220751425306,-1.4393031011895483,0.9595972298270365,-0.040402770172963454,-0.05467915520838857,5.017802598622567,6.320967858051503,2.3168214682796795,1.8894637699790772e-11,2.352487514204571,0.33710074463498085,9.575236233544953e-12,1.6901692935263608,3.0148057348827813,range_shift,umlr_oracle,8,3135260860,2.1279367010770565,0.22455081312751446,True,True
500.0,9.254581081723751,10.805904098661859,-8.807574316476352,0.6677459237822926,-0.3322540762177074,-0.525924819898425,8.835990682640443,10.256052796364026,1.4829971496178305,1.7346839772453926e-07,1.3300718578701227,0.23770157554803065,3.638535272948781e-08,0.8630480168523539,1.7970956988878917,range_shift,raw_lasso,9,1894169313,2.2636116670298048,-0.933539809159682,True,False
500.0,4.359435570721382,5.412825248483903,-0.8935966593998284,0.9613158523137217,-0.03868414768627826,-0.0718081284082907,3.7607622655727777,4.651727381813862,1.3453734840989677,2.5503080784255232e-08,1.3300718578701238,0.23770157554803065,3.638535272948675e-08,0.863048016852355,1.7970956988878926,range_shift,residual_correction,9,1894169313,2.2636116670298048,-0.9335398091596809,True,False
500.0,9.21179988707574,10.76477691995864,-8.754854306937247,0.6696854983014007,-0.3303145016985993,-0.5225963942848493,8.789630068145524,10.209661038772273,1.4859430659370179,1.6611077722891543e-07,1.3339352636839596,0.23839201767978238,3.638535272948897e-08,0.8655548774450337,1.8023156499228856,range_shift,linear_recalibration,9,1894169313,2.2636116670298048,-0.9296764033458451,True,False
500.0,6.243146152603354,7.750945873947394,-1.0018115963117553,0.9555992537314623,-0.04440074626853774,-0.057247698072462765,5.062225215943512,6.260632207496087,1.9097122229101213,4.0404767469155256e-08,1.8929296628935075,0.3428086791433853,5.4149707720883306e-08,1.2193967858031682,2.5664625399838465,range_shift,umlr_oracle,9,1894169313,2.2636116670298048,-0.37068200413629726,True,True
500.0,10.892695083424048,12.554987409589808,-10.720690113530928,0.5739920111144579,-0.42600798888554214,-0.6675782136212691,10.602290238280744,11.933539527127655,1.5098096188450343,1.8577924321266387e-07,1.469161683544739,0.2085416564245408,6.2190471223959544e-12,1.0594297531986685,1.8788936138908094,range_shift,raw_lasso,10,2883203632,2.256335875858891,-0.7871741923141522,True,False
500.0,3.953319801940284,5.0079165437464495,-0.9840667642701739,0.9349537748877902,-0.06504622511220981,-0.13563955652407744,3.369522638299634,4.180633960614295,1.4752598231424263,7.660783130112488e-12,1.4691616835447368,0.20854165642454084,6.219047122396393e-12,1.0594297531986663,1.8788936138908072,range_shift,residual_correction,10,2883203632,2.256335875858891,-0.7871741923141544,True,False
500.0,10.846892599975229,12.510974569473648,-10.669665644435593,0.575793947735033,-0.424206052264967,-0.6648463034904398,10.55346860655422,11.884647312367056,1.5142488917436265,1.699412625227049e-07,1.4737738317765317,0.20919633251819789,6.219047122396064e-12,1.0627556274830658,1.8847920360699975,range_shift,linear_recalibration,10,2883203632,2.256335875858891,-0.7825620440823595,True,False
500.0,6.240613905099898,7.891063372904709,-2.432410049106682,0.8685702968948965,-0.1314297031051035,-0.17927027655798344,4.907667511713722,6.1006393603741165,2.243589828949389,9.946462029670628e-12,2.231204031963979,0.31656528212064905,6.089142504412327e-12,1.6092328327912353,2.8531752311367224,range_shift,umlr_oracle,10,2883203632,2.256335875858891,-0.025131843894912187,True,True
500.0,10.104503619073382,11.500944229092003,-9.899419297156856,0.6756488695615859,-0.3243511304384141,-0.5621739239934707,9.823607631509589,11.16303037644049,1.0409610097125357,4.991755641635499e-05,1.2394100164068258,0.20717034885978308,4.204859466154624e-09,0.8323723606974855,1.646447672116166,range_shift,raw_lasso,11,408639444,2.275473420491901,-1.0360634040850754,True,False
500.0,4.0098475432534295,4.948233317234352,-1.0208921786015481,1.0035080522330029,0.0035080522330028785,0.007351806903617834,3.4390980645637748,4.363333219417994,1.2370771385199224,4.075281229790325e-09,1.2394100164068258,0.20717034885978308,4.204859466154624e-09,0.8323723606974855,1.646447672116166,range_shift,residual_correction,11,408639444,2.275473420491901,-1.0360634040850754,True,False
500.0,10.059996609427868,11.458738759486025,-9.850068605588877,0.6775896156240842,-0.32241038437591585,-0.5587643070995271,9.77662969603367,11.116139579197744,1.0456692846123128,4.614763540342445e-05,1.2429701202085583,0.20776542872586334,4.2048594661545935e-09,0.8347632821573325,1.6511769582597842,range_shift,linear_recalibration,11,408639444,2.275473420491901,-1.0325033002833428,True,False
500.0,5.981655877748302,7.38275663242156,-1.5581062347431573,1.0029311223429012,0.00293112234290116,0.004121373801069013,4.551298998633125,5.815682373183882,1.8474273306836155,3.791317805554436e-09,1.8522965815824144,0.3087246502558045,3.808367649250255e-09,1.245730252996177,2.458862910168652,range_shift,umlr_oracle,11,408639444,2.275473420491901,-0.42317683890948676,True,True
500.0,8.79243840470329,10.391001541656056,-8.18555987693212,0.6720468481953419,-0.3279531518046581,-0.5232729971682395,8.296104659548075,9.73013342715624,1.5401602915446204,2.5036024414300852e-08,1.4488869473773558,0.2304152349973868,7.042921118133702e-10,0.9961789338549651,1.9015949608997464,range_shift,raw_lasso,12,4285888732,2.0518131000342343,-0.6029261526568785,True,False
500.0,4.407704430875671,5.509170386535212,-0.6096577599905246,0.9532655229757243,-0.04673447702427569,-0.08717135264920683,3.5782285941158536,4.538793955087255,1.4609047736792817,5.557936018069761e-10,1.448886947377358,0.23041523499738678,7.042921118133313e-10,0.9961789338549674,1.9015949608997487,range_shift,residual_correction,12,4285888732,2.0518131000342343,-0.6029261526568763,True,False
500.0,8.752308885838884,10.350842348060818,-8.132111684108871,0.6739621582634961,-0.32603784173650385,-0.5199684483746673,8.249372367887995,9.683234796672162,1.543746492427917,2.3551187116938378e-08,1.4530162246225098,0.23107191037743172,7.042921118133369e-10,0.9990180090575651,1.9070144401874545,range_shift,linear_recalibration,12,4285888732,2.0518131000342343,-0.5987968754117245,True,False
500.0,6.397200263035194,8.01063644520218,0.5697897660347575,0.9864471754085428,-0.013552824591457235,-0.01732252415108447,4.9048289703481025,6.20636967930078,2.102817022611183,9.68992210548791e-10,2.100669551392188,0.3377578743997582,1.0591087155367182e-09,1.4370602359196507,2.764278866864725,range_shift,umlr_oracle,12,4285888732,2.0518131000342343,0.04885645135795347,True,True
500.0,8.300635971970886,9.83919750542934,-7.420170008083735,0.7301644940352675,-0.2698355059647325,-0.42932874612498095,7.574786171894038,8.941916565516498,1.7938180879447492,2.397907581836181e-10,1.6916178004627878,0.25003099357878494,3.743986503225804e-11,1.2003697524621204,2.182865848463455,range_shift,raw_lasso,13,1084738928,2.3779399669828365,-0.6863221665200487,True,False
500.0,4.632996340366657,5.854495653598902,0.46827004305913245,1.0024090961690668,0.0024090961690668156,0.004244065092515904,3.6721844935872814,4.604548738099,1.688265683832745,3.799472111605773e-11,1.6916178004627878,0.25003099357878494,3.743986503225804e-11,1.2003697524621204,2.182865848463455,range_shift,residual_correction,13,1084738928,2.3779399669828365,-0.6863221665200487,True,False
500.0,8.261625510506846,9.799498248123824,-7.362606137136452,0.7321144050760409,-0.26788559492395914,-0.4258627496931211,7.5260431557226095,8.893849701160734,1.7975731082021131,2.2741043056659387e-10,1.6961352814589699,0.25069870366178343,3.743986503225804e-11,1.2035753509984184,2.188695211919521,range_shift,linear_recalibration,13,1084738928,2.3779399669828365,-0.6818046855238666,True,False
500.0,6.201561496373693,7.82291869744991,0.01731422212473649,0.9805098571094167,-0.019490142890583262,-0.02561362127970056,4.668558011575772,5.861193108266548,2.2962092869652038,1.9097883273984475e-11,2.2919289278234802,0.33472101079367067,2.228421877460629e-11,1.6342862859108138,2.949571569736147,range_shift,umlr_oracle,13,1084738928,2.3779399669828365,-0.08601103915935626,True,True
500.0,9.683136291188687,11.347441651704356,-9.332474324330118,0.6449841542231662,-0.35501584577683376,-0.5484917540155855,9.516185887325376,10.809121586518538,1.9580186768321342,5.81381278552066e-12,1.9253557310400422,0.22782244283430056,3.2140268843087846e-16,1.477741902325529,2.3729695597545555,range_shift,raw_lasso,14,3282134318,2.3137325324816644,-0.38837680144162223,True,True
500.0,4.349604894515407,5.50927541726365,-0.9371104498582509,0.9414879990682378,-0.05851200093176223,-0.10748716521557054,3.4670633953210444,4.39152839343067,1.9306025756941012,3.7420426305030865e-16,1.925355731040041,0.22782244283430056,3.2140268843089523e-16,1.4777419023255278,2.372969559754554,range_shift,residual_correction,14,3282134318,2.3137325324816644,-0.38837680144162334,True,True
500.0,9.636838304981156,11.304661949259364,-9.278429186347095,0.6468205347304754,-0.3531794652695246,-0.5454139400131826,9.46604675656168,10.759680032088099,1.963330229326624,5.180488713527479e-12,1.9308375490210998,0.22847109240252497,3.2140268843087846e-16,1.4819492869666804,2.3797258110755193,range_shift,linear_recalibration,14,3282134318,2.3137325324816644,-0.3828949834605646,True,True
500.0,6.19082904806319,7.844135628321357,-0.9648031826560418,0.9300320548704363,-0.06996794512956372,-0.08963857178337481,4.642297344579539,5.889554030653644,2.767646316064393,3.80344309156205e-16,2.761411174756028,0.32732536228834935,3.591490306237649e-16,2.1182991229911523,3.404523226520904,range_shift,umlr_oracle,14,3282134318,2.3137325324816644,0.4476786422743637,True,True
500.0,9.646248249553832,11.240354921161394,-9.431103574200597,0.6874489366841855,-0.3125510633158145,-0.5126617935043423,9.608598398182075,10.939363239747339,1.5259153504630865,2.7521147135481248e-08,1.6031214460222718,0.22859739578926455,7.664856893542455e-12,1.1539850295638576,2.052257862480686,range_shift,raw_lasso,15,3714765938,2.3473397329051644,-0.7442182868828926,True,False
500.0,4.224221711594568,5.277361362831336,0.3320694672131601,1.041093899430193,0.04109389943019304,0.07826488901887232,3.561845318258584,4.448657120041345,1.6122343870129825,6.316939963937031e-12,1.6031214460222714,0.22859739578926458,7.664856893542585e-12,1.1539850295638572,2.0522578624806855,range_shift,residual_correction,15,3714765938,2.3473397329051644,-0.744218286882893,True,False
500.0,9.599647411911972,11.198518194164281,-9.379363477971161,0.6894058217268665,-0.3105941782731335,-0.5092172931544979,9.560525665839636,10.8915043432269,1.5309538120059507,2.5068079438934477e-08,1.6076848749722878,0.2292481187749943,7.664856893542385e-12,1.1572699514297984,2.0580997985147773,range_shift,linear_recalibration,15,3714765938,2.3473397329051644,-0.7396548579328766,True,False
500.0,6.372462131112336,7.974959179737386,-0.04491152622990472,1.0402090697493078,0.040209069749307824,0.05057634345626315,4.888800929412683,6.140206925654271,2.4186875704227213,1.003331426390713e-11,2.410252498652329,0.3470504718063681,1.1901917871280096e-11,1.7283855653080509,3.092119431996607,range_shift,umlr_oracle,15,3714765938,2.3473397329051644,0.06291276574716465,True,True
500.0,11.017641594128497,12.436149921894394,-10.85552345523333,0.6248289749053523,-0.3751710250946477,-0.6181458335992899,10.939703193666132,12.18482523769747,1.288909268604924,1.5290092572643142e-06,1.1562818513471775,0.20705054598543285,3.862267218674155e-08,0.7494795781691268,1.5630841245252283,range_shift,raw_lasso,16,2805254758,2.1744911564889255,-1.018209305141748,True,False
500.0,3.9554619660999086,5.050749663819843,-1.5941652997301925,0.9530176340895422,-0.04698236591045779,-0.0980038677454566,3.7290829338038356,4.579282051471113,1.1715897223520664,2.7966763784716686e-08,1.1562818513471782,0.20705054598543285,3.8622672186740724e-08,0.7494795781691275,1.563084124525229,range_shift,residual_correction,16,2805254758,2.1744911564889255,-1.0182093051417473,True,False
500.0,10.975022372155502,12.395720173719106,-10.809330504781709,0.6264911805576879,-0.37350881944231207,-0.6154337242942498,10.895489350641666,12.14071557872551,1.2913871206602858,1.4567408802709362e-06,1.1593578582325703,0.20760135364909518,3.862267218674237e-08,0.7514733864609573,1.5672423300041833,range_shift,linear_recalibration,16,2805254758,2.1744911564889255,-1.0151332982563552,True,False
500.0,5.9511443255064425,7.618904803720237,-2.809267423872818,0.914295831460147,-0.08570416853985297,-0.12098131707929409,5.112232184696176,6.305969728545112,1.7363133811202107,2.5420170884646607e-08,1.707872846517228,0.30514435963318465,3.611396299110849e-08,1.1083408889682071,2.3074048040662487,range_shift,umlr_oracle,16,2805254758,2.1744911564889255,-0.4666183099716976,True,True
500.0,9.587341639923492,11.06624018542685,-9.228258913853812,0.683581267527461,-0.31641873247253904,-0.5014448764610058,9.363563094346333,10.578340932594312,1.5011072711995999,2.3985017470707757e-09,1.489198184048136,0.21132362409945055,6.135495728339155e-12,1.0740003865695984,1.9043959815266738,range_shift,raw_lasso,17,2409565617,2.258955232493379,-0.769757048445243,True,False
500.0,4.28922065100291,5.333136044445921,-0.7211472245318533,0.9975163027064016,-0.0024836972935984303,-0.004549292842249967,3.436243451741607,4.400603727239082,1.4892659982081555,5.831529863915821e-12,1.489198184048139,0.21132362409945055,6.13549572833856e-12,1.0740003865696015,1.9043959815266764,range_shift,residual_correction,17,2409565617,2.258955232493379,-0.7697570484452401,True,False
500.0,9.545834179161997,11.026841467651765,-9.17862883039522,0.6854797611772775,-0.3145202388227225,-0.49814854747432785,9.31865434793249,10.532977670643428,1.505171504275734,2.2123306101314104e-09,1.4933340979914174,0.2119105280675188,6.13549572833937e-12,1.0769831817552784,1.9096850142275563,range_shift,linear_recalibration,17,2409565617,2.258955232493379,-0.7656211345019617,True,False
500.0,6.388493014292005,7.95279834071493,-0.3276858271582374,1.0195210772537164,0.019521077253716435,0.02377790060944315,4.789018234157311,6.052434393614055,2.2455750051504006,5.0788106461960535e-12,2.2463503381887677,0.3175835724665203,5.1674663081046715e-12,1.6223784544706916,2.870322221906844,range_shift,umlr_oracle,17,2409565617,2.258955232493379,-0.012604894304611314,True,True
500.0,10.5658373903745,12.156708699125849,-10.286142715856437,0.6010524581175708,-0.3989475418824292,-0.6198984976176712,10.705326403729758,12.03899493655866,1.8713397568677754,5.963337396865466e-11,1.7818983131280326,0.21501107811837325,1.085466600348226e-15,1.3594555954779595,2.2043410307781057,range_shift,raw_lasso,18,3994544340,2.501454154177468,-0.7195558410494354,True,False
500.0,4.09714445595173,5.110408738406446,0.4067283676945634,0.9682517676134471,-0.03174823238655289,-0.06274427197075838,3.4828975936906437,4.389305158503924,1.7881956538022363,8.958672974317892e-16,1.7818983131280348,0.21501107811837325,1.0854666003481483e-15,1.3594555954779617,2.204341030778108,range_shift,residual_correction,18,3994544340,2.501454154177468,-0.7195558410494332,True,False
500.0,10.514475753906758,12.108381619903087,-10.228491228754658,0.6028923059657062,-0.3971076940342938,-0.6169659201208522,10.651049590538822,11.985211704314624,1.876374904511496,5.300984494917235e-11,1.787352781756733,0.21566923642728408,1.0854666003481704e-15,1.3636169484816725,2.2110886150317937,range_shift,linear_recalibration,18,3994544340,2.501454154177468,-0.714101372420735,True,False
500.0,6.318144065986105,7.884471697196533,-0.21721284191028137,0.9247460835687762,-0.07525391643122381,-0.09612839762609382,4.9780870989575385,6.19008532183059,2.7755150866649148,7.14534983159854e-16,2.7598560460338093,0.3315943117413806,8.347177468716959e-16,2.108356581749396,3.4113555103182227,range_shift,umlr_oracle,18,3994544340,2.501454154177468,0.2584018918563413,True,True
500.0,8.945799650604283,10.568445912981216,-8.249751573060752,0.722385082971904,-0.27761491702809604,-0.4332613500728928,8.825424156973805,10.130414546766234,2.018933276875505,1.265798742718418e-11,2.0299953631928647,0.25952102342393163,3.140469962549741e-14,1.5201017922105537,2.539888934175176,range_shift,raw_lasso,19,2057069242,2.5582875242604137,-0.5282921610675491,True,False
500.0,4.79314046877223,5.956096187670717,-0.1260234088318751,1.0123690218682715,0.01236902186827149,0.021413556499214167,3.9332959412594573,4.886104213122709,2.030458516455529,2.95939972911411e-14,2.029995363192862,0.25952102342393163,3.140469962549984e-14,1.520101792210551,2.539888934175173,range_shift,residual_correction,19,2057069242,2.5582875242604137,-0.5282921610675517,True,False
500.0,8.900962091737119,10.526018987879974,-8.19007129085731,0.7245663577831487,-0.2754336422168513,-0.42943335543410904,8.773055265488095,10.079434419173756,2.0251495483369832,1.142309316958792e-11,2.0361250270758173,0.2603046590287176,3.1404699625496796e-14,1.5246918091254051,2.5475582450262295,range_shift,linear_recalibration,19,2057069242,2.5582875242604137,-0.5221624971845964,True,False
500.0,6.869781611382615,8.51701953629421,0.25657141638844927,1.0346830394843867,0.03468303948438667,0.0419995432412203,5.349149435629286,6.652569238459325,2.89054999121156,3.8479903834604313e-14,2.8892120206977103,0.37095225660213577,3.97740543749506e-14,2.160384088812453,3.6180399525829676,range_shift,umlr_oracle,19,2057069242,2.5582875242604137,0.3309244964372966,True,True
500.0,8.362404696092717,9.947858571039784,-7.814734381442955,0.6904498118484077,-0.3095501881515923,-0.4944496900019763,8.132330820724308,9.47675725033919,1.5822938828891184,2.2166562815534265e-08,1.3545778490730402,0.2430660649200244,4.1136788399455767e-08,0.8770141349987662,1.8321415631473141,range_shift,raw_lasso,20,1509578524,2.0059143295048707,-0.6513364804318305,True,False
500.0,4.27034667116975,5.357051128017601,-0.1629336134203152,0.9784358954590748,-0.021564104540925166,-0.03959669087713483,3.6039083609921327,4.517703856311904,1.3634987600547255,3.024610535546714e-08,1.3545778490730431,0.2430660649200244,4.1136788399452835e-08,0.8770141349987691,1.8321415631473172,range_shift,residual_correction,20,1509578524,2.0059143295048707,-0.6513364804318276,True,False
500.0,8.32254275424375,9.91059760136573,-7.764463594540901,0.6923004594701971,-0.30769954052980286,-0.49121345622675217,8.089994300984321,9.433511426958269,1.5844986103894723,2.156781849868965e-08,1.3582085927301426,0.24371756721209936,4.113678839945502e-08,0.8793648404307317,1.8370523450295535,range_shift,linear_recalibration,20,1509578524,2.0059143295048707,-0.6477057367747281,True,False
500.0,6.137164996144282,7.7057462038524065,0.42251347691232943,0.9941982694750359,-0.005801730524964133,-0.007413938226072592,4.852267123678766,6.1192806316284765,1.9359420741561106,4.4485724084590755e-08,1.9422338435959112,0.34959734661362385,4.515015260985306e-08,1.2553629415049654,2.629104745686857,range_shift,umlr_oracle,20,1509578524,2.0059143295048707,-0.06368048590895947,True,True
500.0,9.091467581827455,10.605117399208742,-8.590416721316226,0.6997890015146567,-0.3002109984853433,-0.4971896455335075,8.666949970136097,10.047709396554568,1.3075708196266749,9.119124212669379e-07,1.424215067722906,0.22528318212787318,5.756785298188621e-10,0.9815902479610136,1.8668398874847982,range_shift,raw_lasso,21,3029127906,2.260372528403201,-0.8361574606802951,True,False
500.0,4.3622230724082005,5.399905595827863,-0.1092213003436023,1.0178321230267664,0.0178321230267664,0.03401782819688028,3.485619731898491,4.383603321891271,1.428927847848105,4.798941841435405e-10,1.4242150677229062,0.2252831821278732,5.756785298188621e-10,0.9815902479610137,1.8668398874847987,range_shift,residual_correction,21,3029127906,2.260372528403201,-0.8361574606802948,True,False
500.0,9.048095025340446,10.56429584608455,-8.537592472716536,0.701833979629355,-0.298166020370645,-0.49354385175107196,8.61930156688677,9.999963702537725,1.3125069710271502,8.388837780056003e-07,1.4283770203083477,0.22594152225048722,5.756785298188533e-10,0.9844587277032466,1.8722953129134488,range_shift,linear_recalibration,21,3029127906,2.260372528403201,-0.8319955080948533,True,False
500.0,6.554485314521838,8.14471184598101,0.5335740507768774,1.051049186532785,0.051049186532784896,0.0646916011460879,4.968134146459612,6.21651196322833,2.1729586698378354,3.1448878142232436e-10,2.1566467123769306,0.33841773554602333,4.2409213301799463e-10,1.4917409356320748,2.8215524891217862,range_shift,umlr_oracle,21,3029127906,2.260372528403201,-0.1037258160262704,True,True
500.0,8.88906697783577,10.480097651975495,-8.388225097035088,0.7115201440637163,-0.28847985593628367,-0.46961497214864356,8.900284302918477,10.222238031678717,1.533101352581654,9.894468932967475e-09,1.5210917992532142,0.23025070583215873,1.0163366341430994e-10,1.0687070441801088,1.9734765543263197,range_shift,raw_lasso,22,1712186234,2.1734360210629307,-0.6523442218097164,True,False
500.0,4.588343293888292,5.6996727014069135,-1.2900375795565437,0.9767344909413109,-0.02326550905868907,-0.04285903080249124,3.898158128898276,4.914331066754161,1.5220353695197344,9.862185781775211e-11,1.5210917992532165,0.23025070583215876,1.0163366341430493e-10,1.0687070441801108,1.9734765543263222,range_shift,residual_correction,22,1712186234,2.1734360210629307,-0.6523442218097142,True,False
500.0,8.851858321720028,10.446058943415078,-8.342879133655817,0.7132759681248622,-0.28672403187513784,-0.4664826297945884,8.859516526804184,10.182077962145224,1.5367816349635175,9.286699651581945e-09,1.5248454098890107,0.23081889737637423,1.0163366341430994e-10,1.0713443012671264,1.978346518510895,range_shift,linear_recalibration,22,1712186234,2.1734360210629307,-0.6485906111739199,True,False
500.0,6.303634145531727,7.829049083563101,-1.685759426575962,0.96978853200216,-0.030211467997840025,-0.04041401582231264,5.04036800277779,6.325262988660597,2.104527694296997,8.222836619579486e-11,2.103304707861286,0.31700202584676546,8.50013855336338e-11,1.4804754170581398,2.7261339986644324,range_shift,umlr_oracle,22,1712186234,2.1734360210629307,-0.07013131320164456,True,True
500.0,7.791223594836967,9.439760549581335,-6.920393086844781,0.7109278745198545,-0.2890721254801455,-0.4713901181999194,7.326520612584505,8.720996053512604,2.3932045747041757,9.85571710365229e-17,2.052599776456918,0.24841437267971705,1.3020579762271428e-15,1.564527982126474,2.5406715707873624,range_shift,raw_lasso,23,1806177045,2.5234569178650985,-0.47085714140818036,True,True
500.0,4.575862609335514,5.776515138287767,1.1364426465918276,1.0128907907534483,0.012890790753448345,0.023828622059470676,3.7819290442163065,4.732206758163568,2.007695957883673,3.49229019795503e-15,2.052599776456919,0.248414372679717,1.3020579762270892e-15,1.564527982126475,2.5406715707873633,range_shift,residual_correction,23,1806177045,2.5234569178650985,-0.47085714140817947,True,True
500.0,7.755295814132216,9.403106883192889,-6.866476967939589,0.7128675631071022,-0.2871324368928978,-0.46792816330836123,7.282022727262031,8.676277791175695,2.396250901961359,9.397726182873831e-17,2.058200069402625,0.24909214399923454,1.3020579762271694e-15,1.5687966248117944,2.547603513993455,range_shift,linear_recalibration,23,1806177045,2.5234569178650985,-0.4652568484624737,True,True
500.0,6.994918939635457,8.795945325357453,2.562355583657358,1.0520712651557529,0.05207126515575289,0.06478672727831179,5.554810955624558,6.998418609174983,2.911523247708771,1.6937039336848174e-14,3.0198527279573946,0.3687985267424448,2.2494716906461133e-15,2.295256333828118,3.7444491220866714,range_shift,umlr_oracle,23,1806177045,2.5234569178650985,0.49639581009229605,True,True
500.0,8.701319228934691,10.31245759798387,-8.168375932413822,0.6664655629640608,-0.3335344370359392,-0.521806612350384,8.688940156168565,10.018042677753726,1.794502333449682,2.071085041381421e-11,1.8128301234309199,0.21914544891039914,1.2143314972221181e-15,1.3822644064989449,2.243395840362895,range_shift,raw_lasso,24,42129326,2.3951917669216183,-0.5823616434906984,True,False
500.0,4.361664187889319,5.405496301029946,0.5235651542350114,0.9663412613971458,-0.03365873860285418,-0.06161115801802669,3.703167950087223,4.621362711423831,1.810927030025233,1.393995199648522e-15,1.8128301234309268,0.21914544891039914,1.2143314972218458e-15,1.3822644064989518,2.2433958403629015,range_shift,residual_correction,24,42129326,2.3951917669216183,-0.5823616434906915,True,False
500.0,8.655765188755506,10.268997855029507,-8.11093032372091,0.6683047300718333,-0.33169526992816667,-0.5186629123816396,8.638616177417427,9.967952007225389,1.799605558781326,1.8517639742061267e-11,1.8178327788121897,0.21975019898880008,1.2143314972221428e-15,1.3860788800020785,2.249586677622301,range_shift,linear_recalibration,24,42129326,2.3951917669216183,-0.5773589881094285,True,False
500.0,6.1094699683739515,7.555223607355567,0.21678732276913143,0.9322708927497109,-0.06772910725028913,-0.08831962617356141,4.730637190889253,5.945616210355084,2.5431903127127606,1.3507013454551258e-15,2.546983612934809,0.3068759719049821,9.915832284375036e-16,1.944049472575414,3.149917753294204,range_shift,umlr_oracle,24,42129326,2.3951917669216183,0.15179184601319085,True,True
500.0,8.807537140483397,10.607766367520947,-8.380911675716877,0.6839540530693033,-0.31604594693069665,-0.4892647642333695,8.579709650865379,9.984701439261846,1.5734833743712384,1.9053446941450024e-08,1.7359195907980396,0.23598144653136519,7.871712463117009e-13,1.2722753708810441,2.199563810715035,range_shift,raw_lasso,25,3980103190,2.516677066882675,-0.7807574760846354,True,False
500.0,4.594774643674856,5.74754118985459,0.9160531053624674,1.017836469277378,0.01783646927737803,0.03164471434518065,3.6600769746298347,4.559330477159181,1.740338209443107,6.207594763959406e-13,1.7359195907980376,0.23598144653136519,7.871712463117442e-13,1.2722753708810421,2.199563810715033,range_shift,residual_correction,25,3980103190,2.516677066882675,-0.7807574760846374,True,False
500.0,8.762146742204475,10.564639069139043,-8.322518246743392,0.6860059533200182,-0.31399404667998176,-0.48573078452141477,8.527994167644446,9.93311568666626,1.5797031638797228,1.7100162220124354e-08,1.7411274462491388,0.2366894040134926,7.871712463117442e-13,1.2760922678506184,2.2061626246476593,range_shift,linear_recalibration,25,3980103190,2.516677066882675,-0.7755496206335362,True,False
500.0,6.732819540898869,8.429760582552083,1.0331485951800965,1.016290581766062,0.016290581766061907,0.019601750608957406,5.074414064979339,6.314316734877788,2.593592069639105,3.4064698300115155e-13,2.592163157671038,0.3475792269236897,3.949947846846662e-13,1.909257353443048,3.2750689618990285,range_shift,umlr_oracle,25,3980103190,2.516677066882675,0.07548609078836321,True,True
500.0,9.388238869802644,10.957658250834541,-8.84811470322717,0.6569946030744148,-0.3430053969255852,-0.5432470799616431,8.455787492377992,9.823766458231669,1.4672966536020648,3.3080503383612805e-07,1.4204463558950187,0.2361820825173056,3.506538124542766e-09,0.9564079367028008,1.8844847750872367,range_shift,raw_lasso,26,1808737155,2.2239825166334657,-0.803536160738447,True,False
500.0,4.315042366901618,5.448269230480529,-0.323377396298938,0.9650161222790105,-0.03498387772098954,-0.06585099185164746,3.4719773106721514,4.348490808151891,1.424997394964284,3.244722171354385e-09,1.4204463558950187,0.2361820825173056,3.506538124542766e-09,0.9564079367028008,1.8844847750872367,range_shift,residual_correction,26,1808737155,2.2239825166334657,-0.803536160738447,True,False
500.0,9.34799120703881,10.918516307969702,-8.797791895194118,0.6587506256179204,-0.3412493743820796,-0.5402609022773293,8.41194477758305,9.779117230090364,1.4708514149879224,3.12580622233174e-07,1.4242429408458241,0.23681335263631684,3.506538124542686e-09,0.9589642345624473,1.8895216471292011,range_shift,linear_recalibration,26,1808737155,2.2239825166334657,-0.7997395757876415,True,False
500.0,6.196109519317961,7.825354469363346,-1.173043967644503,0.9262132038576978,-0.07378679614230221,-0.0976329429924149,4.695454218027888,5.894224412907883,2.0327954720834707,2.9255186214773625e-09,2.023023184921339,0.3350178445528945,3.047410084499389e-09,1.3647973392917563,2.6812490305509216,range_shift,umlr_oracle,26,1808737155,2.2239825166334657,-0.20095933171212677,True,True
500.0,9.129751716474725,10.69616571522919,-8.394943460676863,0.6621266449481811,-0.3378733550518189,-0.5161343074711096,8.778883845791384,10.183204370937622,1.593053287044818,1.385841494712244e-08,1.4674422467372195,0.23561715572278866,1.0064275736045855e-09,1.0045137666813362,1.9303707267931027,range_shift,raw_lasso,27,2474237539,2.263676422105858,-0.7962341753686386,True,False
500.0,4.512362918616041,5.692261721594086,0.4045434643496001,0.9907418923782098,-0.009258107621790246,-0.016509752361902906,3.7448521122131604,4.755749961581924,1.4687215130028308,9.123978778864111e-10,1.4674422467372186,0.23561715572278866,1.0064275736046012e-09,1.0045137666813353,1.9303707267931018,range_shift,residual_correction,27,2474237539,2.263676422105858,-0.7962341753686395,True,False
500.0,9.09160975532189,10.65807771504865,-8.343188151546476,0.6639908368915273,-0.33600916310847273,-0.5129775531463039,8.734512540143168,10.13833478066834,1.5964732354660587,1.314426787375968e-08,1.471573773590224,0.23628052670591373,1.0064275736045933e-09,1.0073419363149174,1.9358056108655304,range_shift,linear_recalibration,27,2474237539,2.263676422105858,-0.7921026485156342,True,False
500.0,6.588597926016586,8.293150146615696,0.011589154601820667,0.9674080021812009,-0.03259199781879907,-0.03979197773159354,5.110916972502167,6.48227004315731,2.151027560686945,8.188572883019374e-10,2.1419419399639708,0.34391883878413726,1.0066309147199447e-09,1.4662278782585463,2.8176560016693952,range_shift,umlr_oracle,27,2474237539,2.263676422105858,-0.12173448214188731,True,True
500.0,10.051526090080369,11.43647728851514,-9.666603745836833,0.6773679780459722,-0.32263202195402785,-0.53301193452599,9.955146474660161,11.220223812851653,1.3855131634360927,5.013465170564927e-07,1.5394446118670126,0.2262837653854506,2.9514174708805854e-11,1.0948538975369648,1.9840353261970605,range_shift,raw_lasso,28,2168542511,2.4195104802707417,-0.880065868403729,True,False
500.0,4.278942429195893,5.265844799339755,-0.9929072824635755,0.9932752549971133,-0.006724745002886667,-0.013129318704978894,3.4891145325510218,4.482767042789841,1.5331265564314904,3.2744869250917104e-11,1.5394446118670135,0.2262837653854506,2.951417470880535e-11,1.0948538975369657,1.9840353261970614,range_shift,residual_correction,28,2168542511,2.4195104802707417,-0.8800658684037281,True,False
500.0,10.008298260832715,11.393932176064308,-9.614849480507928,0.679338577225295,-0.320661422774705,-0.5295679935713846,9.907217551385472,11.17151714371168,1.3909032753915085,4.5586117334250505e-07,1.5439231647172804,0.22694207020176183,2.9514174708806106e-11,1.0980390469120334,1.9898072825225275,range_shift,linear_recalibration,28,2168542511,2.4195104802707417,-0.8755873155534613,True,False
500.0,6.288837219070243,7.746310845666447,-1.1255016565395886,1.0029848819531229,0.002984881953122853,0.003932230452819641,4.757578693871593,5.945762622174502,2.27606191320065,3.018194419826625e-11,2.27936939722505,0.33541523540226925,3.095277124134154e-11,1.6203627784750858,2.9383760159750145,range_shift,umlr_oracle,28,2168542511,2.4195104802707417,-0.1401410830456915,True,True
500.0,10.924120646324539,12.442162506783667,-10.634572589683692,0.6258038783036197,-0.3741961216963803,-0.5898908310367621,10.808372073423117,12.113349894539194,0.9943774946691951,0.0003785960769058827,1.155473066909724,0.22167165292717586,2.7362682924923614e-07,0.7199439941380179,1.59100213968143,range_shift,raw_lasso,29,1220980093,1.9630061649336596,-0.8075330980239357,True,False
500.0,4.241000189414421,5.28724890203582,-0.8431376679409329,0.9789658389206084,-0.0210341610793916,-0.0410296966206525,3.671408568325822,4.552811780689516,1.1444090819560802,3.4734129307126625e-07,1.1554730669097224,0.22167165292717586,2.736268292492463e-07,0.7199439941380164,1.5910021396814285,range_shift,residual_correction,29,1220980093,1.9630061649336596,-0.8075330980239372,True,False
500.0,10.876402235699741,12.397527943501188,-10.581426561860102,0.6277499315957387,-0.37225006840426134,-0.5866905734974974,10.757653440335183,12.06365202770137,0.9987907642950614,0.00035734361111895225,1.1590662248363095,0.22236098206830823,2.7362682924923164e-07,0.7221827935902227,1.5959496560823963,range_shift,linear_recalibration,29,1220980093,1.9630061649336596,-0.8039399400973501,True,False
500.0,6.600985514467869,8.236755698199763,-1.5409817185552988,0.9599151330585733,-0.040084866941426656,-0.05043945319832872,5.385283401013019,6.616826987393952,1.7555167019067093,4.62736727188997e-07,1.7758164401648053,0.3436361739622054,3.4380557464486555e-07,1.100657743776396,2.4509751365532146,range_shift,umlr_oracle,29,1220980093,1.9630061649336596,-0.18718972476885432,True,True
500.0,5.63192565766631,7.124362032772416,-0.854006329708058,0.8403206526466296,-0.15967934735337042,-0.3971253185140557,4.399910110647368,5.636238776355969,1.7068888129231028,5.959812348719863e-08,1.8637042672308637,0.28173071683705647,9.613632022653602e-11,1.3101742319057714,2.417234302555956,heteroscedastic_errors,raw_lasso,0,3448156221,2.067280926252173,-0.20357665902130928,True,True
500.0,5.089305141973451,6.524476648155385,-0.5954035316242919,1.0157542216589228,0.015754221658922818,0.04265295891502767,3.5724517570299836,4.657487555250689,1.8733128737650306,7.132334534625508e-11,1.8637042672308657,0.28173071683705647,9.613632022653199e-11,1.3101742319057732,2.417234302555958,heteroscedastic_errors,residual_correction,0,3448156221,2.067280926252173,-0.20357665902130728,True,True
500.0,5.631476909869693,7.124425955032524,-0.8530382004457838,0.8416326602771232,-0.15836733972287675,-0.3938522420787312,4.392052819169182,5.628825275437926,1.711034944209849,5.528319101380215e-08,1.8666141019610802,0.2821705880327369,9.61363202265392e-11,1.312219830314095,2.4210083736080654,heteroscedastic_errors,linear_recalibration,0,3448156221,2.067280926252173,-0.20066682429109273,True,True
500.0,5.964051146199787,7.65069039290058,-0.7457359599403428,0.9851155643846736,-0.014884435615326375,-0.03438639756762501,4.184297539860305,5.502442269140317,2.171366817091057,1.1674959430763508e-10,2.1917627645853126,0.330178401213466,8.336107978084135e-11,1.543045208547656,2.8404803206229694,heteroscedastic_errors,umlr_oracle,0,3448156221,2.067280926252173,0.12448183833313964,True,True
500.0,5.748952239342981,7.252975938041418,0.22289186988072404,0.8059990147617729,-0.19400098523822706,-0.4753615600986044,4.78351892585409,6.023492487570565,1.9531620563337695,7.618753930385447e-10,1.8488968703530786,0.2725601948243685,3.3447158584428505e-11,1.3133846054387597,2.3844091352673975,heteroscedastic_errors,raw_lasso,1,1192399299,2.4267610415756833,-0.5778641712226047,True,False
500.0,5.007591800559236,6.419494260729379,0.49350101944441954,0.9698737841515117,-0.03012621584848829,-0.08361074006116706,3.845079325673726,5.0678083476866185,1.863595712514753,2.536624102776642e-11,1.848896870353078,0.27256019482436855,3.3447158584429074e-11,1.3133846054387588,2.384409135267397,heteroscedastic_errors,residual_correction,1,1192399299,2.4267610415756833,-0.5778641712226054,True,False
500.0,5.74651610626192,7.251260808923231,0.22578778661338203,0.8072443969588968,-0.19275560304110317,-0.47242765710096923,4.776298794584509,6.016713101906539,1.9553354648714274,7.211264466823223e-10,1.851753676880735,0.2729813387811998,3.344715858442823e-11,1.3154139699610894,2.3880933838003804,heteroscedastic_errors,linear_recalibration,1,1192399299,2.4267610415756833,-0.5750073646949483,True,False
500.0,5.890332434304704,7.547583946684226,0.5332877534717856,0.9397294877953869,-0.0602705122046131,-0.1422050162406296,4.472319797480283,5.872817748587696,2.1861951651570126,2.882387055383549e-11,2.155313652056684,0.3185290717740824,3.7244830065472523e-11,1.5294840998848787,2.781143204228489,heteroscedastic_errors,umlr_oracle,1,1192399299,2.4267610415756833,-0.2714473895189995,True,True
500.0,5.782411872689201,7.2416592155910005,0.38958767109678605,0.8508430694589809,-0.14915693054101908,-0.36029595318003027,4.453057016294776,5.672997448916909,2.5847908850476546,8.108321072161296e-16,2.540697675834474,0.28768989457087685,1.779692734238865e-17,1.9754593543184304,3.1059359973505174,heteroscedastic_errors,raw_lasso,2,985978386,2.7621539727787368,-0.22145629694426283,True,True
500.0,5.399451057126612,6.788517433340822,0.5278578556702828,1.0315341264032118,0.03153412640321185,0.08138557108541013,3.9562438781803886,5.277920678026697,2.530504831002437,2.9086654504194696e-17,2.540697675834472,0.28768989457087685,1.7796927342389615e-17,1.9754593543184287,3.1059359973505156,heteroscedastic_errors,residual_correction,2,985978386,2.7621539727787368,-0.2214562969442646,True,True
500.0,5.78349660858155,7.243321854859516,0.3914548237671411,0.8522187447709109,-0.14778125522908914,-0.3568957381711202,4.448237559941971,5.669987939455915,2.58848431697349,7.445448027615547e-16,2.5448055721001674,0.28815504249257823,1.7796927342389615e-17,1.978653351849824,3.110957792350511,heteroscedastic_errors,linear_recalibration,2,985978386,2.7621539727787368,-0.2173484006785693,True,True
500.0,6.595239768544485,8.290748005816944,0.6483906839970617,1.0365199792611284,0.03651997926112838,0.07717802451365158,4.711528118282131,6.3666653726227525,3.079870552023437,3.787028213551526e-17,3.0917172309610668,0.35167365319607574,2.4220460658064075e-17,2.4007669083907595,3.782667553531374,heteroscedastic_errors,umlr_oracle,2,985978386,2.7621539727787368,0.32956325818233,True,True
500.0,5.7011818159521646,7.066430775746367,0.17842349833617618,0.8070963508466389,-0.1929036491533611,-0.47068824758220934,4.726338259548009,5.911665065780671,1.6601811938485846,4.7672327852423247e-08,1.6717749983019123,0.2619298881684982,3.9976093815230725e-10,1.1571486136522706,2.186401382951554,heteroscedastic_errors,raw_lasso,3,1847318585,2.251186707204568,-0.5794117089026556,True,False
500.0,4.983309925419768,6.277462201570305,0.4949955325158486,0.9674544523691553,-0.03254554763084472,-0.08964300370274574,4.022868238565671,5.06702826760561,1.6698012350258047,4.767128213041919e-10,1.671774998301912,0.2619298881684982,3.997609381523106e-10,1.1571486136522702,2.1864013829515536,heteroscedastic_errors,residual_correction,3,1847318585,2.251186707204568,-0.579411708902656,True,False
500.0,5.699746112110926,7.06495124908651,0.18171105232913803,0.8083289984051271,-0.19167100159487294,-0.4677841208693495,4.7215387832566735,5.90571412582346,1.66280834739686,4.502050324742932e-08,1.6743282366703385,0.2623299237241135,3.997609381523106e-10,1.1589158827173955,2.1897405906232814,heteroscedastic_errors,linear_recalibration,3,1847318585,2.251186707204568,-0.5768584705342295,True,False
500.0,6.013129006962707,7.571929413297447,0.644331939988904,0.9760165832455074,-0.02398341675449256,-0.0547945224338166,4.728463119322421,5.970678075919033,2.0163818378828178,4.4555728224941737e-10,2.017846364633636,0.3166145951547904,4.229202497191366e-10,1.395778277745429,2.639914451521843,heteroscedastic_errors,umlr_oracle,3,1847318585,2.251186707204568,-0.23334034257093172,True,True
500.0,5.633040510565191,7.097840664807067,-0.23865413531437799,0.8207980468841138,-0.17920195311588616,-0.42519753065210386,4.554768730654571,5.656234932864131,1.653245363745738,8.757963388607369e-08,1.685254549157304,0.2735931590483454,1.5057126933184486e-09,1.147712769215988,2.22279632909862,heteroscedastic_errors,raw_lasso,4,2331461999,2.0825417373107347,-0.39728718815343056,True,True
500.0,5.079810989940937,6.4425758228262815,-0.22206442007416652,0.9713209526715854,-0.028679047328414642,-0.07497076259363575,3.8535369258136365,4.978633799361371,1.6799697087283674,1.8222776845636365e-09,1.6852545491573045,0.27359315904834547,1.5057126933184372e-09,1.1477127692159883,2.222796329098621,heteroscedastic_errors,residual_correction,4,2331461999,2.0825417373107347,-0.3972871881534301,True,True
500.0,5.632295585423024,7.097789595686899,-0.23884571979458466,0.8220223685066078,-0.17797763149339219,-0.4222959739108077,4.550256706684749,5.652047241456218,1.6559762111811154,8.32608568232028e-08,1.6877683143785693,0.27400125702282396,1.5057126933184486e-09,1.1494247245076676,2.2261119042494713,heteroscedastic_errors,linear_recalibration,4,2331461999,2.0825417373107347,-0.39477342293216533,True,True
500.0,5.908471866613458,7.488965220915946,-0.25941719234008875,0.9503995436386986,-0.04960045636130139,-0.11154579009142256,4.459669200925309,5.7220301119087615,1.9408341120600374,2.3057953642623087e-09,1.9498637241571681,0.31696418232516516,1.5782534286953732e-09,1.3271087863606212,2.5726186619537152,heteroscedastic_errors,umlr_oracle,4,2331461999,2.0825417373107347,-0.13267801315356653,True,True
500.0,5.599686752142554,7.03756010486267,0.21897966459122428,0.8631134466467337,-0.13688655335326627,-0.3401787212800857,4.517564258561356,5.657432006311249,2.202966082350627,1.099867524967076e-12,2.037638194434898,0.28516331430827296,3.2131414295798343e-12,1.4773639679870527,2.597912420882743,heteroscedastic_errors,raw_lasso,5,1988947599,2.1381900565770535,-0.10055186214215572,True,True
500.0,5.161411762174741,6.617846434487253,0.13439589637315066,1.0089268837707779,0.008926883770777883,0.023584729462857786,3.8911443328800255,5.063645006559113,2.0152352757300678,4.777950636377981e-12,2.037638194434898,0.285163314308273,3.213141429579863e-12,1.4773639679870525,2.597912420882743,heteroscedastic_errors,residual_correction,5,1988947599,2.1381900565770535,-0.10055186214215572,True,True
500.0,5.599449992877057,7.039168129395903,0.21845361441393754,0.8643708210307558,-0.1356291789692442,-0.33697614802075887,4.512682087445259,5.6535781487908086,2.204299763391077,1.0777187104401785e-12,2.0406066038363972,0.28557873715687654,3.2131414295798912e-12,1.4795161759226843,2.6016970317501102,heteroscedastic_errors,linear_recalibration,5,1988947599,2.1381900565770535,-0.09758345274065627,True,True
500.0,6.205156613975844,7.962620227713871,0.13256620842262168,1.0348937134537666,0.03489371345376657,0.07661424274321962,4.639185917749515,6.0699042887676224,2.388829082084521,1.0160158850118896e-11,2.4468545846830003,0.3421976837170466,3.11085012441853e-12,1.7745221600094996,3.119187009356501,heteroscedastic_errors,umlr_oracle,5,1988947599,2.1381900565770535,0.3086645281059468,True,True
500.0,5.8226119731153,7.301105786179028,0.35272431575214536,0.8456800162177683,-0.15431998378223166,-0.3765925252387952,4.5968695940692035,5.77841258878341,2.095269750054703,2.94485711302803e-12,2.189037684653926,0.2677917594250791,2.4911406895614134e-15,1.6628941965795874,2.7151811727282644,heteroscedastic_errors,raw_lasso,6,2835761864,2.4374364891042686,-0.24839880445034268,True,True
500.0,5.448839676841073,6.786526183827396,0.537300970211036,1.0201702440607276,0.02017024406072765,0.0530590884074698,4.091184076826506,5.30101378585565,2.1982189334530484,1.853462119775041e-15,2.189037684653926,0.2677917594250791,2.4911406895614134e-15,1.6628941965795874,2.7151811727282644,heteroscedastic_errors,residual_correction,6,2835761864,2.4374364891042686,-0.24839880445034268,True,True
500.0,5.823307295422674,7.302170358799592,0.3549097420741243,0.8469902840753364,-0.15300971592466361,-0.3733458948730616,4.592578083097134,5.774888655938245,2.0994302152327142,2.6729503725904407e-12,2.19242930519858,0.2682066668701735,2.4911406895614134e-15,1.6654706282967036,2.7193879821004563,heteroscedastic_errors,linear_recalibration,6,2835761864,2.4374364891042686,-0.24500718390568865,True,True
500.0,6.685271968129306,8.321538941572838,0.6660660673864934,1.0290644006270986,0.029064400627098586,0.0623568450240471,5.00029345062217,6.427662132336339,2.676495576131405,2.9769554767368613e-15,2.6626550979021744,0.3284883328114913,4.107457600173374e-15,2.0172581014142525,3.308052094390096,heteroscedastic_errors,umlr_oracle,6,2835761864,2.4374364891042686,0.22521860879790578,True,True
500.0,5.698636255173801,7.130718114192546,0.9457919527994485,0.8461397853064432,-0.15386021469355682,-0.382417642624666,4.860296498662312,6.03968805775813,2.040444602741844,3.785994880963705e-11,1.9167958759479984,0.2789459304408181,1.907916188908832e-11,1.3687372458341958,2.4648545060618012,heteroscedastic_errors,raw_lasso,7,3072025343,2.317727942406081,-0.40093206645808244,True,True
500.0,5.246123652254859,6.572952196197125,0.7430470263504495,1.0036877717220392,0.003687771722039157,0.0099194404394012,4.138283236610602,5.383091309958722,1.909389751640308,2.08302416676007e-11,1.916795875947999,0.2789459304408181,1.9079161889087996e-11,1.3687372458341964,2.4648545060618017,heteroscedastic_errors,residual_correction,7,3072025343,2.317727942406081,-0.40093206645808177,True,True
500.0,5.698313555335042,7.131198379365727,0.9452934036420273,0.8473765499103237,-0.15262345008967626,-0.3793140954655119,4.854926696912698,6.035716750825853,2.042211164681331,3.649184361521831e-11,1.9195975705774264,0.27935365320620115,1.9079161889087495e-11,1.3707378677255884,2.4684572734292645,heteroscedastic_errors,linear_recalibration,7,3072025343,2.317727942406081,-0.3981303718286544,True,True
500.0,6.163767319626482,7.715121251214857,0.8991107468056807,0.9916294808841286,-0.008370519115871389,-0.019189766922958786,4.773485996679354,6.214569901468335,2.241137485147174,2.0446836003285562e-11,2.2392428586161937,0.3273705104768589,2.3331226235930127e-11,1.5960421020105353,2.882443615221852,heteroscedastic_errors,umlr_oracle,7,3072025343,2.317727942406081,-0.07848508378988717,True,True
500.0,5.942131005985218,7.422458163195531,-0.7752177527586318,0.7973916681402962,-0.20260833185970384,-0.4642386377543046,4.9910592219788485,6.305486575650433,1.3659899773416946,7.232264760303453e-05,1.260428880371544,0.30233320049628637,3.609384818798823e-05,0.6664201438394622,1.8544376169036259,heteroscedastic_errors,raw_lasso,8,1533883826,2.154465638010452,-0.8940367576389081,True,False
500.0,5.348882257717327,6.651391354417394,-0.7659628607725752,0.9437143549807625,-0.056285645019237496,-0.14409009972071007,4.148909987419015,5.380803358458928,1.2889516900966191,2.8201651685221313e-05,1.2604288803715427,0.30233320049628637,3.6093848187988827e-05,0.6664201438394609,1.8544376169036245,heteroscedastic_errors,residual_correction,8,1533883826,2.154465638010452,-0.8940367576389094,True,False
500.0,5.942021895216121,7.4219058542861145,-0.7762781565868189,0.7985793020302286,-0.20142069796977136,-0.4615590913929933,4.984299066209804,6.3003067244540745,1.3672403185691995,7.110196860768349e-05,1.2623061611533586,0.3027834950871474,3.6093848187988535e-05,0.6674127089481534,1.8571996133585638,heteroscedastic_errors,linear_recalibration,8,1533883826,2.154465638010452,-0.8921594768570935,True,False
500.0,6.232235186482776,7.760753594324324,-0.9230523693928492,0.9274582082820275,-0.07254179171797248,-0.15923121555592673,4.776094507946092,6.219319354842434,1.4855048932751442,3.5156109795339575e-05,1.4485891950096759,0.3519218884831549,4.508836582559626e-05,0.7571511525032235,2.1400272375161284,heteroscedastic_errors,umlr_oracle,8,1533883826,2.154465638010452,-0.7058764430007762,True,False
500.0,5.717278298030151,7.3372035858411175,-0.30079654177546455,0.8348054341368276,-0.16519456586317238,-0.3878945996640929,4.560994959103931,5.897433687460224,1.689551636134517,2.951339593095452e-07,1.8311667701143315,0.2971476870922481,1.4814380040514417e-09,1.2473462638538397,2.4149872763748235,heteroscedastic_errors,raw_lasso,9,2912034596,2.0452782297485164,-0.21411145963418488,True,True
500.0,5.312867693771787,6.778860183889286,-0.4843916113390394,0.9856893492479941,-0.014310650752005882,-0.03643322220585477,3.786698270623057,4.955520302369917,1.8151121989563572,1.9690829966072824e-09,1.8311667701143302,0.2971476870922481,1.4814380040514647e-09,1.2473462638538384,2.4149872763748217,heteroscedastic_errors,residual_correction,9,2912034596,2.0452782297485164,-0.2141114596341862,True,True
500.0,5.718077897659916,7.338283845014027,-0.3030098554336566,0.8360229449035527,-0.16397705509644733,-0.3849837626527157,4.554188063212268,5.891299738575631,1.6932294022865726,2.7874943832150957e-07,1.8338374106817203,0.29758105814321206,1.4814380040514647e-09,1.2491654392496558,2.418509382113785,heteroscedastic_errors,linear_recalibration,9,2912034596,2.0452782297485164,-0.21144081906679602,True,True
500.0,6.197228435862681,7.910099231982447,-0.5559748706973298,0.971376626654924,-0.02862337334507603,-0.06244498736252744,4.401810584441923,5.802007804249991,2.09915185608069,2.774117995420316e-09,2.1277885434517265,0.34639602861930885,1.6640374639090629e-09,1.4472074264519283,2.8083696604515245,heteroscedastic_errors,umlr_oracle,9,2912034596,2.0452782297485164,0.08251031370321016,True,True
500.0,5.4839861144467354,6.9048916795849085,0.6865437018878554,0.8404125912300952,-0.15958740876990485,-0.40269672731313116,4.982226560620695,6.2004538111426015,1.380141596414573,6.667149981375792e-06,1.6061362352616628,0.27506907566552297,9.491448139075868e-09,1.0656946501929005,2.146577820330425,heteroscedastic_errors,raw_lasso,10,1501368492,2.2229714223806583,-0.6168351871189954,True,False
500.0,4.906371179115955,6.322780919484927,0.63559562093515,0.9913356189291278,-0.008664381070872196,-0.02387887323893821,4.118185051054372,5.394693133718078,1.5846759094342329,1.330106371207117e-08,1.606136235261663,0.275069075665523,9.491448139075868e-09,1.0656946501929005,2.1465778203304255,heteroscedastic_errors,residual_correction,10,1501368492,2.2229714223806583,-0.6168351871189952,True,False
500.0,5.4820375618388395,6.90481909746118,0.6870683052000839,0.8416759860126957,-0.15832401398730434,-0.39951601639539697,4.9764579238158495,6.195335641734828,1.3842536778089638,6.247680779028702e-06,1.6085507447073208,0.27548258783642215,9.49144813907587e-09,1.0672967121740617,2.14980477724058,heteroscedastic_errors,linear_recalibration,10,1501368492,2.2229714223806583,-0.6144206776733374,True,False
500.0,5.798699960251268,7.4747478662235025,0.7597100511154055,0.9953285896263818,-0.004671410373618179,-0.010891437906140507,4.7499519380287225,6.243814088666478,1.8906129481669462,9.647494106250985e-09,1.908491352899008,0.32510918731285066,7.959346960685459e-09,1.2697335278448243,2.5472491779531916,heteroscedastic_errors,umlr_oracle,10,1501368492,2.2229714223806583,-0.3144800694816503,True,True
500.0,5.323465334459801,6.796253858971425,-0.6268067628369234,0.8251122907261933,-0.1748877092738067,-0.4298297545780269,4.523360001564222,5.903269831299592,1.3729035430862064,7.151338820005908e-06,1.5808920351541236,0.2705823675182989,9.30536214939296e-09,1.049265703697422,2.112518366610825,heteroscedastic_errors,raw_lasso,11,2163221294,2.0458131086181774,-0.46492107346405387,True,True
500.0,4.826327758181586,6.136522598266455,-0.5637901438216256,1.0037452886821674,0.0037452886821673914,0.01019425462634156,3.7867248767308572,4.959124198667841,1.5779295256222454,8.875263300391064e-09,1.5808920351541236,0.2705823675182989,9.30536214939296e-09,1.049265703697422,2.112518366610825,heteroscedastic_errors,residual_correction,11,2163221294,2.0458131086181774,-0.46492107346405387,True,True
500.0,5.323332970827487,6.79577566532621,-0.627202816104819,0.8263047954371864,-0.17369520456281362,-0.4269314920030854,4.51790515088173,5.897135529089747,1.3765465514207975,6.743040941814635e-06,1.583176840774743,0.2709734303489025,9.305362149392755e-09,1.0507821691637673,2.115571512385719,heteroscedastic_errors,linear_recalibration,11,2163221294,2.0458131086181774,-0.46263626784343437,True,True
500.0,5.831429771635958,7.418712618065029,-0.672823436502941,0.9958229197276401,-0.004177080272359857,-0.009403500363871683,4.454398091248151,5.846705345072422,1.9006340839360125,1.0132899057767453e-08,1.9142204949411252,0.32712427484232853,8.840889667939863e-09,1.271503529457039,2.5569374604252113,heteroscedastic_errors,umlr_oracle,11,2163221294,2.0458131086181774,-0.13159261367705222,True,True
500.0,5.677410184351213,7.135613251015157,-0.15340114587794645,0.8366361480940074,-0.16336385190599256,-0.3937308749375218,4.3848898534738385,5.562896811895288,1.4915056050240358,8.692420215307105e-06,1.502350943072526,0.3041298676045264,1.0699568653489838e-06,0.9048122073303589,2.099889678814693,heteroscedastic_errors,raw_lasso,12,6866504,1.8350762282745392,-0.3327252852020133,True,True
500.0,5.103833086870465,6.568966297077489,0.06586203009164322,0.9779879907419189,-0.02201200925808111,-0.05761809732700607,3.830881604842741,4.960353009126295,1.5008724006375649,1.1157837425882433e-06,1.5023509430725264,0.3041298676045264,1.0699568653489738e-06,0.9048122073303594,2.0998896788146935,heteroscedastic_errors,residual_correction,12,6866504,1.8350762282745392,-0.33272528520201283,True,True
500.0,5.676790691415508,7.136131900431672,-0.15138462295606023,0.8378431253030508,-0.16215687469694917,-0.3907911054768833,4.381118035344223,5.5593059588779665,1.4937529315469482,8.43408787639402e-06,1.504518316969057,0.3045686220375309,1.0699568653489838e-06,0.9061175390629166,2.1029190948751975,heteroscedastic_errors,linear_recalibration,12,6866504,1.8350762282745392,-0.3305579113054822,True,True
500.0,5.840554028278875,7.4847887471682695,0.03647927411860326,0.9499961122117692,-0.05000388778823084,-0.11486925718118438,4.333858499332022,5.62643707415799,1.7033442685595426,1.2340691237544852e-06,1.7066804220900726,0.3447898867997969,1.0184729493347105e-06,1.029254970003468,2.384105874176677,heteroscedastic_errors,umlr_oracle,12,6866504,1.8350762282745392,-0.12839580618446655,True,True
500.0,5.650869424443619,7.135241418135528,0.2567578650100186,0.8559792067103246,-0.14402079328967543,-0.364925752638911,4.789996813765468,6.027617922460399,1.4492062463778619,1.1683324953447778e-05,1.5068722630308915,0.30357950439578374,9.520065358861473e-07,0.9104148526400995,2.1033296734216833,heteroscedastic_errors,raw_lasso,13,3888965068,2.2011410909270688,-0.6942688278961773,True,False
500.0,5.258301872989005,6.65973115364421,0.14232869150897848,1.0280683023983064,0.028068302398306377,0.07616672383509362,3.9553735759696163,5.290981138792567,1.5173183311950391,8.328851709771326e-07,1.5068722630308915,0.3035795043957838,9.520065358861505e-07,0.9104148526400994,2.1033296734216838,heteroscedastic_errors,residual_correction,13,3888965068,2.2011410909270688,-0.6942688278961773,True,False
500.0,5.651637199784387,7.136113942452051,0.2561143403626113,0.8573287066216908,-0.1426712933783092,-0.36146090368224115,4.782426726911597,6.021883722576541,1.4521149965386304,1.1240423276673217e-05,1.509247932871302,0.3040581147534456,9.520065358861505e-07,0.9118501734438207,2.106645692298783,heteroscedastic_errors,linear_recalibration,13,3888965068,2.2011410909270688,-0.6918931580557668,True,False
500.0,6.35756878183785,8.044591087768568,0.17759942900709558,1.032007798487369,0.03200779848736901,0.07190586496123068,4.698278167809482,6.286317749156017,1.836819763005304,7.870568557086405e-07,1.8249544616856033,0.3667763026272867,8.976044295709416e-07,1.1043312295830503,2.5455776937881565,heteroscedastic_errors,umlr_oracle,13,3888965068,2.2011410909270688,-0.3761866292414655,True,True
500.0,5.641623265159646,7.069465622615716,0.6411350780991838,0.8331114721218768,-0.16688852787812325,-0.4102527813946966,4.561334577216638,5.631038313160897,2.058882105665351,1.193266491206893e-10,2.2223438684295633,0.2810580851643736,1.7172731528377023e-14,1.6701353852508642,2.7745523516082624,heteroscedastic_errors,raw_lasso,14,139295375,2.4179019873708736,-0.19555811894131025,True,True
500.0,5.139212716910431,6.431960045509756,0.3539783023232782,0.9916487517670529,-0.008351248232947084,-0.02250531000148772,3.618566407140503,4.670100035181066,2.2083079146761513,2.2466229411450217e-14,2.222343868429564,0.2810580851643736,1.717273152837669e-14,1.6701353852508651,2.7745523516082633,heteroscedastic_errors,residual_correction,14,139295375,2.4179019873708736,-0.19555811894130937,True,True
500.0,5.640671697291185,7.0692615277473845,0.6394277753397557,0.8343270164274845,-0.16567298357251548,-0.40726754955729433,4.554222569007541,5.624095885040177,2.063261287757287,1.0856133275329321e-10,2.2255863606107003,0.28146816060613467,1.7172731528377868e-14,1.6725721822763138,2.7786005389450867,heteroscedastic_errors,linear_recalibration,14,139295375,2.4179019873708736,-0.19231562676017333,True,True
500.0,6.170277440746558,7.741656686208844,0.41249168450655577,1.0001447275847695,0.00014472758476946623,0.00032400597374513394,4.2842839911972375,5.5911780619194875,2.6465316546401865,2.960290122636956e-14,2.6537566313096295,0.33875496557342294,2.889451330103833e-14,1.988188282335963,3.3193249802832963,heteroscedastic_errors,umlr_oracle,14,139295375,2.4179019873708736,0.23585464393875588,True,True
500.0,5.611193254948285,6.984893614612993,-0.7057009551842416,0.8064938769093872,-0.19350612309061277,-0.4810394396554184,4.7364037056867545,5.9873630246965295,1.8236381981799805,2.1034516831708553e-09,1.6412774848311396,0.2621827622915063,8.32583456771509e-10,1.1261542660988928,2.1564007035633863,heteroscedastic_errors,raw_lasso,15,1227086819,1.720436649034148,-0.0791591642030085,True,True
500.0,4.850400592331958,6.160006273383986,-0.5651099978664337,0.9586592649268103,-0.041340735073189694,-0.11642603617910978,4.011813613895705,5.12242149877537,1.6761314551521493,4.19968301177688e-10,1.6412774848311393,0.2621827622915063,8.32583456771509e-10,1.1261542660988924,2.1564007035633863,heteroscedastic_errors,residual_correction,15,1227086819,1.720436649034148,-0.07915916420300873,True,True
500.0,5.607771799593641,6.982754600287647,-0.7053551365465519,0.8077718643374298,-0.19222813566257024,-0.4780079502129163,4.730141215530683,5.981395498898697,1.8249918671072947,2.0209691854664934e-09,1.6438782881993947,0.26259822269815186,8.32583456771509e-10,1.127938794209169,2.1598177821896205,heteroscedastic_errors,linear_recalibration,15,1227086819,1.720436649034148,-0.07655836083475331,True,True
500.0,5.740784653929617,7.2896954054801855,-0.6651574910431312,0.9538679258931054,-0.04613207410689457,-0.10978094002816785,4.6294558913289325,5.954936968209606,1.9883914841400672,3.798540920538857e-10,1.949874547218729,0.31043897270138693,7.348873476765771e-10,1.3399400059842035,2.559809088453255,heteroscedastic_errors,umlr_oracle,15,1227086819,1.720436649034148,0.22943789818458105,True,True
500.0,5.5496287096932955,6.944570229261664,0.06695546990572117,0.8105907039136131,-0.1894092960863869,-0.47228212156413196,4.6247587179643945,5.8590133370001265,1.8939684750867334,4.547678320167333e-10,1.7748944900099988,0.26152056051144384,3.273781193163931e-11,1.2610723313070786,2.288716648712919,heteroscedastic_errors,raw_lasso,16,1101550145,2.2642540824613535,-0.48935959245135474,True,True
500.0,4.942021411215498,6.149407231261927,0.13454406093789878,0.9667933378434108,-0.033206662156589184,-0.09352362802643897,3.806140129621962,4.91552064291263,1.7937396795485971,2.259049028921509e-11,1.7748944900099988,0.26152056051144384,3.273781193163931e-11,1.2610723313070786,2.288716648712919,heteroscedastic_errors,residual_correction,16,1101550145,2.2642540824613535,-0.48935959245135474,True,True
500.0,5.5480636066915086,6.942722084613468,0.06772327587080719,0.8118363195770829,-0.1881636804229171,-0.4693016536357629,4.618182707867228,5.851942746100923,1.8958928698918338,4.31207604854311e-10,1.777621928613832,0.26192243300383694,3.2737811931639596e-11,1.263010191488623,2.292233665739041,heteroscedastic_errors,linear_recalibration,16,1101550145,2.2642540824613535,-0.48663215384752156,True,True
500.0,5.903541240599271,7.3326436967852455,0.17118502009965386,0.9681773970322378,-0.03182260296776218,-0.07516556088242748,4.429349855998227,5.707453334324797,2.1464105271519283,1.9054452164353255e-11,2.1289445744453075,0.31219002279331864,2.6620808651379696e-11,1.5155696599702468,2.7423194889203684,heteroscedastic_errors,umlr_oracle,16,1101550145,2.2642540824613535,-0.13530950801604602,True,True
500.0,5.803567110388414,7.4537515275778565,-0.399044408546683,0.8219185064034386,-0.17808149359656145,-0.41440059574351035,4.711565406994265,6.005172588298779,2.2615015584551257,4.29368009078482e-12,2.2846046550957735,0.286708518951155,1.107488687207066e-14,1.7212944899680374,2.84791482022351,heteroscedastic_errors,raw_lasso,17,3659452081,2.5436505774226323,-0.25904592232685886,True,True
500.0,5.241520088405043,6.784350638635125,-0.14351062781171417,0.9798978847115026,-0.02010211528849737,-0.05133149244072876,3.9504592387884108,5.223793414854424,2.281884726737212,1.2225378996283605e-14,2.2846046550957726,0.286708518951155,1.1074886872070876e-14,1.7212944899680365,2.847914820223509,heteroscedastic_errors,residual_correction,17,3659452081,2.5436505774226323,-0.25904592232685975,True,True
500.0,5.80291633009876,7.454107657255856,-0.3971271353756673,0.8232118032812087,-0.1767881967187913,-0.4113656798156887,4.705772630256492,6.000148833500602,2.2652630743713513,3.9541776500846595e-12,2.2881995030574087,0.28715965763400597,1.107488687207066e-14,1.7240029638279823,2.852396042286835,heteroscedastic_errors,linear_recalibration,17,3659452081,2.5436505774226323,-0.25545107436522363,True,True
500.0,6.114139433434032,7.905550307911331,-0.17342063581590098,0.9580860232889549,-0.04191397671104513,-0.09185113178862747,4.522741544050089,6.016097724539955,2.655354405890379,1.3333867933666232e-14,2.6609093910336536,0.3330069076277348,9.445292220986288e-15,2.006634530939894,3.3151842511274134,heteroscedastic_errors,umlr_oracle,17,3659452081,2.5436505774226323,0.1172588136110213,True,True
500.0,6.097189324629935,7.623708539715669,-0.30053202997535006,0.7954360054197653,-0.20456399458023466,-0.47412915332592726,4.847322683591865,6.113412887875736,2.6320958901894,1.446268768895646e-15,2.2992851412765294,0.28311837680227625,3.669670888737109e-15,1.7430287029585694,2.8555415795944894,heteroscedastic_errors,raw_lasso,18,4103444469,2.3134913083302915,-0.014206167053762098,True,True
500.0,5.249167414807211,6.711194229957961,-0.183970282852817,0.9918193660516815,-0.008180633948318472,-0.021530118907004975,3.9632719995943035,5.122851867265005,2.2911028292861246,3.2004338227495237e-15,2.2992851412765707,0.28311837680227625,3.669670888733242e-15,1.7430287029586107,2.8555415795945307,heteroscedastic_errors,residual_correction,18,4103444469,2.3134913083302915,-0.014206167053720797,True,True
500.0,6.094368548462597,7.622455770889677,-0.30003433346995756,0.7967871058471101,-0.2032128941528899,-0.4710739505172334,4.840410734380056,6.10665362577193,2.6336173492330652,1.3742296680575857e-15,2.303190628475752,0.28359927200601404,3.669670888736888e-15,1.7459893519729426,2.8603919049785618,heteroscedastic_errors,linear_recalibration,18,4103444469,2.3134913083302915,-0.010300679854539307,True,True
500.0,6.769449533279254,8.67847302553321,-0.20474894189240705,1.0281080512890524,0.02810805128905236,0.05720109758876094,5.098079070595646,6.594497351198687,2.886876512340681,1.7512020557853732e-14,2.964546485951318,0.36571004816041114,4.092776553852721e-15,2.246018175834345,3.6830747960682912,heteroscedastic_errors,umlr_oracle,18,4103444469,2.3134913083302915,0.6510551776210267,True,True
500.0,5.649787647861608,7.089242990904803,-0.5124453930792845,0.8400295620684173,-0.15997043793158272,-0.39408359062121373,4.305730489474302,5.626772305229026,1.3848128915339166,2.060896330164185e-06,1.5443769119020105,0.2627768968088101,7.658319637028157e-09,1.0280863682005759,2.060667455603445,heteroscedastic_errors,raw_lasso,19,3979411183,1.9427707603658422,-0.39839384846383163,True,True
500.0,5.226661250263119,6.518934053221233,-0.4302744456825454,0.9836728618137452,-0.016327138186254753,-0.04372123663073868,3.699263833564921,4.890908032937358,1.523193377527674,1.1672550394724891e-08,1.5443769119020108,0.2627768968088101,7.658319637028102e-09,1.0280863682005763,2.060667455603445,heteroscedastic_errors,residual_correction,19,3979411183,1.9427707603658422,-0.3983938484638314,True,True
500.0,5.650901709618507,7.089593368912046,-0.5123542542045948,0.8413140459567346,-0.15868595404326535,-0.390899506965184,4.300129372551298,5.6213420264106375,1.3884034707910213,1.938750047412371e-06,1.5467384088664078,0.2631787072990765,7.658319637027929e-09,1.0296584085612768,2.063818409171539,heteroscedastic_errors,linear_recalibration,19,3979411183,1.9427707603658422,-0.3960323514994344,True,True
500.0,6.120457028904679,7.633143980076074,-0.4975003687785346,0.9813178459784936,-0.018682154021506414,-0.042722708480623886,4.325199496266462,5.687979850188896,1.7787829712285588,1.2822611721180557e-08,1.803149197078056,0.3077839240781975,8.50752666200398e-09,1.1984311589450856,2.407867235211026,heteroscedastic_errors,umlr_oracle,19,3979411183,1.9427707603658422,-0.1396215632877862,True,True
500.0,5.912126163971653,7.486590265189055,0.12406049855289748,0.8276240543816223,-0.17237594561837766,-0.4015327545204244,4.63076013435798,5.965506869366218,1.98439104415685,1.6519353050679366e-09,2.0077756501642154,0.2936387017124684,2.3708627832495982e-11,1.4308494180639248,2.584701882264506,heteroscedastic_errors,raw_lasso,20,737640100,2.2522730135824967,-0.2444973634182812,True,True
500.0,5.341952301511736,6.885706803372765,0.3113614552627362,0.9677312888116987,-0.032268711188301324,-0.0817986803712727,3.7919101482065787,5.1560618536672385,2.003300051224356,2.949015167865027e-11,2.0077756501642168,0.2936387017124684,2.3708627832495374e-11,1.4308494180639262,2.5847018822645076,heteroscedastic_errors,residual_correction,20,737640100,2.2522730135824967,-0.24449736341827988,True,True
500.0,5.912465897062333,7.48734064382739,0.12611942593459705,0.828790470449413,-0.171209529550587,-0.3987775558159317,4.624429901421496,5.9608527658572,1.9873779634224031,1.5641919328043094e-09,2.0106053187395467,0.29405254287378957,2.3708627832495177e-11,1.4328659927912837,2.58834464468781,heteroscedastic_errors,linear_recalibration,20,737640100,2.2522730135824967,-0.24166769484294992,True,True
500.0,6.236507762128611,8.05245737614794,0.3568181314552718,0.9652210668132055,-0.03477893318679448,-0.07538472594933465,4.399528184152403,6.040850816765284,2.338820211849755,3.198057669048676e-11,2.343654764935451,0.343659751966802,2.6568636270069713e-11,1.6684497436951982,3.0188597861757036,heteroscedastic_errors,umlr_oracle,20,737640100,2.2522730135824967,0.09138175135295423,True,True
500.0,5.583901789992122,7.1384727940143815,0.285578592327192,0.8746979285946941,-0.12530207140530591,-0.3090505616146872,4.388298904767545,5.667338111044641,1.5315325756758846,1.9804388445226583e-06,1.439767421189027,0.3034150381232037,2.7268439279370057e-06,0.843633145679277,2.035901696698777,heteroscedastic_errors,raw_lasso,21,3996685440,1.9382932071305703,-0.4985257859415433,True,True
500.0,5.3164619440829055,6.791025254588835,0.17111266382775842,1.0152322130372764,0.015232213037276399,0.03947247434962591,3.8827353935814295,5.145366997685348,1.4257635516454539,3.3367288937725464e-06,1.4397674211890272,0.3034150381232037,2.7268439279370057e-06,0.8436331456792773,2.0359016966987773,heteroscedastic_errors,residual_correction,21,3996685440,1.9382932071305703,-0.49852578594154306,True,True
500.0,5.585246320593636,7.1409767646891105,0.2848004957514024,0.8759846841525039,-0.12401531584749614,-0.3057680911636321,4.3847668500933725,5.66412910122899,1.5326784216163625,1.9618102293625315e-06,1.4418854423602263,0.3038613876272609,2.7268439279370405e-06,0.8448742022811816,2.038896682439271,heteroscedastic_errors,linear_recalibration,21,3996685440,1.9382932071305703,-0.496407764770344,True,True
500.0,6.111516629068368,7.8123967835826775,0.20236933982347843,1.0067267022693853,0.006726702269385321,0.015152784686167486,4.458598296919303,5.907085881539604,1.643386549436338,3.18917570653146e-06,1.651362253862886,0.3493318925889824,2.9686308946723035e-06,0.9650129021988395,2.3377116055269327,heteroscedastic_errors,umlr_oracle,21,3996685440,1.9382932071305703,-0.28693095326768425,True,True
500.0,5.981796868526623,7.5349077858911615,-0.8643732840414049,0.8548424281495873,-0.14515757185041267,-0.34170378114710487,4.55783678326074,5.944953406721782,2.166321166067988,2.2101999135747464e-11,2.1298889976867996,0.2962991762041116,2.420774425818166e-12,1.5477356020174313,2.712042393356168,heteroscedastic_errors,raw_lasso,22,2294018204,2.7235483601668404,-0.5936593624800408,True,False
500.0,5.629737048124535,7.072865581853958,-0.6527744615513463,1.0191195189847868,0.01911951898478681,0.04783553059811673,4.132291002471273,5.436453653017958,2.12457514569262,2.771691396986611e-12,2.1298889976867987,0.2962991762041116,2.4207744258182098e-12,1.5477356020174304,2.712042393356167,heteroscedastic_errors,residual_correction,22,2294018204,2.7235483601668404,-0.5936593624800417,True,False
500.0,5.984163185606908,7.537258212939492,-0.8636797080622226,0.8562418054047207,-0.14375819459527928,-0.3382990667966455,4.554394134448226,5.942046786597385,2.169451440561667,2.0950012357291062e-11,2.1333756264749546,0.2967842180249678,2.4207744258181015e-12,1.5502692455605023,2.716482007389407,heteroscedastic_errors,linear_recalibration,22,2294018204,2.7235483601668404,-0.5901727336918858,True,False
500.0,6.756088221380234,8.487666175509371,-0.7764090483601354,1.024696948201057,0.024696948201057056,0.051486234034109776,4.959693230122351,6.483898176331531,2.5468000406752376,2.944681232315326e-12,2.5536217883461565,0.35556039725249855,2.5247351388883556e-12,1.8550349907794232,3.2522085859128897,heteroscedastic_errors,umlr_oracle,22,2294018204,2.7235483601668404,-0.16992657182068394,True,True
500.0,5.468471842170808,7.0772335862905855,-0.10449775999147096,0.8903874875287006,-0.10961251247129944,-0.2753444034305729,4.406406549728243,5.765656310745311,1.3344359419690637,2.4455421004464623e-05,1.369575566665919,0.3007269973392438,6.622093570746194e-06,0.778722615559859,1.9604285177719791,heteroscedastic_errors,raw_lasso,23,3413259814,2.1656106458156463,-0.7960350791497273,True,False
500.0,5.424749547490688,6.854896268264586,-0.051311637781556015,1.047307369329402,0.04730736932940194,0.12267960894753441,4.019370366026077,5.2885601483598075,1.384126210869648,6.0534588037524874e-06,1.3695755666659177,0.3007269973392438,6.6220935707463324e-06,0.7787226155598577,1.9604285177719778,heteroscedastic_errors,residual_correction,23,3413259814,2.1656106458156463,-0.7960350791497286,True,False
500.0,5.471298112891789,7.080392576431822,-0.10416231152368323,0.891661496745379,-0.10833850325462102,-0.2720224818679736,4.402164996185657,5.76267397602567,1.3367984095828411,2.3846354818844633e-05,1.3715352212200422,0.30115729198250935,6.622093570746236e-06,0.7798368493101699,1.9632335931299145,heteroscedastic_errors,linear_recalibration,23,3413259814,2.1656106458156463,-0.7940754245956041,True,False
500.0,6.523164388291785,8.230266613545098,-0.06072853525763861,1.0661065001016468,0.06610650010164676,0.1427823047501129,4.841976988677426,6.3221187709020334,1.6485806848251077,7.20058310086195e-06,1.6281582375539934,0.3601931317244559,7.729517940291206e-06,0.920469281356125,2.335847193751862,heteroscedastic_errors,umlr_oracle,23,3413259814,2.1656106458156463,-0.537452408261653,True,True
500.0,5.612103698788269,7.145548310034343,-0.07020779927351993,0.8268225877543475,-0.17317741224565253,-0.41353288247036657,4.406275022244174,5.637989669612629,1.6129298847094773,7.503066938631815e-07,1.4602312800460182,0.2938018238907754,9.223703083769681e-07,0.8829845538720451,2.0374780062199913,heteroscedastic_errors,raw_lasso,24,2468271058,1.7343045336667464,-0.2740732536207282,True,True
500.0,4.998574422463253,6.512228890772608,-0.12871180798124504,0.9845676705410359,-0.015432329458964111,-0.04044083102029968,3.8203287128534873,5.009018971740273,1.4703197927492027,7.428661490481473e-07,1.46023128004602,0.2938018238907754,9.223703083769387e-07,0.8829845538720469,2.037478006219993,heteroscedastic_errors,residual_correction,24,2468271058,1.7343045336667464,-0.27407325362072643,True,True
500.0,5.611284110590357,7.145723231784581,-0.07085787689086749,0.8280411719579295,-0.17195882804207052,-0.41061332343297785,4.401318161413853,5.634264832815367,1.6139746370206762,7.382031192490133e-07,1.462383391995783,0.2942348336644311,9.223703083769508e-07,0.8842859104693278,2.040480873522238,heteroscedastic_errors,linear_recalibration,24,2468271058,1.7343045336667464,-0.2719211416709635,True,True
500.0,5.90680042464661,7.673731528991393,-0.15660971508489313,0.9694973217343201,-0.030502678265679872,-0.06783521941192062,4.459200085701524,5.860249262202292,1.7405791222046063,6.580343377873563e-07,1.7175469459327215,0.3456898063782683,9.29924234038207e-07,1.0383533781019287,2.3967405137635143,heteroscedastic_errors,umlr_oracle,24,2468271058,1.7343045336667464,-0.016757587734024915,True,True
500.0,5.768543178787133,7.407539610113554,1.1342354068615514,0.84579911052769,-0.15420088947231003,-0.3647308706211312,4.781848820251982,5.973325511067563,1.818113012230925,1.751937125665157e-08,1.873432312720175,0.2936645990606715,4.0714408690067447e-10,1.2964551988409054,2.4504094265994447,heteroscedastic_errors,raw_lasso,25,3439306140,1.8687711010153147,0.004661211704860335,True,True
500.0,5.307080523120483,6.91848571697898,1.121160903360059,1.0224910919115304,0.022491091911530425,0.05704086804634931,4.230831689420636,5.5528176021206965,1.8806032507765365,3.5369634915714184e-10,1.8734323127201746,0.2936645990606715,4.071440869006811e-10,1.296455198840905,2.4504094265994443,heteroscedastic_errors,residual_correction,25,3439306140,1.8687711010153147,0.004661211704859891,True,True
500.0,5.769442228479993,7.409406278252857,1.135907905012135,0.8471333351061318,-0.15286666489386824,-0.361494555548558,4.778864133269735,5.9716868067680755,1.8215389358431284,1.6562904045947183e-08,1.8763876001005535,0.29412784680000825,4.071440869006811e-10,1.2985003208676509,2.454274879333456,heteroscedastic_errors,linear_recalibration,25,3439306140,1.8687711010153147,0.007616499085238759,True,True
500.0,6.579384480057841,8.584014261207576,1.4289790644468268,1.0428898810747973,0.0428898810747973,0.08773540272594474,5.182835974897264,6.90059321083121,2.325107349440159,3.9739587128677845e-10,2.3109049621920663,0.3633608994577487,4.584463099618851e-10,1.5969921387318808,3.024817785652252,heteroscedastic_errors,umlr_oracle,25,3439306140,1.8687711010153147,0.4421338611767516,True,True
500.0,6.150300328421279,7.925010045253801,-0.17622138072663227,0.798661166041126,-0.20133883395887398,-0.4447884518569675,4.738799924003917,6.174255901912795,2.076979200073258,4.142919753160485e-09,1.8763922147383005,0.3114964325729359,3.318010960151448e-09,1.2643800306871702,2.488404398789431,heteroscedastic_errors,raw_lasso,26,3254046657,2.258132802170553,-0.38174058743225237,True,True
500.0,5.626930864540227,7.148939310950009,-0.4231480034627374,0.9567640873962073,-0.04323591260379267,-0.10604336767463421,4.038840608223506,5.313140618393738,1.9145073677950666,1.7344840297673225e-09,1.8763922147383851,0.3114964325729359,3.3180109601462314e-09,1.264380030687255,2.4884043987895152,heteroscedastic_errors,residual_correction,26,3254046657,2.258132802170553,-0.38174058743216777,True,True
500.0,6.149894014246271,7.925297293056873,-0.1787292515196242,0.7998135846736294,-0.2001864153263706,-0.44222968037016047,4.73431877725467,6.169827997129753,2.0784933412119027,4.03764240418375e-09,1.8790997325720118,0.3119459026462522,3.3180109601514224e-09,1.2662044528174612,2.491995012326562,heteroscedastic_errors,linear_recalibration,26,3254046657,2.258132802170553,-0.3790330695985411,True,True
500.0,6.60652213042354,8.406862092840878,-0.47051827797067736,0.9375324314317879,-0.06246756856821212,-0.1302627770128635,4.727106586340944,6.242576249418754,2.259333497144424,1.5240877052139582e-09,2.202553036929664,0.36528946942839485,3.2087566512863723e-09,1.4848510582933463,2.9202550155659823,heteroscedastic_errors,umlr_oracle,26,3254046657,2.258132802170553,-0.0555797652408887,True,True
500.0,5.272195926932262,6.6103458401212105,0.08296780376606808,0.8338607136082928,-0.16613928639170716,-0.43016871361030734,4.691856819079794,5.867220073639027,1.5894734350741158,7.272942009327804e-08,1.6080121061124664,0.26073742672827843,1.4412100656577962e-09,1.0957286084243143,2.1202956038006184,heteroscedastic_errors,raw_lasso,27,1573484173,1.9735255812677812,-0.36551347515531485,True,True
500.0,4.727833743831124,5.973613940181843,-0.06876051082643111,1.015908836624648,0.015908836624648037,0.0455812776359087,3.852624441312825,4.965739680992453,1.6097144960543839,1.3856047501905951e-09,1.6080121061124661,0.26073742672827843,1.4412100656578075e-09,1.095728608424314,2.120295603800618,heteroscedastic_errors,residual_correction,27,1573484173,1.9735255812677812,-0.36551347515531507,True,True
500.0,5.27056221770042,6.609209378413191,0.08180499997469846,0.8351527019181505,-0.1648472980818495,-0.42689595869796537,4.684720339735735,5.860436106242422,1.5921084448163867,6.874168759473958e-08,1.610503568786391,0.26114141471065694,1.441210065657785e-09,1.097426336269934,2.1235808013028477,heteroscedastic_errors,linear_recalibration,27,1573484173,1.9735255812677812,-0.3630220124813903,True,True
500.0,5.7807788628840004,7.29964704981723,-0.09173438428186256,1.0207503194261363,0.020750319426136254,0.04865345345838242,4.5203469497817945,5.881331318344308,1.9701708783630865,1.3014004241040418e-09,1.967945058286154,0.3185251906160556,1.3499496056462165e-09,1.3421231316142013,2.5937669849581066,heteroscedastic_errors,umlr_oracle,27,1573484173,1.9735255812677812,-0.005580522981627256,True,True
500.0,5.959684799932313,7.370570116653877,0.05591503133944207,0.7908919979376902,-0.20910800206230984,-0.4848036982855187,4.829286252193182,5.950023031367418,1.8795617049890327,6.098512749540003e-09,1.8405403338536952,0.2756284540142948,6.51403207259343e-11,1.2989997109496838,2.3820809567577066,heteroscedastic_errors,raw_lasso,28,3303407903,2.637375183967893,-0.7968348501141977,True,False
500.0,5.170655687264603,6.474524861340913,0.1878337314655157,0.9664019816457771,-0.033598018354222936,-0.08870997465976996,3.6821829966025583,4.845788778467023,1.846621780006382,6.40432100948059e-11,1.840540333853694,0.2756284540142948,6.514032072593595e-11,1.2989997109496827,2.3820809567577053,heteroscedastic_errors,residual_correction,28,3303407903,2.637375183967893,-0.7968348501141989,True,False
500.0,5.957760502958378,7.3691329052589065,0.057229531725638653,0.7921793897672431,-0.20782061023275689,-0.48191359677321594,4.820686521595948,5.941998734021322,1.8823157006543998,5.74442261936168e-09,1.8435363138281349,0.2760771142872722,6.514032072593485e-11,1.3011141862747964,2.385958441381473,heteroscedastic_errors,linear_recalibration,28,3303407903,2.637375183967893,-0.7938388701397581,True,False
500.0,6.195198040857732,7.729032164046449,0.20351893659466783,0.9391398275112501,-0.060860172488749864,-0.13459921719209023,4.306198041741711,5.662440782893464,2.2033794928926547,6.566266143113751e-11,2.1922243056330957,0.3272705539830695,5.714555154879956e-11,1.5492199384100342,2.8352286728561573,heteroscedastic_errors,umlr_oracle,28,3303407903,2.637375183967893,-0.4451508783347973,True,True
500.0,5.548034593628556,6.985062961231278,-0.17463367724819887,0.8176445529501933,-0.18235544704980666,-0.4594977537155366,4.422420063806743,5.727488415258117,1.7929516930104874,8.203705172272926e-09,1.479878830667641,0.27457618463966654,1.0922316070074453e-07,0.9404056525586051,2.0193520087766768,heteroscedastic_errors,raw_lasso,29,929091960,2.0279847501834145,-0.5481059195157736,True,False
500.0,4.927146096151015,6.208311801445692,-0.04753604209766844,0.9843844257978177,-0.015615574202182292,-0.04425846789289086,3.6295386396688274,4.76113895464807,1.4928104144226146,7.167033642133427e-08,1.479878830667642,0.27457618463966654,1.0922316070074262e-07,0.9404056525586062,2.0193520087766776,heteroscedastic_errors,residual_correction,29,929091960,2.0279847501834145,-0.5481059195157725,True,False
500.0,5.546696155369127,6.9834385709081666,-0.17375831809673029,0.8188625780326433,-0.18113742196735672,-0.4565333903033379,4.415885681865286,5.72044726526193,1.7929411083791464,8.139091928597653e-09,1.4820833699484754,0.2749852140629382,1.0922316070074527e-07,0.9418065518471291,2.022360188049822,heteroscedastic_errors,linear_recalibration,29,929091960,2.0279847501834145,-0.5459013802349391,True,False
500.0,5.835112539792889,7.356330695559759,-0.07254374616669063,0.9656900545619336,-0.034309945438066425,-0.08206899363810431,4.225671155835858,5.574317732887162,1.7961842728418171,4.4296758090610124e-08,1.7523966428890563,0.3245304532277607,1.0356758310267262e-07,1.1147758848262186,2.390017400951894,heteroscedastic_errors,umlr_oracle,29,929091960,2.0279847501834145,-0.27558810729435823,True,True
500.0,4.843313199389924,6.126437500455092,-0.08846812944768871,0.5161058503971225,-0.48389414960287747,-0.6593739953338852,4.347034056327815,5.394350279038567,0.9659168617738932,0.0004089851630321046,0.9640457022305977,0.20229943960493552,2.4777898334717055e-06,0.5665781587268799,1.3615132457343155,age_imbalance,raw_lasso,0,2728055008,2.1041839037746057,-1.140138201544008,True,False
500.0,3.7624552379662703,4.6716426806731075,-0.3291210856570678,0.9148165959036865,-0.08518340409631353,-0.1525843508042603,3.353787190191122,4.124222549085211,0.9643749260123713,3.1639417940375482e-06,0.9640457022305988,0.20229943960493552,2.4777898334716526e-06,0.566578158726881,1.3615132457343166,age_imbalance,residual_correction,0,2728055008,2.1041839037746057,-1.140138201544007,True,False
500.0,4.846037667990649,6.129019765855914,-0.09123969858529529,0.5181727985251906,-0.4818272014748094,-0.6562851618427092,4.342592736278007,5.389012199036883,0.9697697662323443,0.00038963949103622194,0.9679066010327797,0.20310962698738602,2.477789833471729e-06,0.5688472429926046,1.3669659590729548,age_imbalance,linear_recalibration,0,2728055008,2.1041839037746057,-1.136277302741826,True,False
500.0,6.150533445147679,7.6356654593455415,-0.4817826448324904,0.8417168573802487,-0.1582831426197513,-0.1733796647791791,4.859211418620704,5.993022612599689,1.5670485972901853,3.660773667720561e-06,1.5664368035238005,0.32970952169235657,2.6536806918487076e-06,0.9186404778752073,2.214233129172394,age_imbalance,umlr_oracle,0,2728055008,2.1041839037746057,-0.5377471002508052,True,True
500.0,4.697511930621375,5.883027533425932,0.39082586133364694,0.49550432842759673,-0.5044956715724033,-0.706984191300499,4.456568716745943,5.598583154328902,1.1311562282667185,2.1224032613986773e-05,1.1331727102013918,0.18304202962176888,1.2543818452801289e-09,0.773541136264376,1.4928042841384075,age_imbalance,raw_lasso,1,1114967192,2.276943516051991,-1.1437708058505993,True,False
500.0,3.300844955325464,4.175217902934746,0.18030587038718882,0.9505712974652208,-0.049428702534779156,-0.09747608667137694,3.1780530253767436,3.9569461114190245,1.1329749105975782,1.4655786947176736e-09,1.1331727102013913,0.1830420296217689,1.2543818452801483e-09,0.7735411362643755,1.492804284138407,age_imbalance,residual_correction,1,1114967192,2.276943516051991,-1.1437708058505998,True,False
500.0,4.696926250225615,5.883344121714304,0.39046924072787464,0.49796586321072644,-0.5020341367892736,-0.7034938051046908,4.448667508237726,5.587590854013383,1.1367953676311469,1.9290865340092855e-05,1.138802013279946,0.18395133413605724,1.2543818452800997e-09,0.7773838845591066,1.5002201420007852,age_imbalance,linear_recalibration,1,1114967192,2.276943516051991,-1.1381415027720452,True,False
500.0,6.0309648774892874,7.6438505946600355,0.3317846498672725,0.8998887453244903,-0.10011125467550974,-0.10783826501630023,4.704308242925729,5.866331070811227,2.038640376680752,2.8391597113208913e-09,2.0390409353635355,0.3351550217724213,2.3440962086519136e-09,1.3805455709820649,2.697536299745006,age_imbalance,umlr_oracle,1,1114967192,2.276943516051991,-0.2379025806884556,True,True
500.0,4.487810456516944,5.5956447557074185,-0.1586144081072147,0.5571813840305111,-0.4428186159694889,-0.6673538597405803,4.148859263907003,5.225773893546589,1.7700879449742668,6.595901084989546e-13,1.4475792016610687,0.17752904091351143,2.8905431788618445e-15,1.0987792646456085,1.7963791386765289,age_imbalance,raw_lasso,2,167321734,2.273656435174218,-0.8260772335131492,True,False
500.0,3.301022209535192,4.180943057356634,-0.275797873114279,0.9730146971684539,-0.0269853028315461,-0.05452628423300838,3.259206379566391,4.010413316232744,1.4565195203749342,1.505457060647634e-15,1.447579201661069,0.17752904091351143,2.890543178861815e-15,1.0987792646456087,1.796379138676529,age_imbalance,residual_correction,2,167321734,2.273656435174218,-0.826077233513149,True,False
500.0,4.488424962820511,5.5956276221121035,-0.1605775535570732,0.5596649956002371,-0.4403350043997629,-0.6636195895130695,4.143501425279921,5.2173002603229035,1.774616789680639,5.718000693612023e-13,1.4540317224314747,0.1783203688232592,2.8905431788619017e-15,1.103677025002404,1.8043864198605455,age_imbalance,linear_recalibration,2,167321734,2.273656435174218,-0.8196247127427432,True,False
500.0,5.773737407538548,7.314859501177204,-0.47488435509737,0.9708704655765391,-0.02912953442346089,-0.03363958170035481,4.646790580822249,5.8939545327351,2.5454832572295514,1.6315575297309685e-15,2.5435636234322945,0.31076962799899327,2.3100213975048047e-15,1.9329794276602046,3.1541478192043844,age_imbalance,umlr_oracle,2,167321734,2.273656435174218,0.2699071882580766,True,True
500.0,4.939273702764514,6.342424934371799,-0.17763308008716236,0.5469390495403246,-0.4530609504596754,-0.6346003038289741,4.447032158394804,5.655828027918545,1.344148015784595,1.1793547965048789e-06,1.369426802839163,0.20754357666798398,1.0679108032042905e-10,0.9616558483110884,1.7771977573672375,age_imbalance,raw_lasso,3,4161642510,1.97875627770149,-0.609329474862327,True,False
500.0,3.9090024624808275,4.927688019263577,-0.4737315522734612,0.9748102639389786,-0.025189736061021373,-0.04560634403101318,3.2250615833724487,4.0892447185142435,1.3679689130528054,1.1224795449800822e-10,1.3694268028391634,0.20754357666798398,1.067910803204264e-10,0.9616558483110889,1.777197757367238,age_imbalance,residual_correction,3,4161642510,1.97875627770149,-0.6093294748623266,True,False
500.0,4.941251225443911,6.345644183840481,-0.1813917589328831,0.5493029248812278,-0.4506970751187722,-0.6309793016083072,4.439669343108529,5.6474796490777335,1.3501980546537613,1.0661319451298745e-06,1.3753454774211373,0.20844058181592626,1.0679108032042905e-10,0.9658121332722163,1.7848788215700584,age_imbalance,linear_recalibration,3,4161642510,1.97875627770149,-0.6034108002803527,True,False
500.0,6.8872174200232195,8.69452312002556,-0.849045067820542,0.9637036032183749,-0.036296396781625107,-0.037250062041658656,5.161871054656174,6.583442912986659,2.438000766585476,7.110350459010654e-11,2.4401203912573033,0.36595501499438016,6.925802080353069e-11,1.7211107828929022,3.1591299996217046,age_imbalance,umlr_oracle,3,4161642510,1.97875627770149,0.4613641135558133,True,True
500.0,4.660461180737853,5.820685077536992,-0.04729016267910294,0.5308122533293191,-0.46918774667068086,-0.6802672488468399,4.572641593824791,5.784307030857047,1.120279915501187,1.1085425381897046e-05,1.0619088265962775,0.18266270886495506,1.095197690790457e-08,0.7030225225903362,1.4207951306022188,age_imbalance,raw_lasso,4,723315630,2.1732939273807763,-1.1113851007844988,True,False
500.0,3.4104119390780014,4.271052537133631,0.053755140911846494,0.9767707615019867,-0.023229238498013283,-0.045901526582127976,3.272665490703154,4.039796305921396,1.0645714175850123,1.0026213081593594e-08,1.0619088265962775,0.18266270886495506,1.095197690790457e-08,0.7030225225903362,1.4207951306022188,age_imbalance,residual_correction,4,723315630,2.1732939273807763,-1.1113851007844988,True,False
500.0,4.660189276633713,5.821110938385412,-0.04647142386387928,0.5332362415878816,-0.46676375841211837,-0.6767024702152051,4.563668837771229,5.7727588799434075,1.1248252970479273,1.02094016626846e-05,1.066758101478665,0.18349684986073797,1.095197690790457e-08,0.7062329201076797,1.42728328284965,age_imbalance,linear_recalibration,4,723315630,2.1732939273807763,-1.1065358259021114,True,False
500.0,5.99550875997058,7.5140654556759525,0.09938293184052906,0.934684664524698,-0.065315335475302,-0.07336194680122055,4.641070612366699,5.75537356733168,1.8592053251253413,1.2926616839215945e-08,1.8514632294061206,0.3209874704061989,1.411363311643486e-08,1.2208035419300929,2.4821229168821484,age_imbalance,umlr_oracle,4,723315630,2.1732939273807763,-0.3218306979746557,True,True
500.0,4.834421553029658,5.930769029528358,0.6608928090523104,0.5474288944642164,-0.4525711055357836,-0.680904476160917,4.726297824355724,5.896312956151955,0.8404845473599484,0.00207437131759244,0.8354118367934453,0.19742347701286994,2.7640632867783406e-05,0.44752433403264336,1.2232993395542473,age_imbalance,raw_lasso,5,1784358767,2.0489322415470266,-1.2135204047535812,True,False
500.0,3.548015670310787,4.369633798253475,0.5767117721207209,0.9594771670683119,-0.040522832931688124,-0.08295979069563024,3.3622036774160367,4.247727844373308,0.8358649141856277,2.8656303550215296e-05,0.835411836793446,0.19742347701286994,2.7640632867783027e-05,0.447524334032644,1.223299339554248,age_imbalance,residual_correction,5,1784358767,2.0489322415470266,-1.2135204047535806,True,False
500.0,4.834551873480172,5.930434369349538,0.6628864034179892,0.5498190956932425,-0.4501809043067575,-0.6773727951211156,4.718093994863213,5.8861210956576935,0.8441053458674348,0.0019810168578658313,0.8390594381883285,0.1982854735975709,2.7640632867783027e-05,0.4494783288327739,1.228640547543883,age_imbalance,linear_recalibration,5,1784358767,2.0489322415470266,-1.209872803358698,True,False
500.0,6.274609252731899,7.743366897365774,1.0259490713146344,0.9729037296169831,-0.027096270383016874,-0.03130563447216003,4.92594547420969,6.24108643914972,1.4788593020725689,2.9488169697001473e-05,1.4785577095694145,0.3509175537071777,2.98777662774771e-05,0.7890929324216926,2.1680224867171365,age_imbalance,umlr_oracle,5,1784358767,2.0489322415470266,-0.5703745319776121,True,True
500.0,4.382867182556643,5.6376236116197065,-0.2477127924848608,0.5294772278117741,-0.4705227721882259,-0.6803725472523213,4.371867607628832,5.445549223178008,1.2126342247799027,8.550096488383595e-07,1.0853189763726654,0.17634686365892674,1.5528281376540917e-09,0.7388417204792259,1.4317962322661049,age_imbalance,raw_lasso,6,3113232410,2.06103798287055,-0.9757190064978847,True,False
500.0,3.315679827942762,4.134034966073747,-0.22991656632643764,1.000471313288834,0.0004713132888340965,0.0009299311725589949,3.333735135200517,4.16393259123637,1.0839373634925484,1.5364623884072747e-09,1.0853189763726667,0.17634686365892674,1.5528281376540073e-09,0.7388417204792272,1.4317962322661062,age_imbalance,residual_correction,6,3113232410,2.06103798287055,-0.9757190064978833,True,False
500.0,4.383772476369947,5.638195726490361,-0.2487489600103118,0.5320906289200298,-0.4679093710799702,-0.6765302848927174,4.365112683033848,5.436468502525813,1.2172708743938072,7.764747768272145e-07,1.0906759089595233,0.17721727897561246,1.5528281376540073e-09,0.7424885057793355,1.438863312139711,age_imbalance,linear_recalibration,6,3113232410,2.06103798287055,-0.9703620739110268,True,False
500.0,6.163803448594288,7.68216243684656,-0.42405123627390273,0.9810346896457973,-0.01896531035420268,-0.02013639361296746,5.004097521424157,6.22065063967736,2.012146366413598,1.6014982298496815e-09,2.009283586413347,0.3277304128143103,1.7823381735076486e-09,1.3653757121891357,2.653191460637559,age_imbalance,umlr_oracle,6,3113232410,2.06103798287055,-0.05175439645720292,True,True
500.0,4.886237006361917,5.915331722953302,0.4582270487348873,0.5076165676885562,-0.49238343231144377,-0.7046981133704281,4.495330590964835,5.559471649019925,1.350393922144361,2.4570850226674726e-07,1.1414677329250782,0.18138808440987142,6.843959300631381e-10,0.7850857455501726,1.4978497202999836,age_imbalance,raw_lasso,7,781591220,2.1932362718773715,-1.0517685389522933,True,False
500.0,3.33844668199828,4.227864590428049,0.35327846076780894,0.9418179810410267,-0.05818201895897335,-0.11656308096567772,3.227043684017746,3.992206419005184,1.1635540785560832,3.753555741626505e-10,1.141467732925079,0.1813880844098714,6.843959300631164e-10,0.7850857455501736,1.4978497202999845,age_imbalance,residual_correction,7,781591220,2.1932362718773715,-1.0517685389522924,True,False
500.0,4.8866526732654805,5.9152426323862715,0.4591841558846551,0.5098604182109695,-0.4901395817890305,-0.7015062035022027,4.486694567772319,5.549604109997514,1.3544610428472783,2.254090952719996e-07,1.1465134369699728,0.1821898859543245,6.843959300631543e-10,0.7885561111221895,1.504470762817756,age_imbalance,linear_recalibration,7,781591220,2.1932362718773715,-1.0467228349073987,True,False
500.0,5.821163363590627,7.354020682977505,0.6754491972566954,0.8780660845870609,-0.12193391541293908,-0.14054361188283565,4.423709343909833,5.656950621379585,2.023003917266637,3.708807802630917e-10,1.9756403589046896,0.3143193008160229,7.157217760669325e-10,1.358081948386469,2.5931987694229104,age_imbalance,umlr_oracle,7,781591220,2.1932362718773715,-0.21759591297268188,True,True
500.0,4.780447475235647,5.934079038592359,0.6523916768398521,0.5448631563658565,-0.45513684363414353,-0.6460337713576216,4.514386580199024,5.610819765995239,1.4023568132025028,3.3279657904882694e-08,1.3064718048293462,0.18802873326888747,1.1651442823361387e-11,0.9370426118150263,1.675900997843666,age_imbalance,raw_lasso,8,1164311441,2.1289143203719014,-0.8224425155425552,True,False
500.0,3.5783757829710794,4.509973377756273,0.26082170992180576,1.0066781160092366,0.006678116009236623,0.012417478501617597,3.2728054482008293,4.213113386455951,1.3041653261361443,1.196783124661005e-11,1.306471804829347,0.18802873326888747,1.165144282336108e-11,0.9370426118150272,1.675900997843667,age_imbalance,residual_correction,8,1164311441,2.1289143203719014,-0.8224425155425543,True,False
500.0,4.783578194218708,5.936328526610455,0.6514777482531352,0.5474102715335567,-0.4525897284664433,-0.6421609239303044,4.506870170323065,5.601960306261166,1.4079185666338672,2.96404708108119e-08,1.3125792725694108,0.18890772615522441,1.165144282336108e-11,0.9414230795002618,1.6837354656385597,age_imbalance,linear_recalibration,8,1164311441,2.1289143203719014,-0.8163350478024907,True,False
500.0,6.622083770138606,8.32471378855492,0.45662370936791297,1.0066875369437256,0.006687536943725592,0.00673561342415115,5.134756083802758,6.520316837797162,2.4191753262451297,9.459944788588062e-12,2.4222409691988855,0.3470069997764261,9.464674115808676e-12,1.740459447465168,3.104022490932603,age_imbalance,umlr_oracle,8,1164311441,2.1289143203719014,0.2933266488269841,True,True
500.0,4.6148607142431395,5.724673374177729,0.5845794053594165,0.5435799499121865,-0.4564200500878135,-0.688055742561513,4.659241419568986,5.781792690983322,1.0373017664821187,6.227064260646119e-05,1.1362281485555734,0.18268460961307253,1.0580936500238604e-09,0.7772988150851305,1.4951574820260163,age_imbalance,raw_lasso,9,2115460056,2.1210460054127194,-0.984817856857146,True,False
500.0,3.2851789377116813,4.150776366469394,0.234568011525747,0.9637445031733617,-0.03625549682663831,-0.07510563405106298,3.340789447831301,4.15306981199214,1.1277414966300696,1.5098029198933128e-09,1.1362281485555747,0.18268460961307253,1.0580936500238107e-09,0.7772988150851319,1.4951574820260176,age_imbalance,residual_correction,9,2115460056,2.1210460054127194,-0.9848178568571446,True,False
500.0,4.612913919059359,5.723598017821259,0.5833636836978608,0.5462397586266967,-0.4537602413733033,-0.6841609574198652,4.648776543686392,5.770082857731125,1.0434306601927836,5.606911890886087e-05,1.14178786342675,0.18357850961202254,1.0580936500238438e-09,0.7811022411726383,1.5024734856808617,age_imbalance,linear_recalibration,9,2115460056,2.1210460054127194,-0.9792581419859694,True,False
500.0,5.698247516839645,7.169496757982642,0.38562996911820296,0.9388786770039372,-0.061121322996062766,-0.07329369498347672,4.620218587619063,5.801901047423787,1.9697910668445493,9.78721324033649e-10,1.9841395243361204,0.315370782495204,6.905860113187908e-10,1.364515216646462,2.6037638320257788,age_imbalance,umlr_oracle,9,2115460056,2.1210460054127194,-0.13690648107659897,True,True
500.0,4.828230823334457,5.948698173927281,-0.3322078009678099,0.5474439105728335,-0.4525560894271665,-0.6408168057097353,4.433968697361052,5.4881506627212175,1.2804382228365272,7.415403961320417e-07,1.088712511154715,0.19539031035181187,4.133534543798105e-08,0.7048196697725235,1.4726053525369063,age_imbalance,raw_lasso,10,947326679,2.20885693722824,-1.120144426073525,True,False
500.0,3.669115691962973,4.56219678620288,-0.12842217101209047,0.9902528176380159,-0.00974718236198413,-0.0179755564476306,3.2625214203489987,4.062725212050495,1.0899601002358739,3.716443519889336e-08,1.088712511154714,0.19539031035181187,4.133534543798222e-08,0.7048196697725226,1.4726053525369054,age_imbalance,residual_correction,10,947326679,2.20885693722824,-1.1201444260735258,True,False
500.0,4.8299199426721335,5.9511230697996895,-0.3316508132863239,0.5498260305409496,-0.4501739694590504,-0.637179850564417,4.427974398998942,5.480185990768866,1.284138086310454,6.951552183529038e-07,1.0934498801568573,0.19624052194586986,4.13353454379815e-08,0.7078865867239408,1.4790131735897738,age_imbalance,linear_recalibration,10,947326679,2.20885693722824,-1.1154070570713825,True,False
500.0,6.333902392578015,7.843021657471635,-0.23030837980952107,0.9395910853286307,-0.06040891467136933,-0.06480523330733516,4.891296361635183,6.096988793347089,1.8466303979066399,5.8991565750837e-08,1.825583647215645,0.3357074139020097,8.463722332583141e-08,1.1660029711633806,2.4851643232679095,age_imbalance,umlr_oracle,10,947326679,2.20885693722824,-0.3832732900125948,True,True
500.0,4.520565278473466,5.689944584030006,0.3280930852536549,0.5483936937917523,-0.4516063062082477,-0.6401931124663459,4.420254639727874,5.55530134162378,1.1478926116395816,7.067836310856591e-07,1.108314875466678,0.17311473488859244,3.549488945164424e-10,0.7681879400938552,1.448441810839501,age_imbalance,raw_lasso,11,151810919,2.3339647940362793,-1.2256499185696013,True,False
500.0,3.4364545421204293,4.370854053768799,0.20685756573173686,0.9830504505141648,-0.016949549485835158,-0.03126184520981592,3.323042462198025,4.181818985911662,1.1096498637588887,3.297571567894977e-10,1.1083148754666778,0.17311473488859244,3.5494889451644535e-10,0.7681879400938549,1.4484418108395007,age_imbalance,residual_correction,11,151810919,2.3339647940362793,-1.2256499185696015,True,False
500.0,4.521556797942469,5.692186479986856,0.3282967914967354,0.5506656021542973,-0.4493343978457027,-0.6367220822100209,4.413203370379891,5.546515565112059,1.1522836463059405,6.459905980393824e-07,1.1129064487513658,0.17383192186270538,3.5494889451644535e-10,0.7713704212654346,1.454442476237297,age_imbalance,linear_recalibration,11,151810919,2.3339647940362793,-1.2210583452849135,True,False
500.0,6.283965500289409,7.982261761273385,0.3100565542070449,0.9993645690962447,-0.0006354309037552852,-0.0006415139229951369,4.802374846978557,6.127858242999514,2.0237909282067412,3.5419787184999187e-10,2.0240204529031978,0.3164435196569726,3.6817550382726086e-10,1.4022884863621556,2.64575241944424,age_imbalance,umlr_oracle,11,151810919,2.3339647940362793,-0.30994434113308156,True,True
500.0,4.605088912701123,5.735354441866078,-0.12100926619712081,0.4847489403287953,-0.5152510596712048,-0.7515142946314816,4.7065942462635935,5.958785015912453,0.9720311813926787,6.686692065651072e-05,0.9979569463588923,0.15590453608476557,3.5736569281503057e-10,0.6916437252263377,1.304270167491447,age_imbalance,raw_lasso,12,1974593483,2.1571750529232534,-1.159218106564361,True,False
500.0,3.0995883916153963,3.788591930956696,0.022146174229143115,0.9752483039608616,-0.024751696039138404,-0.054640728449398115,3.335191101496675,4.148436613180775,0.9966740020752272,3.8524013570476387e-10,0.9979569463588929,0.15590453608476557,3.573656928150219e-10,0.6916437252263382,1.3042701674914476,age_imbalance,residual_correction,12,1974593483,2.1571750529232534,-1.1592181065643605,True,False
500.0,4.6024547145835655,5.7327286664786445,-0.12018115852821493,0.48709854965077726,-0.5129014503492227,-0.7484278210109869,4.697677062477887,5.947174147941599,0.9769861969337281,6.080184355809597e-05,1.0027941079265095,0.15666021540832542,3.5736569281502483e-10,0.694996166890635,1.310592048962384,age_imbalance,linear_recalibration,12,1974593483,2.1571750529232534,-1.154380944996744,True,False
500.0,5.983018933394049,7.334413773906148,0.00916079662615627,0.912626292971924,-0.08737370702807601,-0.09963171843262549,4.84810615466524,6.0477092142266775,1.8771166843705311,1.1771775974283827e-09,1.8815806724332795,0.30132699285729125,9.141211669973579e-10,1.2895488809649462,2.473612463901613,age_imbalance,umlr_oracle,12,1974593483,2.1571750529232534,-0.27559438048997387,True,True
500.0,4.593903997885127,5.7150925287835594,-0.059609754716069295,0.5397467060361867,-0.4602532939638133,-0.7197187592343325,4.942133182073816,6.202548594195679,1.134630976999893,2.7720734526515507e-05,1.2667965930172431,0.18107513641669845,8.554100699431238e-12,0.9110294697780652,1.622563716256421,age_imbalance,raw_lasso,13,1266656121,2.209312980807803,-0.94251638779056,True,False
500.0,3.158823862790753,3.980707310457352,-0.15691942344129392,1.031598783065924,0.0315987830659239,0.07099264625567599,3.1973887333682978,4.013433096375476,1.2746610762306188,6.633198249259446e-12,1.2667965930172427,0.18107513641669848,8.554100699431461e-12,0.9110294697780648,1.6225637162564206,age_imbalance,residual_correction,13,1266656121,2.209312980807803,-0.9425163877905605,True,False
500.0,4.59098151194409,5.7115233092925735,-0.060928235490629416,0.5425108817548155,-0.45748911824518446,-0.7158451483048156,4.929598535937242,6.187211111942539,1.1418997182964277,2.4272910843307212e-05,1.2732841701412918,0.18200246675467535,8.554100699430712e-12,0.9156950759061885,1.6308732643763952,age_imbalance,linear_recalibration,13,1266656121,2.209312980807803,-0.9360288106665113,True,False
500.0,6.354792131903825,8.021921325479,-0.3226462336733815,1.0787457791339226,0.07874577913392256,0.08779423661784681,5.037601748225814,6.429586618831831,2.5387232373169124,1.188411140398442e-11,2.5185542657148345,0.36483193844520434,1.556275968065167e-11,1.801751220443437,3.235357310986232,age_imbalance,umlr_oracle,13,1266656121,2.209312980807803,0.3092412849070314,True,True
500.0,4.656219457169381,5.802627221958766,0.3321993424212427,0.522905642920252,-0.477094357079748,-0.7044675429415438,4.565794535310803,5.70425540160968,0.8433740258247499,0.0014140891729082594,1.330375365157501,0.1801756878863724,6.53172850370224e-13,0.9763754321713207,1.6843752981436813,age_imbalance,raw_lasso,14,2303731939,2.4183255234140253,-1.0879501582565243,True,False
500.0,3.3749131560434362,4.143521069872624,0.21295042441752535,1.0546243699310485,0.054624369931048466,0.11291709611517045,3.3345468557744606,4.097089808284721,1.3673178649941913,1.2920519886791267e-13,1.3303753651574988,0.1801756878863724,6.53172850370272e-13,0.9763754321713185,1.684375298143679,age_imbalance,residual_correction,14,2303731939,2.4183255234140253,-1.0879501582565265,True,False
500.0,4.654620741113501,5.801444164885224,0.33281238140954916,0.5258757671238119,-0.4741242328761881,-0.7002294080511829,4.555535492916976,5.690316377316836,0.8537614067759224,0.0012285315960270224,1.3379319485016914,0.18119909273718982,6.531728503702179e-13,0.9819212822536763,1.6939426147497065,age_imbalance,linear_recalibration,14,2303731939,2.4183255234140253,-1.080393574912334,True,False
500.0,7.226891959043382,8.880906915045406,0.4497030268394877,1.1266618563171544,0.12666185631715443,0.12215592517739293,5.597144200163751,6.96139351604096,2.9661259499401083,6.299841198554121e-14,2.8778373921407003,0.3853248577244793,3.6682221613172215e-13,2.120770912125934,3.6349038721554665,age_imbalance,umlr_oracle,14,2303731939,2.4183255234140253,0.45951186872667504,True,True
500.0,4.412538930745948,5.633789529598936,-0.11084911950259912,0.623527993577957,-0.37647200642204304,-0.5622924117287205,4.089952573232299,5.276331516265216,1.2498390226933138,2.3140919475747903e-07,1.3933507951425643,0.19296548991217588,1.9516768415691097e-12,1.014222116357471,1.7724794739276577,age_imbalance,raw_lasso,15,2768949691,2.124002384383488,-0.7306515892409238,True,False
500.0,3.7310314489847367,4.703113014409722,-0.12605145587132754,1.0758683664385178,0.0758683664385178,0.13576175036648963,3.2300209016822983,4.099629364248475,1.418764356960234,1.0937883511465535e-12,1.3933507951425643,0.19296548991217588,1.9516768415691097e-12,1.014222116357471,1.7724794739276577,age_imbalance,residual_correction,15,2768949691,2.124002384383488,-0.7306515892409238,True,False
500.0,4.416559548702578,5.638313308120822,-0.11155496366915563,0.626574662735583,-0.37342533726441696,-0.5572956678937997,4.082621416439234,5.266582083185859,1.2577706901023173,1.9757471845733535e-07,1.4001589560223273,0.19390835376537374,1.951676841569127e-12,1.0191777867888132,1.7811401252558414,age_imbalance,linear_recalibration,15,2768949691,2.124002384383488,-0.7238434283611608,True,False
500.0,6.899344772851173,8.670839410787579,-0.2997469959329519,1.147586304434723,0.14758630443472298,0.14328167293705288,5.365894627868053,6.74368165029162,2.5655217687625376,3.028132560706371e-12,2.515676773565928,0.3560090858542358,5.407320022589157e-12,1.816208415690976,3.2151451314408797,age_imbalance,umlr_oracle,15,2768949691,2.124002384383488,0.3916743891824397,True,True
500.0,4.864673875680716,6.121981440640849,-0.29001567662479794,0.5157503755965486,-0.48424962440345143,-0.6954941024869334,4.4150078556480885,5.613330261368695,1.191847434934553,1.5069151124159488e-06,1.1398928131112147,0.1728052652477362,1.0802997954732209e-10,0.8003739077862274,1.479411718436202,age_imbalance,raw_lasso,16,2248931904,2.398032064282824,-1.2581392511716094,True,False
500.0,3.53037800891368,4.450174042662377,-0.23551538914650574,0.9242828358593874,-0.07571716414061258,-0.14964240785213856,3.217307292090296,4.009221661169904,1.147843382647104,1.251418852018707e-10,1.1398928131112143,0.1728052652477362,1.08029979547323e-10,0.800373907786227,1.4794117184362015,age_imbalance,residual_correction,16,2248931904,2.398032064282824,-1.2581392511716099,True,False
500.0,4.864200938696602,6.1221148422339065,-0.29073330101626604,0.5181136572192634,-0.4818863427807366,-0.6920886268572505,4.40480373659253,5.601615797768267,1.1968151795867399,1.3601106552382461e-06,1.145116052617293,0.1735970969690335,1.0802997954732032e-10,0.8040413970156516,1.4861907082189343,age_imbalance,linear_recalibration,16,2248931904,2.398032064282824,-1.2529160116655311,True,False
500.0,5.85575493407546,7.356905087581152,-0.3275992431155505,0.8484701007303664,-0.15152989926963356,-0.18107666451250662,4.270125994944292,5.391670261266225,1.8970010222815041,1.2916202718850555e-10,1.8810178336477832,0.28419254762402,9.399937820325381e-11,1.3226509196969907,2.4393847475985755,age_imbalance,umlr_oracle,16,2248931904,2.398032064282824,-0.5170142306350409,True,True
500.0,4.944904853563872,6.176119113887195,0.5399071754801198,0.5807777579556567,-0.41922224204434333,-0.5957702388300734,4.264831183499852,5.4321724218407095,1.4822965924004867,4.8403879842123523e-08,1.297179245713676,0.21407139770168884,2.698912124788425e-09,0.8765827638595471,1.7177757275678047,age_imbalance,raw_lasso,17,3706917626,1.9002452237424334,-0.6030659780287575,True,False
500.0,3.954560516071617,4.949157061843078,0.2635062315618552,0.9901746346106945,-0.009825365389305452,-0.017382740716369267,3.2772669027094845,4.076915095020128,1.298162564566494,2.4185359332072142e-09,1.297179245713677,0.21407139770168884,2.6989121247883414e-09,0.8765827638595483,1.7177757275678058,age_imbalance,residual_correction,17,3706917626,1.9002452237424334,-0.6030659780287564,True,False
500.0,4.9478001547182995,6.180236911612744,0.5393181027845694,0.5833075858193602,-0.41669241418063985,-0.5917724636282837,4.258978709621205,5.424579551683063,1.486794211347991,4.492574320182136e-08,1.3028296690556032,0.21500387794789172,2.6989121247883414e-09,0.8804010979305017,1.7252582401807046,age_imbalance,linear_recalibration,17,3706917626,1.9002452237424334,-0.5974155546868303,True,False
500.0,6.7298275294356245,8.403747549890968,0.3546774671027715,0.9749372652379513,-0.025062734762048677,-0.02609918436970445,5.152860300723425,6.412013120887567,2.196561879314879,2.81734089670048e-09,2.191092964470587,0.36376898647639555,3.327411390190165e-09,1.4763783526062715,2.9058075763349027,age_imbalance,umlr_oracle,17,3706917626,1.9002452237424334,0.2908477407281538,True,True
500.0,4.670000878299893,5.766136295811948,0.3850257462684605,0.5780942935544339,-0.42190570644556613,-0.6090614246984913,4.247828753829828,5.34215676968053,1.2029706948427847,1.6361615922846652e-06,1.1362370716760861,0.19491622743423867,1.0020614779462008e-08,0.7532756840489466,1.5191984593032255,age_imbalance,raw_lasso,18,3859968620,2.2612447925400847,-1.1250077208639986,True,False
500.0,3.7241964264363085,4.589276020960912,0.48051241365361713,0.9884841924551666,-0.01151580754483339,-0.020955794844831427,3.313127184350914,4.0628524524948055,1.137639291984878,9.285529790211494e-09,1.136237071676086,0.19491622743423864,1.0020614779462008e-08,0.7532756840489465,1.5191984593032253,age_imbalance,residual_correction,18,3859968620,2.2612447925400847,-1.1250077208639988,True,False
500.0,4.673656461834944,5.769639105599155,0.38790255541481905,0.5807866526376181,-0.4192133473623819,-0.6048259843908126,4.241117115704003,5.332890957365213,1.2078318793460963,1.503027921528327e-06,1.1415288696313441,0.1958240109589054,1.0020614779462008e-08,0.7567839155826315,1.5262738236800568,age_imbalance,linear_recalibration,18,3859968620,2.2612447925400847,-1.1197159229087406,True,False
500.0,6.567192461422315,8.097237935997756,0.8557769390008197,1.0158285200832455,0.015828520083245534,0.016326864796620766,4.9152207945891275,6.170955540254042,2.014110117922578,8.201330122611612e-09,2.0173951961762424,0.3437512748044788,8.028985686227394e-09,1.3420103555675478,2.692780036784937,age_imbalance,umlr_oracle,18,3859968620,2.2612447925400847,-0.2438495963638423,True,True
500.0,4.880053151205841,6.165828528254105,0.006719315056796347,0.5341809462020269,-0.46581905379797306,-0.6813754736311012,4.610523166599538,5.792033142288419,1.6991753239868146,1.52815920896546e-09,1.564659190159003,0.1977728906996157,1.6650276393842847e-14,1.1760851773415808,1.9532332029764252,age_imbalance,raw_lasso,19,1554764013,2.48425154269665,-0.9195923525376468,True,False
500.0,3.6237188552670987,4.5254099988127106,0.15397235517703142,0.9669846914508003,-0.03301530854919965,-0.06583690144135014,3.23321760697252,4.087636381025823,1.5727732703476311,1.2542074496863222e-14,1.5646591901590037,0.19777289069961568,1.665027639384236e-14,1.1760851773415815,1.9532332029764259,age_imbalance,residual_correction,19,1554764013,2.48425154269665,-0.9195923525376462,True,False
500.0,4.878548658592146,6.1660084311183745,0.008373188501064277,0.5367273307534115,-0.4632726692465885,-0.6776312079010163,4.599841647423102,5.779811984934902,1.7058829238997792,1.311887585698397e-09,1.5721177564338389,0.1987156533292841,1.665027639384334e-14,1.1816914520467852,1.9625440608208926,age_imbalance,linear_recalibration,19,1554764013,2.48425154269665,-0.9121337862628109,True,False
500.0,6.275771397422001,7.831169925330997,0.2994873728049147,0.9103022584149854,-0.08969774158501465,-0.1033791863882723,4.787331954800939,5.9671611823668576,2.6579317987752504,5.4669749161115433e-14,2.6343080938313457,0.3421071923685415,7.398732542742444e-14,1.962153461909367,3.3064627257533243,age_imbalance,umlr_oracle,19,1554764013,2.48425154269665,0.15005655113469585,True,True
500.0,4.86604958196058,6.09881883240538,-0.15888479424183927,0.5918491032080125,-0.40815089679198746,-0.6034978310741415,4.713905047409553,5.890108880312511,1.3836536969231163,3.0540818537291214e-07,1.4999317751330208,0.20792705402303252,2.0445156363404953e-12,1.0914073840032528,1.9084561662627888,age_imbalance,raw_lasso,20,63295386,2.257396449292421,-0.7574646741594002,True,False
500.0,3.8293369371669836,4.862131572855121,0.0061962454092111445,0.9902428832344051,-0.009757116765594875,-0.018090410129950888,3.427281111766876,4.262610093467217,1.495731130533711,2.2164058009509332e-12,1.4999317751330221,0.20792705402303252,2.044515636340403e-12,1.091407384003254,1.9084561662627901,age_imbalance,residual_correction,20,63295386,2.257396449292421,-0.7574646741593989,True,False
500.0,4.869172554676366,6.101811439048658,-0.15774106176178845,0.5944986746049427,-0.40550132539505734,-0.5992829589845593,4.706493778673625,5.879233326343097,1.391107413208939,2.664036822838934e-07,1.5066466223925639,0.20885789529997498,2.0445156363404763e-12,1.0962933621544053,1.9169998826307224,age_imbalance,linear_recalibration,20,63295386,2.257396449292421,-0.7507498268998571,True,False
500.0,6.419796389736979,8.165684849697707,-0.009575475177596956,0.9964162781986263,-0.003583721801373674,-0.0039563548559326655,5.026431742550934,6.244444446172988,2.5367163530296852,1.314127729762963e-12,2.540189888112407,0.34895416227006515,1.3187640358512796e-12,1.8545826815687825,3.2257970946560315,age_imbalance,umlr_oracle,20,63295386,2.257396449292421,0.282793438819986,True,True
500.0,4.712870076685366,5.898806965071777,-0.6312326453244741,0.5036015053228896,-0.4963984946771104,-0.7281646849712033,4.687174035220795,5.892737658051452,1.1138574054710921,1.923121496390884e-05,0.9534055584349272,0.17536270864820866,8.520226454220858e-08,0.6088619197344018,1.2979491971354526,age_imbalance,raw_lasso,21,3794819971,2.3026568374858862,-1.349251279050959,True,False
500.0,3.2354259100060743,4.03431567903602,-0.04850333688427469,0.9607134614901177,-0.039286538509882285,-0.08378527073894078,3.2627504582410953,4.098421594706164,0.9648445212360764,6.241611133803089e-08,0.9534055584349299,0.17536270864820866,8.520226454220206e-08,0.6088619197344045,1.2979491971354553,age_imbalance,residual_correction,21,3794819971,2.3026568374858862,-1.3492512790509563,True,False
500.0,4.712476623894923,5.8967111756635875,-0.6282513649414632,0.505934380095092,-0.49406561990490805,-0.7249635762702119,4.678050057202759,5.88137168013279,1.117507119171924,1.7929269904022543e-05,0.95782209760616,0.176175055781143,8.520226454220858e-08,0.6116824010024082,1.3039617942099118,age_imbalance,linear_recalibration,21,3794819971,2.3026568374858862,-1.3448347398797262,True,False
500.0,5.881762571092051,7.334817752391614,-0.16140029197899322,0.9025402660239142,-0.09745973397608576,-0.11434138905398952,4.754029544367402,5.947388115462555,1.7020146646000296,1.5452984268460835e-07,1.672643932774238,0.318394041564315,2.2192340308450205e-07,1.0470796810198726,2.2982081845286033,age_imbalance,umlr_oracle,21,3794819971,2.3026568374858862,-0.6300129047116483,True,False
500.0,4.715914738919322,5.856580452770001,0.3109566292922887,0.5647391772008092,-0.43526082279919076,-0.6079833765463142,4.250245597580251,5.292506318713687,1.711383120242474,7.012219575563917e-12,1.5970320109888527,0.19000503113069614,4.5300567351747e-16,1.2237198894904067,1.9703441324872988,age_imbalance,raw_lasso,22,1068910898,2.1076405656131496,-0.5106085546242969,True,False
500.0,3.7083876139221057,4.6495619067473895,-0.05329858364665339,0.9711323502659314,-0.028867649734068634,-0.050722557454058036,3.2817098385985215,4.016830864508131,1.602940365255493,3.420142584329336e-16,1.5970320109888538,0.19000503113069614,4.530056735174465e-16,1.223719889490408,1.9703441324872997,age_imbalance,residual_correction,22,1068910898,2.1076405656131496,-0.5106085546242958,True,False
500.0,4.718669708632256,5.860301102772845,0.30843857796242663,0.5671685414795473,-0.4328314585204527,-0.6041912881368429,4.24418090269578,5.28532543777437,1.7175971687992129,6.0373687480678376e-12,1.603902036437997,0.1908223844400546,4.530056735174465e-16,1.2289840211581358,1.9788200517178582,age_imbalance,linear_recalibration,22,1068910898,2.1076405656131496,-0.5037385291751526,True,False
500.0,6.514006398401695,8.156603498918008,-0.13353467550651796,0.9915775126949578,-0.008422487305042248,-0.008436502430425258,4.955491095985997,6.287936416915481,2.8310324255569226,2.0824192291996665e-16,2.8319675205470785,0.333256306784736,2.2631216700857065e-16,2.1772026538053577,3.486732387288799,age_imbalance,umlr_oracle,22,1068910898,2.1076405656131496,0.7243269549339288,True,False
500.0,4.552814430908751,5.774880751316415,0.8156299692570521,0.5651287874840067,-0.43487121251599326,-0.6882396662168343,4.755046721174752,5.902281433031377,1.0173463588740532,3.985970952764414e-05,1.1195162302982362,0.17424188316514516,3.0900586958149304e-10,0.777174731911691,1.4618577286847816,age_imbalance,raw_lasso,23,2741785218,2.205234589760014,-1.0857183594617779,True,False
500.0,3.277043458311786,4.1736573622082185,0.2932353312750142,1.0400006814165115,0.040000681416511474,0.08693041633741158,3.4063727304356535,4.267848303027293,1.1280590868621434,2.485713699361565e-10,1.119516230298237,0.17424188316514513,3.090058695814805e-10,0.777174731911692,1.4618577286847823,age_imbalance,residual_correction,23,2741785218,2.205234589760014,-1.085718359461777,True,False
500.0,4.548517683179429,5.772309700731798,0.8142421211767198,0.5678861330894027,-0.4321138669105973,-0.6841629258364591,4.744597398503922,5.889088811291954,1.0234476750671495,3.547659534136956e-05,1.1249785129250427,0.17509203467301707,3.090058695815005e-10,0.7809666805420231,1.4689903453080624,age_imbalance,linear_recalibration,23,2741785218,2.205234589760014,-1.0802560768349714,True,False
500.0,6.354598423758109,8.07524989151624,0.5649462367115193,1.061592474257273,0.0615924742572731,0.06918050254548086,5.248951186235285,6.626818836442715,2.1083844911652543,1.0332401010002937e-09,2.095490274727208,0.33853745739232555,1.2613896904412839e-09,1.4303492746508075,2.7606312748036084,age_imbalance,umlr_oracle,23,2741785218,2.205234589760014,-0.10974431503280613,True,True
500.0,4.750299906464154,5.900887538550085,-0.32460999613313685,0.5723725528726359,-0.4276274471273641,-0.6354495841163524,4.522209320828595,5.7763433620461235,1.3471508734167976,3.928080346161408e-07,1.3410126263115183,0.19893551474374946,4.375786264443908e-11,0.9501543495152012,1.7318709031078354,age_imbalance,raw_lasso,24,1428117274,2.1332155801669312,-0.792202953855413,True,False
500.0,3.624690054075125,4.551687485131776,0.1247073720041714,0.991899271040244,-0.008100728959755998,-0.015587967066061754,3.3935768139625613,4.256239096978138,1.341125492517083,4.1914791827078346e-11,1.341012626311518,0.19893551474374946,4.375786264443946e-11,0.950154349515201,1.7318709031078352,age_imbalance,residual_correction,24,1428117274,2.1332155801669312,-0.7922029538554132,True,False
500.0,4.751079554605299,5.902211857627264,-0.3213572014156222,0.5748669393459067,-0.4251330606540933,-0.6315816703355388,4.515116912003907,5.767329752352778,1.352959135359744,3.5146791063477835e-07,1.3468567286165107,0.19980247115970542,4.375786264443872e-11,0.9542951004038588,1.7394183568291628,age_imbalance,linear_recalibration,24,1428117274,2.1332155801669312,-0.7863588515504205,True,False
500.0,6.615613703847553,8.301202468303822,0.2996304871864977,1.022584382176497,0.022584382176497053,0.023835543019411997,5.293798919630776,6.723309404781999,2.4188169496312373,6.902677343171185e-11,2.419147590218395,0.3629956102370307,7.075278274551629e-11,1.7059524682481928,3.1323427121885974,age_imbalance,umlr_oracle,24,1428117274,2.1332155801669312,0.28593201005146396,True,True
500.0,4.632903597198103,5.796976208309635,0.09475237751519189,0.5717118406022925,-0.4282881593977075,-0.6235347693495906,4.352568224437451,5.433646455557264,1.6889654255065514,5.7482608590723446e-11,1.508285110834051,0.19490654305127122,5.6592738296839764e-14,1.1253427505849207,1.8912274710831811,age_imbalance,raw_lasso,25,1159661649,2.4519366500164357,-0.9436515391823848,True,False
500.0,3.6381525518509497,4.532858625762091,-0.01813724591142183,0.9867598741197374,-0.013240125880262577,-0.024648558198310425,3.3811173937983314,4.222677274072538,1.510163743148565,4.6661293957733736e-14,1.5082851108340536,0.19490654305127125,5.6592738296835403e-14,1.1253427505849234,1.8912274710831838,age_imbalance,residual_correction,25,1159661649,2.4519366500164357,-0.9436515391823821,True,False
500.0,4.634437195427204,5.799257727338447,0.09401333452098544,0.5740957337821349,-0.42590426621786515,-0.6198188207361791,4.348532171967243,5.426573993299503,1.6942116659511721,5.076344040276271e-11,1.5145742766928292,0.1957192538361259,5.6592738296839764e-14,1.1300351440558662,1.8991134093297921,age_imbalance,linear_recalibration,25,1159661649,2.4519366500164357,-0.9373623733236065,True,False
500.0,5.998711292023965,7.4985967292665165,0.008020542019899246,0.9529726369240333,-0.047027363075966666,-0.0529223330936729,4.80196949915792,6.035361703322339,2.5068144471087193,3.7800613778793094e-14,2.492877392687258,0.32207005223194135,5.5934449532648496e-14,1.860090704069952,3.1256640813045635,age_imbalance,umlr_oracle,25,1159661649,2.4519366500164357,0.04094074267082215,True,True
500.0,4.611322847648594,5.751815231847076,0.4956907640318196,0.6097350183003031,-0.3902649816996969,-0.5740119382724725,4.476827474590698,5.625400302608743,0.9837516102454859,3.7228342403944557e-05,1.0595594675258813,0.191343867783277,4.9788941093697965e-08,0.6836168685703881,1.4355020664813745,age_imbalance,raw_lasso,26,2335692945,2.1345266047637677,-1.0749671372378864,True,False
500.0,3.817914277457479,4.7015216262942285,0.2720930807213483,0.9868545163014076,-0.013145483698592364,-0.02360555163376223,3.593403186116306,4.477973737422146,1.056396110323977,5.3021312933068124e-08,1.059559467525882,0.19134386778327703,4.97889410936971e-08,0.6836168685703887,1.4355020664813751,age_imbalance,residual_correction,26,2335692945,2.1345266047637677,-1.0749671372378857,True,False
500.0,4.614173206546135,5.75505897854658,0.4953386845955318,0.6119431878503866,-0.3880568121496134,-0.5704369704543522,4.472577788551055,5.619185140871165,0.9880119033306745,3.476152682927566e-05,1.0633966867809204,0.19203682405075867,4.9788941093697456e-08,0.6860926029595802,1.4407007706022605,age_imbalance,linear_recalibration,26,2335692945,2.1345266047637677,-1.0711299179828473,True,False
500.0,5.847609387363502,7.256004273777359,0.45761142293083495,0.949385907965643,-0.05061409203435696,-0.05890970191843377,4.738828825786922,5.891690262770367,1.6122477665072237,7.434655585477027e-08,1.6229643000424046,0.2948875881397804,5.967908464464336e-08,1.0435843200654604,2.2023442800193487,age_imbalance,umlr_oracle,26,2335692945,2.1345266047637677,-0.5115623047213631,True,True
500.0,4.509889526318124,5.587189782652215,-0.04046764260081645,0.5728281150123863,-0.4271718849876137,-0.6352035605486471,4.367043025915238,5.508229936838696,1.1847615445518092,2.9999186919422623e-06,1.3763507626326277,0.18857452514019585,1.1589143862452472e-12,1.0058492257958194,1.746852299469436,age_imbalance,raw_lasso,27,3362571965,2.26009428508318,-0.8837435224505525,True,False
500.0,3.4557008430912637,4.3321490025931055,0.03135188334181359,1.046030048353763,0.04603004835376301,0.08827581037189607,3.246693573857343,4.078572887346591,1.3929172256853757,6.570235121683591e-13,1.3763507626326283,0.18857452514019585,1.1589143862452046e-12,1.0058492257958198,1.7468522994694369,age_imbalance,residual_correction,27,3362571965,2.26009428508318,-0.8837435224505519,True,False
500.0,4.5106199042202695,5.588599394861902,-0.03998486583429758,0.5753126926164853,-0.4246873073835147,-0.6313493132194729,4.3586438255455535,5.498598343970705,1.1918082778906378,2.6270153333499767e-06,1.3823205294625045,0.1893924459607491,1.1589143862452046e-12,1.0102119838274477,1.7544290750975613,age_imbalance,linear_recalibration,27,3362571965,2.26009428508318,-0.8777737556206757,True,False
500.0,6.452817534676425,8.056776538483048,0.09774813092468099,1.0460498678986105,0.04604986789861054,0.04748881472104172,5.009967073093161,6.31980940014183,2.584554465868264,7.441052423665266e-13,2.5711753080982187,0.35159898364427317,1.0542285350999258e-12,1.8803716924262965,3.261978923770141,age_imbalance,umlr_oracle,27,3362571965,2.26009428508318,0.3110810230150385,True,True
500.0,4.33680602544255,5.410288846335028,-0.24897450677362218,0.571659924839857,-0.42834007516014305,-0.6744980265029467,4.283116391631896,5.430472910363441,1.0422853649867136,2.0792141293215934e-05,0.9106884245289663,0.1780236185352765,4.47543058532313e-07,0.5609167668168062,1.2604600822411263,age_imbalance,raw_lasso,28,4233162394,1.931501532817048,-1.0208131082880816,True,False
500.0,3.207939777764693,4.024427168917294,-0.3792502136102527,1.0426290691854032,0.04262906918540321,0.09055050490465708,3.257663794768056,4.116432380267349,0.8963148713567848,7.302367904805016e-07,0.9106884245289618,0.1780236185352765,4.475430585323689e-07,0.5609167668168018,1.2604600822411218,age_imbalance,residual_correction,28,4233162394,1.931501532817048,-1.020813108288086,True,False
500.0,4.336296855892934,5.409006417055066,-0.25125774951004326,0.5741433189293836,-0.42585668107061636,-0.6707599271606068,4.274984074775759,5.420021966366474,1.045466821209326,1.94982315116392e-05,0.914644619729302,0.1787969853270636,4.475430585323086e-07,0.5633534906851441,1.26593574877346,age_imbalance,linear_recalibration,28,4233162394,1.931501532817048,-1.016856913087746,True,False
500.0,5.7837540712354,7.2461122127819815,-0.6458849500290686,1.0314355245136486,0.031435524513648616,0.03706806260210568,4.705416093432661,5.858251002710917,1.581011116610065,1.2497318399570952e-06,1.5927851487882485,0.3223298776168856,1.0614042990892963e-06,0.9594879686060852,2.2260823289704117,age_imbalance,umlr_oracle,28,4233162394,1.931501532817048,-0.33871638402879944,True,True
500.0,4.64662260664157,5.92514567184838,-0.07512876370241821,0.5088009010711325,-0.4911990989288675,-0.7423306509688287,4.842448941031996,6.196810909892492,1.0957154757339465,3.582458734091684e-05,1.0693035677863147,0.17272473643152716,1.2542562121139341e-09,0.7299428813413322,1.4086642542312973,age_imbalance,raw_lasso,29,2630467458,2.2553644056459157,-1.186060837859601,True,False
500.0,3.209970191879306,3.973314534820593,0.11781136359682223,1.0134977078767928,0.01349770787679283,0.030430004703527778,3.048869134951065,3.8467967843461137,1.0685385808134273,1.263741185781077e-09,1.0693035677863134,0.17272473643152716,1.2542562121140032e-09,0.7299428813413309,1.408664254231296,age_imbalance,residual_correction,29,2630467458,2.2553644056459157,-1.1860608378596023,True,False
500.0,4.644811953467336,5.921300380798961,-0.07346351810727361,0.5115593244241657,-0.48844067557583426,-0.7386387824372843,4.82912444241216,6.179796961054411,1.1013638770480205,3.22046860886818e-05,1.0751007114758284,0.17366114976258892,1.2542562121139635e-09,0.7339002082368493,1.4163012147148075,age_imbalance,linear_recalibration,29,2630467458,2.2553644056459157,-1.1802636941700873,True,False
500.0,7.041230657306347,8.723403554065067,0.18029334457917368,1.106499053834834,0.10649905383483405,0.10933432061204391,5.336132925533044,6.644182189152435,2.3493539283125173,1.2048773902118284e-09,2.3551727403270406,0.376953260715945,8.94793629321126e-10,1.6145543439287353,3.095791136725346,age_imbalance,umlr_oracle,29,2630467458,2.2553644056459157,0.09980833468112493,True,True
500.0,5.869896075147441,7.45184917853907,0.14155353417391034,0.8180846988017989,-0.1819153011982011,-0.41185523475654934,5.0300246055852895,6.22902145215284,0.16900536853411452,0.5960505565030084,0.3032907275173703,0.2907010332223259,0.29731284763640303,-0.2678637244895822,0.8744451795243228,null_outcome,raw_lasso,0,3062557903,0.0,0.3032907275173703,False,True
500.0,5.3296169669791835,6.79947342274813,0.19047310265702455,0.981027922858384,-0.018972077141615973,-0.04708375772773854,4.344990615792552,5.436366476374037,0.28872044890896814,0.32069775966384534,0.3032907275173704,0.2907010332223259,0.297312847636403,-0.26786372448958207,0.8744451795243229,null_outcome,residual_correction,0,3062557903,0.0,0.3032907275173704,False,True
500.0,5.868964236013474,7.452663447881801,0.14222493946364714,0.8193280069683967,-0.1806719930316033,-0.40899638630227964,5.026413312035384,6.2248522950088345,0.17037880768948654,0.593106278451918,0.3037516624779288,0.2911428346264753,0.2973128476364032,-0.2682708182253299,0.8757741431811874,null_outcome,linear_recalibration,0,3062557903,0.0,0.3037516624779288,False,True
500.0,6.378753016455555,8.12519855034753,0.24225232006090688,0.9772249652851346,-0.022775034714865416,-0.04730196991879793,5.132278369419503,6.4166049832034515,0.3457497962501402,0.3196400022864745,0.3632389285161919,0.3473569147195346,0.2961975088121904,-0.3192300881168897,1.0457079451492735,null_outcome,umlr_oracle,0,3062557903,0.0,0.3632389285161919,False,True
500.0,5.477356724708748,6.892457746425747,-0.5180888071153021,0.8477787604112843,-0.1522212395887157,-0.37803874094444634,4.734084836276615,5.862249577983291,0.05756995571823002,0.8508014130484152,0.000860623028214472,0.2835696928198009,0.9975796727780831,-0.5562825378094902,0.5580037838659191,null_outcome,raw_lasso,1,2969436651,0.0,0.000860623028214472,False,True
500.0,5.1446915050232835,6.389738621610888,-0.44605553481723986,1.0221631716847925,0.022163171684792538,0.05934913202121358,4.168019721978392,5.258553335310877,-0.007396642146291169,0.9792115086159442,0.0008606230282156867,0.2835696928198009,0.9975796727780798,-0.556282537809489,0.5580037838659203,null_outcome,residual_correction,1,2969436651,0.0,0.0008606230282156867,False,True
500.0,5.478213312213051,6.893190748619004,-0.5182575882198022,0.8491412916669374,-0.15085870833306259,-0.37461554616363013,4.7291635383867865,5.858060323004872,0.057063729663106806,0.8521135627336724,0.0008620062024932417,0.2840254397524504,0.9975796727780825,-0.5571765827893047,0.5589005951942911,null_outcome,linear_recalibration,1,2969436651,0.0,0.0008620062024932417,False,True
500.0,6.328106720593321,7.846658110263572,-0.5247021473559433,1.0424039383543102,0.04240393835431022,0.09244839890638905,5.0040252841224095,6.305067921482252,-0.01994663074416676,0.9543772455699779,-0.004151124318624964,0.3474172337227509,0.9904714760244916,-0.6867386526296518,0.6784364039924019,null_outcome,umlr_oracle,1,2969436651,0.0,-0.004151124318624964,False,True
500.0,5.742642325949985,7.139958211695199,0.11516088616562448,0.8262186092383832,-0.1737813907616168,-0.4325663191135713,4.735854423811078,5.915805728791558,0.6183643843074722,0.0604992651569751,0.6923478569720621,0.2961361569361383,0.019786283203394414,0.11051475318344095,1.2741809607606833,null_outcome,raw_lasso,2,2228410110,0.0,0.6923478569720621,True,False
500.0,5.1480730458773625,6.439658535982004,-0.03363026645857741,0.9889274796470101,-0.01107252035298989,-0.03055471063056726,4.081499227829195,5.036109378464343,0.6872874755785209,0.020606671366717604,0.6923478569720628,0.2961361569361383,0.01978628320339427,0.11051475318344162,1.274180960760684,null_outcome,residual_correction,2,2228410110,0.0,0.6923478569720628,True,False
500.0,5.74217745137294,7.139128383602281,0.11391511590931862,0.8275063316855157,-0.17249366831448432,-0.4294097148267901,4.73031067182613,5.909448056599967,0.6199883587072506,0.05979541666562382,0.693426932009441,0.2965977069090272,0.019786283203394414,0.11068699855146136,1.2761668654674208,null_outcome,linear_recalibration,2,2228410110,0.0,0.693426932009441,True,False
500.0,6.146753798148529,7.688163724985609,-0.027143049089000792,0.986419968114789,-0.013580031885210953,-0.03138842163577227,4.757807161189802,5.9297483819193255,0.8213454581053126,0.020482479745080138,0.8275402812745204,0.3535391896240008,0.01964050311754982,0.1329246485937544,1.5221559139552863,null_outcome,umlr_oracle,2,2228410110,0.0,0.8275402812745204,True,False
500.0,5.7829441855025,7.186630385285083,-0.3635805813516241,0.8445833900813587,-0.15541660991864126,-0.3785175134559092,4.595159403564103,5.809324850808725,0.08080147396252879,0.8139813978185256,0.189241132173093,0.318133585465212,0.552215783976249,-0.43581138882164583,0.8142936531678319,null_outcome,raw_lasso,3,1160253592,0.0,0.189241132173093,False,True
500.0,5.3386622186359745,6.662384238774925,-0.49093524886028583,0.9937896804519546,-0.0062103195480454065,-0.016338941774731924,4.150417049659929,5.172296556261406,0.18465506719396255,0.5612786237382851,0.18924113217309377,0.318133585465212,0.5522157839762473,-0.43581138882164505,0.8142936531678326,null_outcome,residual_correction,3,1160253592,0.0,0.18924113217309377,False,True
500.0,5.782903002222138,7.187658187886736,-0.3655037079096729,0.8459178762960795,-0.1540821237039205,-0.375218674809609,4.591425842302168,5.805175481191705,0.08202892488035193,0.8112324139619549,0.18954014312347303,0.31863625327661915,0.5522157839762484,-0.436499993756849,0.815580280003795,null_outcome,linear_recalibration,3,1160253592,0.0,0.18954014312347303,False,True
500.0,6.29317048455399,7.85685648722371,-0.5830040656696502,0.9907452104145682,-0.0092547895854318,-0.020647811747281385,4.912576525082499,6.076144284015613,0.21048009878305537,0.5744333706391367,0.21722419132676726,0.375133189034557,0.5628118115409344,-0.5198182217588075,0.9542666044123421,null_outcome,umlr_oracle,3,1160253592,0.0,0.21722419132676726,False,True
500.0,5.943995438540835,7.4981460514081615,-0.34013251374243175,0.8382340923646162,-0.1617659076353838,-0.3788244260766272,4.917178743106252,6.189027962024528,0.12302291700385312,0.7207369419802138,0.027113539901577638,0.31884735230140043,0.9322669229289111,-0.5993413534950239,0.6535684332981792,null_outcome,raw_lasso,4,1983491179,0.0,0.027113539901577638,False,True
500.0,5.554775793746756,6.95143511713905,-0.46293471494868427,1.0131697522307535,0.013169752230753451,0.0333062619742721,4.486968013395327,5.58279204685824,0.01927341410915412,0.9517760501568299,0.027113539901577118,0.3188473523014004,0.9322669229289124,-0.5993413534950243,0.6535684332981786,null_outcome,residual_correction,4,1983491179,0.0,0.027113539901577118,False,True
500.0,5.944826399270571,7.499576652738364,-0.3417542969011337,0.8395385843969857,-0.1604614156030143,-0.37570143090097985,4.914834086037281,6.185823851743495,0.12229140805457307,0.7223770108398891,0.02715573503190446,0.3193435547756353,0.9322669229289088,-0.6002740714880342,0.6545855415518432,null_outcome,linear_recalibration,4,1983491179,0.0,0.02715573503190446,False,True
500.0,6.703745343457709,8.389530830283396,-0.5405893143259611,1.0129294339970931,0.01292943399709312,0.027089618924637796,5.32259968059568,6.650735676113623,0.030717024544025386,0.9363552929908808,0.038426937534914045,0.38493564854835216,0.9205219947059277,-0.717874844290641,0.794728719360469,null_outcome,umlr_oracle,4,1983491179,0.0,0.038426937534914045,False,True
500.0,5.977271041743752,7.534916572676336,-0.25454322052013195,0.8075183258776233,-0.1924816741223767,-0.45185620187774633,4.814679692651231,6.032305623831897,0.3600261507411831,0.28324747866667255,0.37909063824593686,0.2991563434485517,0.2056775677032777,-0.2086763728058793,0.966857649297753,null_outcome,raw_lasso,5,973514083,0.0,0.37909063824593686,False,True
500.0,5.351552236483942,6.7690188258219655,-0.49441613982314536,0.9623190422943777,-0.0376809577056223,-0.09867318495260907,4.0252746384391545,5.058888334405899,0.3753488330315513,0.21196525874439262,0.37909063824593625,0.2991563434485517,0.20567756770327847,-0.20867637280587992,0.9668576492977524,null_outcome,residual_correction,5,973514083,0.0,0.37909063824593625,False,True
500.0,5.9768041016822835,7.534379682729852,-0.2571462160499008,0.8086834294935669,-0.19131657050643314,-0.4491584037321244,4.808835342158934,6.026222904214351,0.36068841873883617,0.2823217758672586,0.3796375978123465,0.29958797221326805,0.20567756770327894,-0.20897745525655287,0.9682526508812459,null_outcome,linear_recalibration,5,973514083,0.0,0.3796375978123465,False,True
500.0,6.45008940811326,8.129071500939453,-0.6448414086020688,0.9755666349564683,-0.024433365043531663,-0.05330333895608363,4.796080435617032,6.034718870845234,0.4605978157831741,0.2019321342478197,0.46303099250466545,0.3603223550263172,0.19937456327984562,-0.24491185499638474,1.1709738400057157,null_outcome,umlr_oracle,5,973514083,0.0,0.46303099250466545,False,True
500.0,5.861359248521994,7.356547665666832,-0.2153117329935808,0.7945264527400329,-0.20547354725996714,-0.47174497694846174,4.720822231544233,5.971183049382374,-0.32009516549253975,0.3486232378111795,-0.10765553418091867,0.301906580411608,0.7215534061282473,-0.7008260694930781,0.4855150011312408,null_outcome,raw_lasso,6,1513825859,0.0,-0.10765553418091867,False,True
500.0,5.1086719406671985,6.540632452520606,-0.0759514775084675,0.9492141790821815,-0.05078582091781847,-0.1310965740440476,4.02241890332272,5.042997369135558,-0.15987912328023351,0.5987580647014499,-0.10765553418091933,0.30190658041160806,0.7215534061282455,-0.7008260694930789,0.48551500113124024,null_outcome,residual_correction,6,1513825859,0.0,-0.10765553418091933,False,True
500.0,5.860202392821975,7.355641590057432,-0.21429035555575596,0.7957101011403735,-0.20428989885962645,-0.4690833697249012,4.716445909259739,5.965550020487314,-0.3190290333949858,0.3501748903513977,-0.10781591436760857,0.3023563467343329,0.7215534061282489,-0.7018701274388033,0.4862382987035862,null_outcome,linear_recalibration,6,1513825859,0.0,-0.10781591436760857,False,True
500.0,6.078536556787047,7.779009054050563,-0.07747196641468529,0.9472079457549301,-0.05279205424506994,-0.11457903241733257,4.721385400934461,5.92500608646514,-0.18497132860378088,0.6087602828419557,-0.13075073589461358,0.3598135007774893,0.7164720096833771,-0.837693812715735,0.5761923409265077,null_outcome,umlr_oracle,6,1513825859,0.0,-0.13075073589461358,False,True
500.0,5.282182169858647,6.75706596038902,-0.2335573034118459,0.8340669543365901,-0.16593304566340994,-0.42986026563904994,4.698074826740658,5.887127698771649,-0.21064957957300226,0.4877450809404668,-0.08953817833234745,0.27450829014521605,0.7444280490742261,-0.6288779608275379,0.449801604162843,null_outcome,raw_lasso,7,366580657,0.0,-0.08953817833234745,False,True
500.0,4.844772809452625,6.114289518489463,-0.03591859264025275,1.0259720712081053,0.025972071208105296,0.07431236246602671,4.2135938422464205,5.280775459266628,-0.07040198989663217,0.7978823734131113,-0.08953817833234737,0.27450829014521605,0.7444280490742262,-0.6288779608275378,0.4498016041628431,null_outcome,residual_correction,7,366580657,0.0,-0.08953817833234737,False,True
500.0,5.280785765082011,6.755862562285685,-0.23230457684702735,0.8353790624373199,-0.16462093756268015,-0.42653448963271606,4.693706469248082,5.881738789536874,-0.2098312803385803,0.48936333685480704,-0.08967903485292189,0.27494013143726614,0.7444280490742275,-0.6298672769279798,0.450509207222136,null_outcome,linear_recalibration,7,366580657,0.0,-0.08967903485292189,False,True
500.0,5.803873134325117,7.376888946070425,-0.11987178022380744,1.0087476705506413,0.008747670550641296,0.02074767837602371,4.863161826590951,6.117285804059377,-0.0938054165691133,0.7772903711589473,-0.10037251158601726,0.33200788340467385,0.7625348661345687,-0.7526845402225265,0.551939517050492,null_outcome,umlr_oracle,7,366580657,0.0,-0.10037251158601726,False,True
500.0,5.775078135323562,7.016470095548199,1.1617055877090947,0.8411405825735069,-0.15885941742649312,-0.4003628535362146,4.6947900335154475,5.87289790552323,-0.1281807350637624,0.6810873106579767,-0.03364386102602058,0.28613208225056413,0.9064467064687473,-0.5958214729454202,0.5285337508933791,null_outcome,raw_lasso,8,3971270231,0.0,-0.03364386102602058,False,True
500.0,5.219601429793922,6.443138920073564,1.0364451481736443,1.0277053736282127,0.02770537362821268,0.07597717565381627,4.128517740515677,5.256427030735314,-0.01711090542708814,0.952401286543676,-0.03364386102602266,0.28613208225056413,0.9064467064687414,-0.5958214729454223,0.528533750893377,null_outcome,residual_correction,8,3971270231,0.0,-0.03364386102602266,False,True
500.0,5.775455309127604,7.01655710042729,1.1625442554085357,0.8425793667194535,-0.15742063328054645,-0.3967397987328875,4.689347511060395,5.867898233996312,-0.1273816486405574,0.6829650209702441,-0.033701409377456644,0.28662151566052907,0.9064467064687458,-0.5968406349105535,0.5294378161556401,null_outcome,linear_recalibration,8,3971270231,0.0,-0.033701409377456644,False,True
500.0,6.4568312806499755,7.987605535670732,1.294009154930935,1.0427147091052489,0.04271470910524888,0.0945060624320556,5.014763177444813,6.390774522378793,-0.026993215671604866,0.9394407295931712,-0.05248357667651625,0.35408611392872913,0.8822271859045374,-0.7481737781267626,0.64320662477373,null_outcome,umlr_oracle,8,3971270231,0.0,-0.05248357667651625,False,True
500.0,6.027607200395382,7.520006723696012,-0.0989250152160468,0.7694111861929576,-0.23058881380704244,-0.5500312028006309,5.30427970671695,6.5310904231554145,0.1716412137061932,0.6058250643597801,-0.025217006797904395,0.27827645493855835,0.9278322065948187,-0.5719602858467769,0.5215262722509681,null_outcome,raw_lasso,9,797204318,0.0,-0.025217006797904395,False,True
500.0,5.015659218296376,6.354229370710115,0.19282035743590922,0.9469950031534006,-0.05300499684659943,-0.14968687215554483,3.9850898892752156,5.015480635765983,0.020079564515328774,0.9430296204525086,-0.02521700679790357,0.27827645493855835,0.9278322065948209,-0.5719602858467762,0.5215262722509689,null_outcome,residual_correction,9,797204318,0.0,-0.02521700679790357,False,True
500.0,6.023032541612568,7.516444596109101,-0.09657801263842501,0.7705808014311621,-0.22941919856883786,-0.5474984455385983,5.295243719572444,6.521726454206229,0.1706047432068341,0.6078351183338774,-0.0252553402611311,0.2786994750193296,0.9278322065948207,-0.5728297474272405,0.5223190669049783,null_outcome,linear_recalibration,9,797204318,0.0,-0.0252553402611311,False,True
500.0,6.130070663673184,7.760210158974916,0.24541308181879476,0.9416910733198206,-0.058308926680179396,-0.13483684579940508,4.775708854979894,6.017702972899835,0.03034094901081147,0.9295412211341678,-0.019468976806054406,0.34057163837961535,0.9544362678395433,-0.688606631157123,0.6496686775450141,null_outcome,umlr_oracle,9,797204318,0.0,-0.019468976806054406,False,True
500.0,5.454290270636154,6.92116133490821,-0.44047324207810834,0.8403932143806297,-0.15960678561937025,-0.4066341356170897,4.701667891672176,5.878914368162441,-0.11079673917450865,0.712815966617215,-0.16272538140260992,0.27511482708593105,0.554466649932161,-0.703256856511191,0.37780609370597107,null_outcome,raw_lasso,10,1383343087,0.0,-0.16272538140260992,False,True
500.0,5.095584439956954,6.351345039102393,-0.6692377848288394,1.0152378891921694,0.015237889192169396,0.042455473021884016,4.1027918139165305,5.107636654244103,-0.16761874806846927,0.5425016223636179,-0.16272538140260917,0.27511482708593105,0.5544666499321628,-0.7032568565111902,0.37780609370597185,null_outcome,residual_correction,10,1383343087,0.0,-0.16272538140260917,False,True
500.0,5.4540256951932164,6.920992708628508,-0.44322879492346134,0.8417173611192572,-0.1582826388807428,-0.40328073213181603,4.696635297655275,5.8729137557372715,-0.1114833699193905,0.7111018452131254,-0.16298177600383817,0.27554830559908433,0.5544666499321612,-0.7043649274201793,0.378401375412503,null_outcome,linear_recalibration,10,1383343087,0.0,-0.16298177600383817,False,True
500.0,6.114477845547934,7.629878797658841,-0.7804368287357576,1.0105056739136768,0.01050567391367685,0.024357928094868544,4.795817864479156,6.002375865409558,-0.20069752411990605,0.5439626336565955,-0.19735455734528978,0.3308008902605079,0.5510486482414961,-0.8472951478751274,0.45258603318454776,null_outcome,umlr_oracle,10,1383343087,0.0,-0.19735455734528978,False,True
500.0,5.79565272002452,7.230966706314753,0.42311063300278706,0.859317331731934,-0.14068266826806597,-0.3316465637245608,4.589019514781063,5.754900190880566,-0.7545825489234,0.014736964133759042,-0.7879928502489384,0.2908092977046363,0.006967979517814045,-1.3593600147474167,-0.21662568575046015,null_outcome,raw_lasso,11,3894763226,0.0,-0.7879928502489384,True,False
500.0,5.362644166075356,6.829665427590877,0.4428610412005578,1.015730973003929,0.015730973003929005,0.03927874778727281,4.176970158805134,5.235873248801578,-0.7915450115818481,0.0066973438629550994,-0.7879928502489374,0.2908092977046363,0.006967979517814111,-1.3593600147474156,-0.21662568575045915,null_outcome,residual_correction,11,3894763226,0.0,-0.7879928502489374,True,False
500.0,5.7965476393051665,7.233387394831382,0.4239261024815199,0.8605928528257246,-0.13940714717427538,-0.3285314565376127,4.5864061943214836,5.752111122718654,-0.756053376051913,0.01457573422428516,-0.7891625013954158,0.2912409582563269,0.006967979517814086,-1.3613777703643906,-0.21694723242644087,null_outcome,linear_recalibration,11,3894763226,0.0,-0.7891625013954158,True,False
500.0,6.277303621943165,7.995062429548649,0.5164101691644097,1.007522540699028,0.007522540699028024,0.016044900724552967,4.823567109156957,6.08036290043779,-0.92480273581149,0.006806808107268415,-0.9232186877857709,0.3406560699533046,0.006958369870975662,-1.5925222289541927,-0.25391514661734904,null_outcome,umlr_oracle,11,3894763226,0.0,-0.9232186877857709,True,False
500.0,5.306692570143864,6.512151868086061,-0.27489453240133876,0.8673839993812005,-0.13261600061879952,-0.3544217286916771,4.597065366618028,5.72518280452298,-0.16127955900455784,0.5635303361047657,-0.06426464205164593,0.26150798077877363,0.8059800088248488,-0.5780620847422423,0.4495328006389504,null_outcome,raw_lasso,12,3347338728,0.0,-0.06426464205164593,False,True
500.0,4.913619494849305,6.139095451940956,-0.4483629852746618,1.0395312349956962,0.03953123499569622,0.11226878101703174,4.0375749374740515,5.167214531434735,-0.035184155029688795,0.8934952972722289,-0.06426464205164613,0.26150798077877363,0.8059800088248482,-0.5780620847422425,0.44953280063895024,null_outcome,residual_correction,12,3347338728,0.0,-0.06426464205164613,False,True
500.0,5.306563356821772,6.512814702489036,-0.2768767217697478,0.8687245266570748,-0.13127547334292522,-0.35080787518642803,4.59173149850066,5.720391245688704,-0.16039676945100445,0.5657026352738442,-0.06436396196716927,0.2619121369326143,0.8059800088248478,-0.5789554699007177,0.4502275459663791,null_outcome,linear_recalibration,12,3347338728,0.0,-0.06436396196716927,False,True
500.0,5.926657603990847,7.408798792274209,-0.5390414365421147,1.04489286101847,0.04489286101847001,0.10564371727952479,4.715504211560252,6.072755906052983,-0.03455919020653266,0.9132301609980928,-0.0675733979980043,0.3158354169356632,0.83067278010516,-0.6881105955604038,0.5529637995643951,null_outcome,umlr_oracle,12,3347338728,0.0,-0.0675733979980043,False,True
500.0,5.506078142861996,6.847004656041149,0.3096514769490644,0.8548246465263732,-0.14517535347362676,-0.36945299840727436,4.541596552865761,5.613548660968878,-0.005266756276429483,0.9854693788984977,0.05363341288857704,0.2689311422962898,0.8420065787857812,-0.4747486761023766,0.5820155018795307,null_outcome,raw_lasso,13,1634796353,0.0,0.05363341288857704,False,True
500.0,5.116365147439256,6.382521609838453,0.4350555310680784,1.0220816460376805,0.02208164603768048,0.060363272951906036,4.076886762351554,5.067132746773307,0.06255461483831788,0.816254410420542,0.053633412888577925,0.2689311422962898,0.8420065787857786,-0.4747486761023757,0.5820155018795315,null_outcome,residual_correction,13,1634796353,0.0,0.053633412888577925,False,True
500.0,5.506328286192607,6.847772637862501,0.31132311881119384,0.8561734604980348,-0.14382653950196522,-0.36598336233217815,4.537786441274597,5.609315451656197,-0.004635247382265534,0.9872128051880893,0.05371804018254499,0.26935548439220164,0.842006578785779,-0.47549777435306007,0.5829338547181501,null_outcome,linear_recalibration,13,1634796353,0.0,0.05371804018254499,False,True
500.0,6.107357623982474,7.610877063834825,0.5013823843298846,1.0191817207702434,0.019181720770243382,0.043966271225942155,4.807289713048913,5.9696119389074465,0.06015644286429861,0.8513771885205202,0.05241039102391017,0.3210174229230315,0.870377426532157,-0.5783081456180393,0.6831289276658598,null_outcome,umlr_oracle,13,1634796353,0.0,0.05241039102391017,False,True
500.0,5.46600623764091,6.849390291990148,0.5625678559344577,0.8516139172239838,-0.14838608277601617,-0.3776419130136456,4.550068124039438,5.720964036898068,-0.17646038017488255,0.5723523567568454,-0.15269579828954324,0.2895251287646195,0.5981506017995141,-0.7215398936434454,0.41614829706435885,null_outcome,raw_lasso,14,3141925703,0.0,-0.15269579828954324,False,True
500.0,5.129185970344922,6.341571548843181,0.3894440567719172,1.0192336151987156,0.01923361519871558,0.052790236421126076,4.0275629067663345,5.079448981224928,-0.1496013979647787,0.605716203365973,-0.15269579828954252,0.2895251287646195,0.5981506017995156,-0.7215398936434446,0.41614829706435963,null_outcome,residual_correction,14,3141925703,0.0,-0.15269579828954252,False,True
500.0,5.466587477599381,6.849778433531709,0.5618515879911843,0.852911012651757,-0.14708898734824305,-0.37431622054795766,4.545407287241973,5.716303549970945,-0.1764850890974181,0.572323798550775,-0.15292836966701337,0.2899661052601308,0.5981506017995142,-0.7226388729791186,0.41678213364509176,null_outcome,linear_recalibration,14,3141925703,0.0,-0.15292836966701337,False,True
500.0,6.245765078464181,7.712799025071835,0.4483775280984552,1.0356262438156492,0.03562624381564916,0.08038263285075824,4.896295699144876,6.09128542061368,-0.17071700870888729,0.6282240720116982,-0.1764400611174632,0.35155768723827724,0.6159736139157135,-0.8671625397329565,0.5142824174980303,null_outcome,umlr_oracle,14,3141925703,0.0,-0.1764400611174632,False,True
500.0,5.670199347826442,7.113629726959083,0.40108515762532926,0.8501890154514519,-0.14981098454854813,-0.3617963879512581,4.666102521598244,5.833038002966359,0.45053300078521,0.15462774190642792,0.4521628129260794,0.29483477162380456,0.12576087073537134,-0.12711339587432402,1.0314390217264828,null_outcome,raw_lasso,15,2950793836,0.0,0.4521628129260794,False,True
500.0,5.365469798355865,6.647107897652709,0.5245564689655128,1.0152951507033188,0.015295150703318772,0.03959113705515044,4.190877596079214,5.143343779705048,0.4523290083252331,0.1255383260949364,0.45216281292608,0.29483477162380456,0.12576087073537087,-0.1271133958743234,1.0314390217264835,null_outcome,residual_correction,15,2950793836,0.0,0.45216281292608,False,True
500.0,5.671808015591251,7.115171318193914,0.4028774369756449,0.8515152894458372,-0.1484847105541628,-0.35852058794194264,4.662389508885268,5.828193180704463,0.4512527904594947,0.154052396876487,0.4528681758149348,0.2952947066301837,0.12576087073537126,-0.12731168965161604,1.0330480412814858,null_outcome,linear_recalibration,15,2950793836,0.0,0.4528681758149348,False,True
500.0,6.473815974387333,8.019092349473352,0.6305636385487327,1.0217285148707225,0.02172851487072247,0.04661997721215335,5.015955531418976,6.125040549883424,0.5457389337924238,0.12551363562751264,0.5455027948363551,0.3555891069918414,0.12564582327239981,-0.1531404101509498,1.24414599982366,null_outcome,umlr_oracle,15,2950793836,0.0,0.5455027948363551,False,True
500.0,5.877226226161421,7.281717382869562,0.13045387632313157,0.8209954354765652,-0.17900456452343483,-0.4194106638676636,4.863867957272147,6.0079445337763255,-0.23907641215239595,0.5025334738921847,-0.18084933074951814,0.3238675579003369,0.5768191918565674,-0.8171676661368121,0.45546900463777584,null_outcome,raw_lasso,16,3716810268,0.0,-0.18084933074951814,False,True
500.0,5.275771287305861,6.617476583739613,-0.025646740298954925,0.9807300412301886,-0.019269958769811413,-0.04967422614740757,4.181964518240129,5.211858005592197,-0.18706826588622744,0.5638123239829901,-0.18084933074951773,0.3238675579003369,0.5768191918565682,-0.8171676661368117,0.4554690046377763,null_outcome,residual_correction,16,3716810268,0.0,-0.18084933074951773,False,True
500.0,5.877456739744241,7.281929104054603,0.1291402723585306,0.8222690160265881,-0.17773098397341192,-0.4164131927065687,4.8593256885279335,6.002826653919233,-0.23894220523519533,0.5027872758325158,-0.18112987578079828,0.3243699619390217,0.5768191918565687,-0.8184353088065849,0.45617555724498826,null_outcome,linear_recalibration,16,3716810268,0.0,-0.18112987578079828,False,True
500.0,6.314323133089516,7.909348619183627,-0.01959833382935682,0.9809854390884545,-0.01901456091154552,-0.04100968111284561,4.907908857457659,6.125388230707592,-0.22306194841453056,0.5647319262935875,-0.21693718139852777,0.38724674526859715,0.5755927056698997,-0.9777796873011695,0.5439053245041139,null_outcome,umlr_oracle,16,3716810268,0.0,-0.21693718139852777,False,True
500.0,5.982753481103911,7.506866878110419,-0.9639785143266866,0.8771212798925507,-0.12287872010744927,-0.283788471178872,4.656026454993875,5.930253686047144,0.14444556041887383,0.6734369250839973,-0.08335659371611497,0.3306414594143373,0.8010635909706605,-0.7329839427119675,0.5662707552797377,null_outcome,raw_lasso,17,3996115140,0.0,-0.08335659371611497,False,True
500.0,5.7934914445426005,7.266056194432564,-0.8212225672084551,1.0626679248174544,0.06266792481745442,0.1492466026418198,4.424097780125459,5.561706829272559,-0.19815888359401426,0.5510153642351447,-0.08335659371611527,0.3306414594143373,0.8010635909706597,-0.7329839427119679,0.5662707552797374,null_outcome,residual_correction,17,3996115140,0.0,-0.08335659371611527,False,True
500.0,5.985491953027493,7.510734341988141,-0.9642684128343129,0.8784279529674685,-0.12157204703253155,-0.28062512476719126,4.653539286327457,5.928460840369285,0.14191002013056056,0.6790044589209381,-0.08348077245755242,0.33113402561056643,0.8010635909706622,-0.7340758902045716,0.5671143452894667,null_outcome,linear_recalibration,17,3996115140,0.0,-0.08348077245755242,False,True
500.0,6.880914877251488,8.645498317036546,-1.0301462475858438,1.051559159673952,0.05155915967395197,0.10327306971767006,5.1977068326277855,6.567503461918198,-0.17518927274037022,0.6575456120613508,-0.08087169967437018,0.3954648104814831,0.8380481959871965,-0.8578606378108233,0.6961172384620831,null_outcome,umlr_oracle,17,3996115140,0.0,-0.08087169967437018,False,True
500.0,5.7967390954701985,7.289032077550005,-0.35765689422124725,0.8162302097719154,-0.1837697902280846,-0.43428691179755097,4.674543169771208,5.9226080512815935,-0.27866282258665204,0.3949868057148594,-0.46875327786294513,0.2951269040980756,0.1128519855517159,-1.0486034535371715,0.11109689781128135,null_outcome,raw_lasso,18,3613243785,0.0,-0.46875327786294513,False,True
500.0,5.268574514149525,6.5933678019046695,-0.20993263955810196,0.9622055351158302,-0.03779446488416982,-0.09867114950949335,4.014980212473739,5.09503065054887,-0.4283469065599236,0.14833092286956556,-0.4687532778629435,0.29512690409807557,0.1128519855517172,-1.04860345353717,0.11109689781128285,null_outcome,residual_correction,18,3613243785,0.0,-0.4687532778629435,False,True
500.0,5.79646642776511,7.288738078642291,-0.35669048195211417,0.8174357513236176,-0.18256424867638243,-0.4314525963854621,4.670148294244088,5.917284242145092,-0.2805888846675552,0.3917095279280784,-0.4694456089567894,0.2955627955189713,0.11285198555171622,-1.0501522016959177,0.1112609837823389,null_outcome,linear_recalibration,18,3613243785,0.0,-0.4694456089567894,False,True
500.0,6.2552610978913235,7.8132653376928065,-0.26327309815552524,0.9751718831196092,-0.02482811688039077,-0.05470246971950058,4.688797417631824,5.950103732556361,-0.5474615557008708,0.1189187397685464,-0.5749463218921141,0.35084122197159107,0.10189504872209434,-1.2642611263681656,0.11436848258393717,null_outcome,umlr_oracle,18,3613243785,0.0,-0.5749463218921141,False,True
500.0,5.699793638042993,7.073134756477574,-0.2447992535838174,0.8264958811685675,-0.17350411883143246,-0.4160752995713998,4.718857120310318,5.918044463190256,-0.23896867759822746,0.41841725302753574,-0.25071999220459046,0.2685390941468596,0.3509407731655042,-0.7783318051374715,0.2768918207282905,null_outcome,raw_lasso,19,838664015,0.0,-0.25071999220459046,False,True
500.0,5.132413465659663,6.432296621115194,-0.13298098133861816,0.9884904280874314,-0.011509571912568628,-0.030338894680848723,4.081804944890689,5.163312773450812,-0.24993615960233626,0.35218316329787247,-0.25071999220459146,0.26853909414685967,0.3509407731655022,-0.7783318051374726,0.2768918207282896,null_outcome,residual_correction,19,838664015,0.0,-0.25071999220459146,False,True
500.0,5.699408413082148,7.073171649059881,-0.24414301756495269,0.8277134452306072,-0.1722865547693928,-0.4131520097906585,4.715036604782145,5.913377834973818,-0.2394204549880397,0.41754134500011514,-0.25108934389659354,0.2689346963001621,0.3509407731655042,-0.7794784156117281,0.27729972781854106,null_outcome,linear_recalibration,19,838664015,0.0,-0.25108934389659354,False,True
500.0,6.151246100127015,7.711262258676081,-0.1660369630417431,0.9917038638274157,-0.00829613617258429,-0.018241683251402834,4.813519151748433,6.078450934660944,-0.2946921561241267,0.3601771354409929,-0.2952592477948803,0.32203294718848685,0.3596604919680368,-0.9279730343294998,0.33745453873973935,null_outcome,umlr_oracle,19,838664015,0.0,-0.2952592477948803,False,True
500.0,5.684069721394418,7.171836552885051,-0.024092745405442487,0.8708239764362637,-0.12917602356373625,-0.3110904379380389,4.41507888740094,5.518067167254329,0.37308931126930306,0.2661458904432814,0.3214621131948962,0.31898101260519474,0.3140513364518838,-0.3052553890982837,0.9481796154880762,null_outcome,raw_lasso,20,3208909690,0.0,0.3214621131948962,False,True
500.0,5.371831618943611,6.835298708635274,-0.08678771902871338,1.0293416126354118,0.029341612635411796,0.07414710078674089,4.071997014773805,5.099645003035593,0.3095403371490306,0.3330812024421284,0.32146211319489715,0.3189810126051947,0.3140513364518824,-0.30525538909828265,0.9481796154880769,null_outcome,residual_correction,20,3208909690,0.0,0.32146211319489715,False,True
500.0,5.68580835605794,7.1747781520943965,-0.024767091803977508,0.8722234905985234,-0.12777650940147656,-0.30759396763311914,4.413759326520607,5.5154338322549465,0.3730446238634775,0.26639940529483463,0.3219787397373661,0.31949365173401134,0.3140513364518838,-0.30574596957345324,0.9497034490481855,null_outcome,linear_recalibration,20,3208909690,0.0,0.3219787397373661,False,True
500.0,6.284688808913419,7.994589356104995,-0.08025245671644624,1.0223339662660338,0.02233396626603379,0.04825299349913525,4.711168095350775,5.932912127597494,0.36431410698609307,0.33006452783940976,0.3734522433198799,0.3736929744152093,0.3181086650437214,-0.36076051008898913,1.107664996728749,null_outcome,umlr_oracle,20,3208909690,0.0,0.3734522433198799,False,True
500.0,5.468343173487293,6.911479480315605,-0.6963906026845382,0.8358735689409014,-0.16412643105909863,-0.41935151895205924,4.4706421955459135,5.581539803843534,-0.2888660166451367,0.3528792558216731,-0.2002993016214699,0.28252896087245877,0.47868705181645466,-0.7553976858084644,0.3547990825655246,null_outcome,raw_lasso,21,3533892991,0.0,-0.2002993016214699,False,True
500.0,4.933069870462647,6.286117870510128,-0.47980685147138447,1.032023967657559,0.032023967657559105,0.08976691915996293,3.861806114773688,4.788281551588359,-0.18279563593937434,0.5190444842946876,-0.20029930162146778,0.28252896087245877,0.47868705181645943,-0.7553976858084623,0.3547990825655267,null_outcome,residual_correction,21,3533892991,0.0,-0.20029930162146778,False,True
500.0,5.467807367318944,6.910635305823097,-0.6957005194518268,0.8372881075439514,-0.16271189245604856,-0.41578438061843015,4.4645447783484284,5.5743459820079195,-0.2884397387563409,0.3535362394576026,-0.20063826567636509,0.283007081172566,0.47868705181645377,-0.7566760360601479,0.35539950470741766,null_outcome,linear_recalibration,21,3533892991,0.0,-0.20063826567636509,False,True
500.0,6.022009757911678,7.660221552481438,-0.670840027697109,1.0207017202069153,0.020701720206915297,0.047664144081740335,4.609592173937268,5.76154971575156,-0.23499840089987595,0.4959266283878831,-0.24642235835286366,0.34496770248975117,0.4753556728085394,-0.9241971735697891,0.4313524568640619,null_outcome,umlr_oracle,21,3533892991,0.0,-0.24642235835286366,False,True
500.0,5.4118879681577745,6.757281627197145,0.06871017350228059,0.8505868046054377,-0.14941319539456233,-0.3683337620740732,4.544898963971804,5.6733806706014756,0.06619885632626578,0.8214445718531858,0.15972135996807743,0.2729535169521705,0.5587060060212083,-0.37656368405155394,0.6960064039877089,null_outcome,raw_lasso,22,2037437760,0.0,0.15972135996807743,False,True
500.0,5.017934269153262,6.283091539487468,0.11153128834315688,1.0031896722172342,0.0031896722172342074,0.008457524095837356,3.831574296566956,4.8245974141283225,0.16147344574890288,0.5537170857641075,0.15972135996807643,0.2729535169521705,0.558706006021211,-0.37656368405155494,0.6960064039877079,null_outcome,residual_correction,22,2037437760,0.0,0.15972135996807643,False,True
500.0,5.412222145885215,6.758220101388463,0.06921401666876784,0.8518136692954795,-0.14818633070452047,-0.3652588366496241,4.540054975689866,5.6670686406235395,0.0671948579066022,0.8188288724197785,0.1599517379797378,0.27334721813605706,0.5587060060212108,-0.3771068298951227,0.6970103058545983,null_outcome,linear_recalibration,22,2037437760,0.0,0.1599517379797378,False,True
500.0,5.9039653213912535,7.38860917043798,0.146682245911542,0.9969015372631175,-0.0030984627368825235,-0.006986687582971236,4.419361386765464,5.563324519031096,0.19141757145968694,0.5505042508439587,0.19364218491990656,0.32096401869187496,0.5465748419472938,-0.4369714258329158,0.824255795672729,null_outcome,umlr_oracle,22,2037437760,0.0,0.19364218491990656,False,True
500.0,5.37498500317941,6.78935630913899,-0.06831748279205112,0.8549043129670296,-0.14509568703297038,-0.3692079949610375,4.760992319957901,5.854925516292821,-0.018255758167976775,0.9533401489199863,0.07039716336077724,0.29025407520540014,0.8084646503325785,-0.4998791285020657,0.6406734552236202,null_outcome,raw_lasso,23,714685619,0.0,0.07039716336077724,False,True
500.0,5.012230784928224,6.318847477019073,-0.17795854196039831,1.0172015259494822,0.01720152594948221,0.04704620651861111,4.136255782598938,5.08952523310165,0.08081365990015664,0.7806935426635612,0.070397163360778,0.29025407520540014,0.8084646503325765,-0.4998791285020649,0.6406734552236208,null_outcome,residual_correction,23,714685619,0.0,0.070397163360778,False,True
500.0,5.375326933852554,6.790030395960937,-0.06943922467642864,0.8561934842890808,-0.14380651571091918,-0.36589187348627084,4.75682769917722,5.849762443926899,-0.017362791813569343,0.9556243986354988,0.07050332027539608,0.29069177007275276,0.8084646503325772,-0.5006329319712747,0.6416395725220668,null_outcome,linear_recalibration,23,714685619,0.0,0.07050332027539608,False,True
500.0,6.049401344983885,7.630563831305109,-0.1909409146176178,1.0326634227301839,0.032663422730183855,0.07397147526859461,4.9353690639518275,6.076586854889021,0.11396868241250055,0.7450894954602191,0.09414215581072806,0.3499590003351022,0.7880343156450825,-0.5934393049281096,0.7817236165495657,null_outcome,umlr_oracle,23,714685619,0.0,0.09414215581072806,False,True
500.0,5.677352000191807,7.0328622898202795,0.017157258775109086,0.7959583683900122,-0.20404163160998778,-0.49343056555561005,4.613808247787069,5.767997592169429,-0.1764434852221693,0.5796447080191404,-0.13934735687704278,0.27719326951248185,0.6153920537410248,-0.6839624488617178,0.40526773510763214,null_outcome,raw_lasso,24,1217638095,0.0,-0.13934735687704278,False,True
500.0,4.989652413876328,6.143891753604556,0.3481365669137694,0.9731989625444507,-0.026801037455549293,-0.07430952213111074,3.593653156359043,4.599806990089027,-0.14420640458318243,0.6037413101770153,-0.1393473568770418,0.27719326951248185,0.6153920537410275,-0.6839624488617168,0.40526773510763314,null_outcome,residual_correction,24,1217638095,0.0,-0.1393473568770418,False,True
500.0,5.675589937198197,7.030655472845141,0.020288343494966114,0.79728080707545,-0.20271919292454998,-0.49038699267084557,4.604644547776461,5.758905995075233,-0.17643444750574797,0.5795446616986423,-0.1395788744321886,0.277653810060209,0.6153920537410255,-0.685098812819535,0.4059410639551577,null_outcome,linear_recalibration,24,1217638095,0.0,-0.1395788744321886,False,True
500.0,5.967215161793264,7.359403744200472,0.37478639915250384,0.9499843700366003,-0.0500156299633997,-0.11573510064332095,4.285747699914233,5.443485151840766,-0.1430057779653855,0.6675273702006548,-0.13392377909005385,0.33084847149636404,0.6858068689780193,-0.7839578547870749,0.5161102966069673,null_outcome,umlr_oracle,24,1217638095,0.0,-0.13392377909005385,False,True
500.0,5.352780695770912,6.794689332345574,-0.43497723728365034,0.8689054397488258,-0.13109456025117416,-0.33053654276924765,4.484662728120607,5.7523840195835145,-0.3291897261505448,0.26640158091790755,-0.29596152092313666,0.27958056238358264,0.2903002198874879,-0.8452670432666568,0.2533440014203835,null_outcome,raw_lasso,25,933857644,0.0,-0.29596152092313666,False,True
500.0,5.1386156934148115,6.4599192716997305,-0.31482493207493384,1.0480980777116378,0.048098077711637766,0.1274470133496701,4.206426645832125,5.275323663924861,-0.2836762842619435,0.31423405120580383,-0.29596152092313815,0.27958056238358264,0.29030021988748544,-0.8452670432666582,0.253344001420382,null_outcome,residual_correction,25,933857644,0.0,-0.29596152092313815,False,True
500.0,5.35420340619214,6.79657498230923,-0.43458894313803514,0.8703378354251741,-0.12966216457482593,-0.32683268308233804,4.481481813846703,5.748540810622926,-0.3293136905423363,0.26635647515310756,-0.2964494152135189,0.2800414525684398,0.29030021988748816,-0.846660470908777,0.25376164048173916,null_outcome,linear_recalibration,25,933857644,0.0,-0.2964494152135189,False,True
500.0,6.023389743160165,7.578931053535735,-0.39222797768339673,1.0277601047962301,0.027760104796230145,0.06270586808271766,4.793803472661531,6.0574719423313255,-0.335819183776526,0.30980889422107066,-0.34294965519774545,0.3300198786588244,0.2992268806837778,-0.9913557542659395,0.30545644387044857,null_outcome,umlr_oracle,25,933857644,0.0,-0.34294965519774545,False,True
500.0,6.243043699359867,7.710908212827166,-0.7078476217771419,0.8329710377888138,-0.16702896221118624,-0.384942184464424,4.824484977120036,5.934052757962152,-0.27614544370354355,0.4108828096469092,-0.07988106972261824,0.3108913011196798,0.7973297896689152,-0.6907043225898942,0.5309421831446578,null_outcome,raw_lasso,26,3172318501,0.0,-0.07988106972261824,False,True
500.0,5.70430687548234,7.117112659351417,-0.5910331684844932,0.983699855402751,-0.016300144597249044,-0.04066885439455157,4.245716773259061,5.303491993402135,-0.09869920178270342,0.7504061260628573,-0.07988106972261838,0.3108913011196798,0.7973297896689149,-0.6907043225898943,0.5309421831446577,null_outcome,residual_correction,26,3172318501,0.0,-0.07988106972261838,False,True
500.0,6.243108959040419,7.71222750543685,-0.707747236142843,0.8342162873322634,-0.16578371266773662,-0.38200595364806794,4.821059343219129,5.930999306144181,-0.2747983306451173,0.4132518461431213,-0.08000048787893964,0.31135606788012965,0.7973297896689165,-0.691736890594475,0.5317359148365957,null_outcome,linear_recalibration,26,3172318501,0.0,-0.08000048787893964,False,True
500.0,6.80784569981564,8.48722534487532,-0.6863252117914991,0.9936240557532654,-0.0063759442467345995,-0.013337518815704094,5.0953296373135295,6.359115415014152,-0.10599104490401477,0.7745680465482008,-0.09894483637070853,0.3710796321002141,0.7898566081099089,-0.8280230290892269,0.6301333563478099,null_outcome,umlr_oracle,26,3172318501,0.0,-0.09894483637070853,False,True
500.0,5.713941139437422,7.155425001834085,-0.05074107719713598,0.85150149506279,-0.14849850493720995,-0.3570712768500586,4.722857658493176,5.771838394566197,-0.1828263963779198,0.5814346063060808,0.05928586663459538,0.3112679183847202,0.8490219794360023,-0.5522773444820412,0.6708490777512319,null_outcome,raw_lasso,27,3517989765,0.0,0.05928586663459538,False,True
500.0,5.3563224079539316,6.691029294112488,0.228610092455193,1.0127018426290761,0.012701842629076143,0.032680205829654196,4.17528511089238,5.222748639924122,0.07945658927503309,0.7976936403839371,0.059285866634595966,0.3112679183847202,0.8490219794360009,-0.5522773444820406,0.6708490777512326,null_outcome,residual_correction,27,3517989765,0.0,0.059285866634595966,False,True
500.0,5.715008231980834,7.156945267920003,-0.04825055318228573,0.852762154485095,-0.14723784551490504,-0.3539639048184182,4.719572491639544,5.768601906212384,-0.18068818589491115,0.5859434340286046,0.05937364015797201,0.3117287547266975,0.8490219794360032,-0.5530949985226788,0.6718422788386228,null_outcome,linear_recalibration,27,3517989765,0.0,0.05937364015797201,False,True
500.0,6.458545503733543,8.079763899947261,0.2999223728273351,1.0264322909826864,0.0264322909826864,0.05632392366841496,4.976716959513155,6.2549390173653565,0.1181831308919392,0.7521733056135118,0.07581035338620838,0.37543471199235684,0.8400565258096149,-0.661824476512684,0.8134451832851006,null_outcome,umlr_oracle,27,3517989765,0.0,0.07581035338620838,False,True
500.0,5.7640095236603415,7.217122309121186,0.18059104598510337,0.8593689142999132,-0.14063108570008676,-0.33721398070385933,4.6945058196178095,5.901494950666622,0.36936898261670476,0.25493164823417236,0.22245883790177384,0.30619608697443795,0.4678595641634458,-0.37913949948290065,0.8240571752864483,null_outcome,raw_lasso,28,1866867038,0.0,0.22245883790177384,False,True
500.0,5.399476177957987,6.800287999846552,0.19784265827350883,1.0152703814671653,0.015270381467165306,0.03886500772702357,4.0136368097719295,5.15912950484509,0.20560411818590102,0.5013694944787378,0.22245883790177415,0.30619608697443795,0.4678595641634454,-0.3791394994829004,0.8240571752864486,null_outcome,residual_correction,28,1866867038,0.0,0.22245883790177415,False,True
500.0,5.76468947426101,7.219236389135401,0.1810260982190303,0.8606525973201377,-0.13934740267986234,-0.3340384804726827,4.688851607009776,5.896603557534453,0.36835163483939115,0.25638317050422826,0.2227911359732543,0.3066534676303678,0.46785956416344876,-0.3797058394210636,0.8252881113675722,null_outcome,linear_recalibration,28,1866867038,0.0,0.2227911359732543,False,True
500.0,6.400840556410545,8.058735619586425,0.23653714496454367,1.0201798449576338,0.020179844957633808,0.043340146686262404,4.685053905087272,6.0542089748582635,0.24500074921554968,0.4990007419519485,0.2671762081884182,0.36278522722805595,0.4617992758099656,-0.445605564056568,0.9799579804334044,null_outcome,umlr_oracle,28,1866867038,0.0,0.2671762081884182,False,True
500.0,5.813182000027142,7.10857779435995,0.5089539534947572,0.8290927010527279,-0.17090729894727208,-0.41582370470679547,4.487439232058026,5.592034494031707,-0.14445998784986128,0.6473649246447271,-0.13995100363327537,0.28731900004831706,0.6264073539902412,-0.7044606106503134,0.4245586033837626,null_outcome,raw_lasso,29,3027505276,0.0,-0.13995100363327537,False,True
500.0,5.181974449880574,6.46223946859145,0.38721044828529233,0.9898917131350013,-0.01010828686499865,-0.02703279140916912,3.86747748190729,4.839485653308451,-0.14021737483014315,0.6255289556982723,-0.1399510036332753,0.28731900004831706,0.6264073539902414,-0.7044606106503133,0.4245586033837627,null_outcome,residual_correction,29,3027505276,0.0,-0.1399510036332753,False,True
500.0,5.812135291259516,7.108462385037218,0.5085636238636184,0.8303967660767576,-0.1696032339232424,-0.41265597085971456,4.4829699963408896,5.586587318533252,-0.14464570655243672,0.6469382178344945,-0.1401711300542221,0.2877709189449935,0.6264073539902419,-0.7055686440969824,0.4252263839885382,null_outcome,linear_recalibration,29,3027505276,0.0,-0.1401711300542221,False,True
500.0,6.158551027850326,7.673545251655991,0.43792752493599413,0.9850018182451318,-0.014998181754868223,-0.03377274091721637,4.5680243562549,5.699370809619002,-0.16127986504260933,0.6364661229992061,-0.16088452566762973,0.341167307175728,0.6374401482720846,-0.8311925194600487,0.5094234681247891,null_outcome,umlr_oracle,29,3027505276,0.0,-0.16088452566762973,False,True
500.0,5.740718874332936,7.2112251173609785,0.46582191262942707,0.8238333438916838,-0.17616665610831617,-0.4218617364717227,5.0109772579695075,6.254677607107627,3.056829265810163,5.9886327811364176e-27,3.25463742402369,0.23146903871407848,4.800713115582293e-38,2.799858951109882,3.7094158969374984,latent_signal,raw_lasso,0,3252981564,3.942040261991447,-0.687402837967757,True,False
500.0,5.138771299630944,6.537390530791812,0.3630498772864893,0.9888542470482222,-0.011145752951777776,-0.029425455696033304,4.164946735457288,5.214613975717836,3.2292498775955174,1.3654029791583963e-37,3.25463742402369,0.23146903871407848,4.800713115582293e-38,2.799858951109882,3.7094158969374984,latent_signal,residual_correction,0,3252981564,3.942040261991447,-0.687402837967757,True,False
500.0,5.7386390310781215,7.2111335739897235,0.4655641308618936,0.82518635868572,-0.17481364131428,-0.4186260730041798,5.004656036691496,6.247353333320761,3.06356560471024,4.47698089016116e-27,3.25998264659398,0.23184918967065665,4.800713115582137e-38,2.8044572726152617,3.7155080205726985,latent_signal,linear_recalibration,0,3252981564,3.942040261991447,-0.6820576153974671,True,False
500.0,6.096874137228398,7.748173032236459,0.45160769693397784,0.9795925632153026,-0.020407436784697364,-0.04546483146238731,4.7971519210937625,6.063824713666356,3.8316871540123323,1.059547653523444e-37,3.869347167439381,0.2737099472528441,2.227299863313214e-38,3.3315759280351864,4.407118406843575,latent_signal,umlr_oracle,0,3252981564,3.942040261991447,-0.0726930945520663,True,True
500.0,5.9285011638427765,7.470911832280493,0.2533451048804605,0.8082808039609962,-0.19171919603900378,-0.4478807344059564,4.876620810225325,6.025948573577949,3.4036374486834053,1.4850140738512037e-28,3.2941177780003867,0.2518243977130002,8.245462928224968e-34,2.799346141713326,3.7888894142874476,latent_signal,raw_lasso,1,3796304915,3.7747061812340728,-0.480588403233686,True,True
500.0,5.342822737257641,6.679592532139342,0.22306858071306157,0.999156739419392,-0.0008432605806080185,-0.0022033053142793235,4.133191161080174,5.164074460290137,3.290619607119951,7.68779611174372e-34,3.294117778000385,0.2518243977130002,8.245462928225726e-34,2.799346141713324,3.788889414287446,latent_signal,residual_correction,1,3796304915,3.7747061812340728,-0.4805884032336878,True,True
500.0,5.927694670626952,7.470379257200809,0.25350535963603094,0.8096482269936507,-0.1903517730063493,-0.44471832098030106,4.871926820005072,6.02048242163283,3.408393914025145,1.2076825550711256e-28,3.2996906587366865,0.2522504259941738,8.245462928224968e-34,2.8040819839748186,3.7952993334985545,latent_signal,linear_recalibration,1,3796304915,3.7747061812340728,-0.4750155224973862,True,True
500.0,6.618927972003011,8.28224637495963,0.24912309974166277,1.0026026767590033,0.002602676759003275,0.005483895684553771,5.113285426195186,6.401586933762018,4.058730121687257,1.9252395421650603e-33,4.065204361991219,0.3127900752235595,1.8813975749250735e-33,3.450650495335732,4.679758228646706,latent_signal,umlr_oracle,1,3796304915,3.7747061812340728,0.29049818075714606,True,True
500.0,5.7168688493325135,7.119911727925953,0.3584643584923889,0.8406963764168951,-0.1593036235831049,-0.388690921687903,4.744372323414503,5.927252808704352,3.040694320834956,1.812263558070173e-24,3.074055094843847,0.25408714882670114,1.0324332530681099e-29,2.5748377214431324,3.5732724682445616,latent_signal,raw_lasso,2,3833159588,3.8479827227118544,-0.7739276278680074,True,False
500.0,5.272407697821196,6.559216268592169,0.30253251782630564,1.0046412861846736,0.004641286184673632,0.012289976963540266,4.144024218431699,5.187859912237337,3.0745634579549734,8.849478134342572e-30,3.0740550948438448,0.25408714882670114,1.0324332530681983e-29,2.5748377214431297,3.57327246824456,latent_signal,residual_correction,2,3833159588,3.8479827227118544,-0.7739276278680096,True,False
500.0,5.7177759143391835,7.120537154587471,0.3584916974918647,0.8420247700917779,-0.1579752299082221,-0.3854158568377381,4.739683389271076,5.922342017297737,3.045825388500062,1.5025639743879583e-24,3.0789124434167476,0.2544886347505598,1.0324332530681099e-29,2.578906251103736,3.5789186357297593,latent_signal,linear_recalibration,2,3833159588,3.8479827227118544,-0.7690702792951067,True,False
500.0,6.42309101866126,8.009257859795751,0.3771454153079816,1.0164835217171493,0.016483521717149285,0.03574719612060427,5.016670742467247,6.300228340756518,3.718824970090737,3.507782781815689e-29,3.715964202643039,0.31092530340570146,4.102581559125664e-29,3.105074143831441,4.326854261454637,latent_signal,umlr_oracle,2,3833159588,3.8479827227118544,-0.13201852006881554,True,True
500.0,5.683059885582914,7.071368070338249,-0.2892853568587046,0.8612351526889892,-0.1387648473110108,-0.33336296707015245,4.630952770758518,5.831943978936642,3.2880765204015834,3.2797605143568887e-29,3.3234848534336394,0.253565938531606,6.393918047341413e-34,2.825291527237627,3.821678179629652,latent_signal,raw_lasso,3,4289388588,3.7455920848748896,-0.4221072314412502,True,True
500.0,5.332347794606235,6.698830830847087,-0.05460598653395047,1.0415966386614268,0.04159663866142682,0.10540258770860103,4.161701561065668,5.23825100015777,3.333133208046316,8.58673939532896e-34,3.3234848534336385,0.2535659385316061,6.393918047342002e-34,2.825291527237626,3.821678179629651,latent_signal,residual_correction,3,4289388588,3.7455920848748896,-0.42210723144125106,True,True
500.0,5.6843802583544,7.073474709685881,-0.287753967657653,0.862538559822454,-0.13746144017754602,-0.33013027997021066,4.627850557721808,5.828533677162077,3.2934308196775306,2.7099360097025196e-29,3.3285146688706915,0.2539496893017109,6.393918047341608e-34,2.8295673688811327,3.8274619688602503,latent_signal,linear_recalibration,3,4289388588,3.7455920848748896,-0.4170774160041981,True,True
500.0,6.536962467033649,8.206897763273929,-0.04828473621023744,1.0573294081230078,0.0573294081230078,0.11857238843086247,5.096278903065091,6.395446732420745,4.088981889703012,6.834209264512488e-34,4.075571426077259,0.3099293782444155,4.1939221543749014e-34,3.4666381098455856,4.684504742308932,latent_signal,umlr_oracle,3,4289388588,3.7455920848748896,0.32997934120236927,True,True
500.0,5.59407698244422,7.0879104618887645,0.10584548508692404,0.8663926087171387,-0.13360739128286125,-0.3332243416654003,4.479484308417334,5.579345604352648,3.3052517469517637,2.0361232358511134e-35,3.2644961355415587,0.22777876923513404,3.064602131100602e-39,2.8169681144704604,3.712024156612657,latent_signal,raw_lasso,4,1778833715,3.9532027464312693,-0.6887066108897106,True,False
500.0,5.27098103452801,6.695308448408243,0.1494318342870702,1.0222529291127003,0.02225292911270027,0.058762574855239245,4.110778175711694,5.1465495363788465,3.2562301796328126,5.947686216997792e-39,3.2644961355415623,0.22777876923513402,3.064602131100095e-39,2.8169681144704644,3.71202415661266,latent_signal,residual_correction,4,1778833715,3.9532027464312693,-0.6887066108897071,True,False
500.0,5.595283830246298,7.089805826497402,0.10643811393677916,0.8677245287642803,-0.1322754712357197,-0.32981465638292373,4.476328946071258,5.57607445557384,3.3098494458327936,1.6589424882515124e-35,3.2695147008005403,0.22812893739908774,3.0646021311002975e-39,2.8212986873147736,3.717730714286307,latent_signal,linear_recalibration,4,1778833715,3.9532027464312693,-0.683688045630729,True,False
500.0,6.400411272450316,8.119650695559107,0.1836528289890499,1.0474010690168674,0.04740106901686736,0.10321383989098762,4.887403650567715,6.17361023604757,3.939798685447595,9.530967517943679e-39,3.956242753814538,0.2748984597210353,1.6657585036538382e-39,3.4161363861861727,4.496349121442903,latent_signal,umlr_oracle,4,1778833715,3.9532027464312693,0.0030400073832685948,True,True
500.0,6.0632273335756945,7.618716323174868,0.9540931418614716,0.8426879041781165,-0.15731209582188355,-0.36464414115439076,4.8009394706296336,5.978154849215752,3.5609853514452032,2.998109527737655e-37,3.513610696143993,0.23350374473509602,1.9477682668751456e-42,3.054834537396228,3.972386854891758,latent_signal,raw_lasso,5,3701162196,3.821703603153048,-0.3080929070090548,True,True
500.0,5.662571154333337,7.085932606902695,0.8202410052671496,1.0002256186631047,0.00022561866310466527,0.0005616475243496366,4.185549916284382,5.246919430122145,3.512159436066366,1.69442660143297e-42,3.513610696143992,0.23350374473509605,1.947768266875303e-42,3.054834537396227,3.972386854891757,latent_signal,residual_correction,5,3701162196,3.821703603153048,-0.30809290700905567,True,True
500.0,6.064462564472608,7.620533549392595,0.9542512830331661,0.8439638655426865,-0.15603613445731346,-0.3615998371759642,4.7965472977891475,5.973977730225663,3.565907955608291,2.402829646222697e-37,3.5189308526054672,0.23385730594712625,1.947768266875303e-42,3.0594600349565293,3.978401670254405,latent_signal,linear_recalibration,5,3701162196,3.821703603153048,-0.30277275054758057,True,True
500.0,6.602159501658823,8.242035042115607,0.9598677356567755,0.9769833595538118,-0.02301664044618823,-0.04926395731922637,4.874799407409978,6.11180932998809,4.08384695921727,1.791451495671508e-42,4.078316716190125,0.2713472675112285,2.3348682709455254e-42,3.5451875485327426,4.611445883847507,latent_signal,umlr_oracle,5,3701162196,3.821703603153048,0.25661311303707723,True,True
500.0,5.750451994357732,7.1465114544490635,0.38389274944714213,0.8191003507287605,-0.18089964927123947,-0.44133371876373384,4.795753398115569,5.942958518230787,3.3013154124256263,1.0839139535925062e-35,3.263393632988884,0.21062765336020767,1.8467358101431205e-44,2.849563243055407,3.677224022922361,latent_signal,raw_lasso,6,4184625800,3.77520089597426,-0.5118072629853758,True,False
500.0,5.181121493325729,6.419587588234972,0.4370998583268673,0.9932561096291479,-0.006743890370852101,-0.018331938706071606,4.013544455677661,5.012930077146426,3.2642174107481683,1.4511102124356795e-44,3.263393632988885,0.21062765336020767,1.846735810142969e-44,2.849563243055408,3.677224022922362,latent_signal,residual_correction,6,4184625800,3.77520089597426,-0.5118072629853749,True,False
500.0,5.749793651444953,7.1457714724175405,0.3849481852222026,0.8203543378596261,-0.17964566214037392,-0.43832342587967704,4.790137904755079,5.936567359654283,3.3060433892095413,8.158810154071152e-36,3.268389667498056,0.21095011002437966,1.8467358101431964e-44,2.8539257312806883,3.6828536037154236,latent_signal,linear_recalibration,6,4184625800,3.77520089597426,-0.5068112284762041,True,False
500.0,6.272542746459255,7.773531904401791,0.5282151419153454,0.9902743117846659,-0.00972568821533415,-0.02183247068152885,4.805490721501406,5.971363837043642,3.9555226969564883,1.221355282265207e-44,3.9541934620942407,0.25494904268610963,1.5600506364352868e-44,3.4532826839281494,4.455104240260332,latent_signal,umlr_oracle,6,4184625800,3.77520089597426,0.1789925661199807,True,True
500.0,5.871186063827586,7.137982397151578,0.1019801184848932,0.8259925786241292,-0.17400742137587077,-0.4287240943369644,5.032176739875193,6.116900853866793,2.8866585162500775,1.4103659538448074e-24,3.0475606560028345,0.2315562839916656,3.757083228633663e-34,2.5926107680508403,3.5025105439548287,latent_signal,raw_lasso,7,1587737317,3.78879407801341,-0.7412334220105756,True,False
500.0,5.20598304734964,6.470031563898373,0.1388556915302351,0.9707425734471481,-0.029257426552851906,-0.07953733364542305,4.367076544179755,5.3297223339008974,3.013233094211166,3.039186134283291e-33,3.0475606560028345,0.2315562839916656,3.757083228633663e-34,2.5926107680508403,3.5025105439548287,latent_signal,residual_correction,7,1587737317,3.78879407801341,-0.7412334220105756,True,False
500.0,5.869759082655479,7.137410064663485,0.10253299770229407,0.8272727329478987,-0.17272726705210129,-0.42560462107793046,5.027786700546515,6.111536009868129,2.8924876014979706,1.1011153889611361e-24,3.0522838799780785,0.23191515861816855,3.757083228633779e-34,2.5966288936011925,3.5079388663549644,latent_signal,linear_recalibration,7,1587737317,3.78879407801341,-0.7365101980353317,True,False
500.0,6.090574230471136,7.576018936220941,0.15612990499675827,0.9661279864571032,-0.03387201354289682,-0.07863818321552271,5.028895569743558,6.124573751432944,3.526750129965932,3.284973705631619e-33,3.5666020444248696,0.27122177102976713,4.188514673320327e-34,3.0337194458054553,4.099484643044284,latent_signal,umlr_oracle,7,1587737317,3.78879407801341,-0.22219203358854056,True,True
500.0,5.676635962357361,6.956135683243347,-0.4056372351759656,0.8258191381602166,-0.17418086183978343,-0.42920603483016206,4.756553487033931,5.816701286200059,2.9681637181263816,1.7784089358042494e-30,3.065762506086327,0.20823387193933376,5.591980819039125e-41,2.6566352948808665,3.4748897172917874,latent_signal,raw_lasso,8,1511176041,3.795967808373659,-0.7302053022873323,True,False
500.0,5.091171347540534,6.289512490519779,-0.44970655984079994,0.9925993356477186,-0.007400664352281372,-0.020186474669949262,3.8919123952999954,4.849272483014715,3.0579202774488117,7.417272040669986e-41,3.065762506086328,0.20823387193933376,5.591980819038902e-41,2.6566352948808674,3.4748897172917883,latent_signal,residual_correction,8,1511176041,3.795967808373659,-0.7302053022873314,True,False
500.0,5.676796380040638,6.9556409247362465,-0.4066265569863068,0.8270387733053107,-0.17296122669468927,-0.4262346542767675,4.751040011798652,5.809746634647158,2.9733421536972813,1.3475136235403935e-30,3.0702902671010026,0.20854140822286193,5.591980819039125e-41,2.6605588244088367,3.4800217097931685,latent_signal,linear_recalibration,8,1511176041,3.795967808373659,-0.7256775412726566,True,False
500.0,6.0820612170036705,7.501695180851595,-0.5205011296507294,0.9829812466832433,-0.01701875331675673,-0.03891437080476641,4.563822564837359,5.672752504212916,3.6327018327842535,1.8160279945978006e-40,3.6464512658571326,0.24852390365266597,9.379300543770412e-41,3.1581642706994364,4.134738261014829,latent_signal,umlr_oracle,8,1511176041,3.795967808373659,-0.14951654251652657,True,True
500.0,6.002414343444976,7.421998690720084,-0.02017745216320276,0.8318353249259564,-0.16816467507404365,-0.38749145107301475,4.847284612817318,5.930940173995095,3.5628249512326673,4.367069254571415e-40,3.5253146950609473,0.21906361732026927,3.312824801931672e-47,3.094909756632232,3.9557196334896627,latent_signal,raw_lasso,9,1698704072,3.953997454044247,-0.42868275898329955,True,True
500.0,5.446580712675366,6.842615979520566,0.07457960538258981,0.9979205745497522,-0.0020794254502477516,-0.005197489332397044,4.155895687935211,5.226589598492083,3.5249807679574143,2.6790025506040456e-47,3.525314695060948,0.21906361732026927,3.312824801931672e-47,3.0949097566322328,3.9557196334896636,latent_signal,residual_correction,9,1698704072,3.953997454044247,-0.42868275898329866,True,True
500.0,6.002350345961879,7.42328622695459,-0.019313219155219174,0.8331415714158902,-0.16685842858410982,-0.3844147419812613,4.843256999328102,5.926574718448347,3.568061908770375,3.3177367513480867e-40,3.5308505623274,0.2194076169949913,3.312824801931672e-47,3.0997697510146818,3.961931373640118,latent_signal,linear_recalibration,9,1698704072,3.953997454044247,-0.42314689171684705,True,True
500.0,6.580919289547615,8.26840573697149,0.09272859303450093,1.0057888870038663,0.005788887003866261,0.0119742198323875,4.922378487685513,6.260892212394555,4.241358049236407,8.067904905894952e-47,4.2436494398578075,0.26520898465191156,8.746847267159786e-47,3.7225804549383916,4.764718424777223,latent_signal,umlr_oracle,9,1698704072,3.953997454044247,0.28965198581356066,True,True
500.0,5.8064487233260405,7.194948979719832,0.03561127690419949,0.8299454758535035,-0.17005452414649647,-0.40256955736631467,5.0659471312067526,6.246869813831847,2.8561179800514944,1.463843148066915e-22,2.9489470292936,0.24762001527233074,6.08110608871103e-29,2.4624359475780517,3.435458111009148,latent_signal,raw_lasso,10,3718071100,3.8390247956931773,-0.8900777663995774,True,False
500.0,5.282088038609814,6.589798016352286,-0.07932921824452788,0.9879047937652823,-0.012095206234717715,-0.03126423339444024,4.459375702399193,5.492082495379679,2.9394325428005135,8.441174656309216e-29,2.948947029293599,0.24762001527233074,6.081106088711288e-29,2.462435947578051,3.4354581110091473,latent_signal,residual_correction,10,3718071100,3.8390247956931773,-0.8900777663995783,True,False
500.0,5.806687468200727,7.19547420621768,0.034600054870953516,0.8311581947297987,-0.16884180527020132,-0.3996692412966726,5.062718915816482,6.242766806225344,2.8610620499818404,1.226972302143713e-22,2.9532560397426777,0.24798183839855528,6.081106088711288e-29,2.4660340665414973,3.440478012943858,latent_signal,linear_recalibration,10,3718071100,3.8390247956931773,-0.8857687559504996,True,False
500.0,6.25905608412448,7.810421105161165,-0.06365371256506747,0.9792343572421193,-0.02076564275788073,-0.045285637998175046,5.2156439902888305,6.394157019625448,3.469221212735355,1.5406117107612128e-28,3.4838775331024565,0.2935689553381321,8.981379197588683e-29,2.9070883350944494,4.060666731110463,latent_signal,umlr_oracle,10,3718071100,3.8390247956931773,-0.3551472625907208,True,True
500.0,5.548528072351673,6.9499544889314375,0.4314897192115213,0.8523853748143507,-0.14761462518564927,-0.35204399296927874,4.706595857009349,5.905391040879927,3.0210006709052997,9.269689998276296e-29,3.1353849898747104,0.23109536654609797,6.770850108584259e-36,2.681340688834897,3.5894292909145236,latent_signal,raw_lasso,11,1907913285,3.849570293859038,-0.7141853039843276,True,False
500.0,5.170813795538844,6.497149920966265,-0.15173814668267321,1.0117003733804029,0.011700373380402862,0.02979930857199279,4.122024499841768,5.12889426561688,3.1368562636709068,4.668305089177861e-36,3.135384989874709,0.23109536654609797,6.77085010858469e-36,2.6813406888348963,3.589429290914522,latent_signal,residual_correction,11,1907913285,3.849570293859038,-0.7141853039843289,True,False
500.0,5.549509991238804,6.951385441695584,0.42656109148200244,0.8536862807139077,-0.14631371928609227,-0.34885404908739887,4.702275214468146,5.899940497984409,3.026721170812823,7.342716649625875e-29,3.140170197306969,0.2314480630312595,6.770850108584476e-36,2.6854329363368996,3.594907458277038,latent_signal,linear_recalibration,11,1907913285,3.849570293859038,-0.709400096552069,True,False
500.0,6.174277023967001,7.755316793458053,-0.17276741053260514,1.0158271978099414,0.01582719780994135,0.033769385794126854,4.890363728947663,6.022146623370759,3.7260250109457296,1.1584303477834404e-35,3.7228712773547072,0.276343641040342,1.75088976937984e-35,3.179925491732777,4.265817062976637,latent_signal,umlr_oracle,11,1907913285,3.849570293859038,-0.12669901650433069,True,True
500.0,5.736206180781779,7.186965357071139,0.06382455935422951,0.8634717844265559,-0.13652821557344408,-0.34228231574927664,4.69124876265415,5.839046748955352,3.149587872318774,2.403231650734242e-34,3.3702521790435958,0.21368960757366984,9.903703998694456e-46,2.9504058188141933,3.7900985392729982,latent_signal,raw_lasso,12,1792009733,3.7478852489415955,-0.3776330698979997,True,True
500.0,5.2991139681491015,6.757844892724103,0.11755382671048302,1.0132778889360032,0.013277888936003235,0.035406011168762366,4.0493070358283685,5.0626866945951905,3.3610619353550133,6.603904098051472e-46,3.3702521790435944,0.2136896075736698,9.903703998694456e-46,2.950405818814192,3.790098539272997,latent_signal,residual_correction,12,1792009733,3.7478852489415955,-0.37763306989800105,True,True
500.0,5.73555381407106,7.188597075560027,0.06447845863882429,0.8648082244582772,-0.1351917755417228,-0.33885513697539965,4.685776935753995,5.83303089150854,3.156647539415518,1.686969956627371e-34,3.3754684930104273,0.2140203460541564,9.903703998694456e-46,2.954972314810012,3.7959646712108426,latent_signal,linear_recalibration,12,1792009733,3.7478852489415955,-0.3724167559311682,True,True
500.0,6.142073530035435,7.839605061069616,0.11382828212761137,1.0000656694542478,6.566945424779647e-05,0.0001509403940005162,4.660052066854245,5.847445268183924,3.869654570041575,4.372771415303343e-45,3.90190239763586,0.24839454714018872,1.929287112042199e-45,3.413869555506719,4.389935239765001,latent_signal,umlr_oracle,12,1792009733,3.7478852489415955,0.15401714869426453,True,True
500.0,5.7286255385556215,7.302889180012701,-0.9290678586184524,0.8480152119802586,-0.15198478801974136,-0.3678635147631864,4.691215084624175,5.764512902080045,3.526224128483695,6.120207475007423e-39,3.5254500011374015,0.22269951338254126,5.322622816690651e-46,3.087901440961002,3.962998561313801,latent_signal,raw_lasso,13,1087595102,4.074431991216794,-0.5489819900793922,True,False
500.0,5.455271580577806,6.838043959508317,-1.145231254614435,1.015987103996227,0.015987103996226937,0.041577070456063764,4.173805600136425,5.173831907324337,3.5253681688105485,5.421930003053574e-46,3.5254500011374033,0.22269951338254126,5.32262281669021e-46,3.0879014409610037,3.962998561313803,latent_signal,residual_correction,13,1087595102,4.074431991216794,-0.5489819900793904,True,False
500.0,5.730334209227967,7.304570902714596,-0.9324623221443114,0.8493142172199332,-0.15068578278006683,-0.36465600498831785,4.6876580286740905,5.760288388465347,3.531617857296421,4.637757532376856e-39,3.5308503500450525,0.2230406485776061,5.322622816689988e-46,3.092631544967086,3.969069155123019,latent_signal,linear_recalibration,13,1087595102,4.074431991216794,-0.5435816411717411,True,False
500.0,6.6854010185523,8.378015168984232,-1.4110531702243376,1.037106556161826,0.03710655616182601,0.07877643669450653,5.051034460467056,6.275170259900346,4.318039401237068,5.601465710323593e-46,4.318228937088852,0.27190161519160777,3.1024498348726144e-46,3.784010615594971,4.852447258582734,latent_signal,umlr_oracle,13,1087595102,4.074431991216794,0.24379694587205858,True,True
500.0,5.885836140159932,7.196939652344827,0.21461857792663508,0.8366544743691786,-0.1633455256308214,-0.3968770930254476,4.859537502982186,6.024985527970112,2.855971986530982,2.763678828560754e-23,2.9347835429186797,0.24389370248652598,1.908304990521067e-29,2.4555937290830263,3.413973356754333,latent_signal,raw_lasso,14,2245572395,3.828230572228027,-0.8934470293093475,True,False
500.0,5.354776483800044,6.624363549032188,0.16729039834777598,1.028920964329145,0.028920964329145038,0.07633269615734356,4.152053442929595,5.227898352904634,2.9459094852114225,1.3928513273803135e-29,2.9347835429186806,0.24389370248652598,1.9083049905209855e-29,2.455593729083027,3.413973356754334,latent_signal,residual_correction,14,2245572395,3.828230572228027,-0.8934470293093466,True,False
500.0,5.885975743875796,7.197366620833076,0.21457096951592716,0.8379173440840257,-0.16208265591597426,-0.39378526538492487,4.854408354456487,6.019831979323806,2.8609889437208675,2.2909828864958014e-23,2.939213387459676,0.24426184247734403,1.9083049905209855e-29,2.4593002710874377,3.4191265038319143,latent_signal,linear_recalibration,14,2245572395,3.828230572228027,-0.8890171847683512,True,False
500.0,6.686668091395102,8.277109332058796,0.22888074201785819,1.0461440555971395,0.04614405559713952,0.09747800566426709,5.162342231631479,6.459653982407677,3.6757223047557144,1.6954733323934107e-29,3.6571311789721204,0.3042297990661311,2.1375101522891862e-29,3.0593961030293064,4.254866254914934,latent_signal,umlr_oracle,14,2245572395,3.828230572228027,-0.17109939325590684,True,True
500.0,5.9852770829333855,7.429024745701931,0.2585928757870237,0.7940668873251502,-0.20593311267484982,-0.4928520062274673,4.816812215490601,6.013350091183947,3.3854714333646303,5.613846451754803e-30,3.2967702142893676,0.23330584926800646,2.366658853643839e-38,2.838382870386212,3.755157558192523,latent_signal,raw_lasso,15,3814810805,3.88991942846491,-0.5931492141755426,True,False
500.0,5.221193362526626,6.544994269807499,0.23649630313579015,0.9424099413524936,-0.05759005864750644,-0.15645190096845535,3.9385318102998297,5.000621687078265,3.319960375977088,5.46360210649536e-38,3.2967702142893676,0.23330584926800646,2.366658853643839e-38,2.838382870386212,3.755157558192523,latent_signal,residual_correction,15,3814810805,3.88991942846491,-0.5931492141755426,True,False
500.0,5.983434412237117,7.427128971050733,0.25875216067148576,0.7952205387063848,-0.20477946129361524,-0.4902166297285095,4.811141723890046,6.006678661314697,3.3897483776604114,4.475727758707936e-30,3.3015598907914803,0.23364480511612748,2.366658853643916e-38,2.8425065838556445,3.760613197727316,latent_signal,linear_recalibration,15,3814810805,3.88991942846491,-0.5883595376734299,True,False
500.0,6.144404826869235,7.70820022543379,0.28730677816260847,0.9386671273079596,-0.06133287269204035,-0.14148196830134357,4.632969285877963,5.822868168824602,3.916851837579713,3.8256548687180775e-38,3.892413975806871,0.2753567698251042,2.24488950172202e-38,3.3514071440369197,4.433420807576823,latent_signal,umlr_oracle,15,3814810805,3.88991942846491,0.002494547341961084,True,True
500.0,5.787426293196404,7.182138622132709,0.3578613710548324,0.8531909175413199,-0.14680908245868007,-0.3594917256176779,4.758444689382153,5.919687940479229,3.1141702177436366,3.4429507642236037e-28,3.2087538984989514,0.24078550072705035,7.404863288958447e-35,2.7356709197611377,3.681836877236765,latent_signal,raw_lasso,16,1398225234,3.9814909379023766,-0.7727370394034252,True,False
500.0,5.3887196297294775,6.730909058029052,0.5547602866230437,1.0249514926839012,0.024951492683901177,0.06533605484977699,4.288287140368599,5.3095407714012435,3.2195726790953665,4.4932809605435194e-35,3.2087538984989523,0.24078550072705035,7.404863288958216e-35,2.7356709197611386,3.681836877236766,latent_signal,residual_correction,16,1398225234,3.9814909379023766,-0.7727370394034243,True,False
500.0,5.788171703609858,7.183577967026575,0.360114708197501,0.8544690078675321,-0.1455309921324679,-0.3562960815964071,4.754813094129851,5.915605317687476,3.1197545513904443,2.7555129773354756e-28,3.2135606506953844,0.2411462003229372,7.404863288958447e-35,2.739768987926612,3.687352313464157,latent_signal,linear_recalibration,16,1398225234,3.9814909379023766,-0.7679302872069922,True,False
500.0,6.317171155773715,7.87444563031772,0.6118878224747644,1.0001911816724818,0.0001911816724817772,0.00042775134876016954,4.926163479053624,6.117218387919005,3.76360171975155,5.538591578901573e-35,3.7687614612557807,0.2822589748905291,5.730769804098886e-35,3.2141935316524846,4.323329390859077,latent_signal,umlr_oracle,16,1398225234,3.9814909379023766,-0.21272947664659592,True,True
500.0,5.592235131029238,7.028409393239189,-0.16859793584002639,0.8367266670012699,-0.16327333299873015,-0.40414719573488983,4.506569803972543,5.683817638270157,3.36111390619555,8.369692053943217e-33,3.1870057920098502,0.23746284456403416,2.897677710268013e-35,2.720450997361921,3.6535605866577794,latent_signal,raw_lasso,17,3528899083,3.992218135499125,-0.8052123434892748,True,False
500.0,5.076937754632443,6.43397744397761,-0.24110376836840544,1.010234860147348,0.01023486014734809,0.027686234853832828,4.0078311962918605,5.08783816420141,3.159688614232542,8.076848508969923e-35,3.1870057920098507,0.2374628445640341,2.8976777102678316e-35,2.7204509973619215,3.65356058665778,latent_signal,residual_correction,17,3528899083,3.992218135499125,-0.8052123434892744,True,False
500.0,5.592170579092722,7.028472101050891,-0.16952166667699003,0.8380445486119709,-0.16195545138802914,-0.4008827591963835,4.5013739388136385,5.679337648017822,3.364579344034662,7.059686731513847e-33,3.1920254674811,0.2378368590760817,2.897677710268013e-35,2.7247358283391447,3.6593151066230556,latent_signal,linear_recalibration,17,3528899083,3.992218135499125,-0.8001926680180249,True,False
500.0,6.1243380341049,7.765434475033769,-0.27295364095883623,1.0083750728865446,0.008375072886544599,0.018769282142234115,4.749671007114552,6.044692090525194,3.8141827404029245,7.963931602100691e-35,3.842515710929704,0.2868259590475353,3.6891490952700797e-35,3.2789748055354195,4.406056616323989,latent_signal,umlr_oracle,17,3528899083,3.992218135499125,-0.14970242456942096,True,True
500.0,6.275204347911116,7.747356056724589,-0.1396231201239845,0.7884859684575861,-0.21151403154241388,-0.4830898998583045,4.9183153581751045,6.10950718967753,3.789619585452653,1.2479508434358383e-35,3.541596128766537,0.2406065804107748,5.781736683010842e-41,3.0688646834720776,4.014327574060997,latent_signal,raw_lasso,18,1799071372,3.872633099163051,-0.3310369703965139,True,True
500.0,5.407948135935046,6.815718090828825,0.024559015647266903,0.9618978715930535,-0.03810212840694649,-0.09890361998914905,4.126818784851384,5.167525811008229,3.5695436286833675,1.3359624213178287e-41,3.541596128766537,0.2406065804107748,5.781736683010842e-41,3.0688646834720776,4.014327574060997,latent_signal,residual_correction,18,1799071372,3.872633099163051,-0.3310369703965139,True,True
500.0,6.273129148644545,7.746180132601931,-0.1384246774139094,0.7896566957226795,-0.2103433042773205,-0.4804876234727923,4.914609177197025,6.1042600150878,3.793362008874625,1.0129705300821585e-35,3.546854615684201,0.24096382796509558,5.781736683010842e-41,3.073421268752664,4.020287962615738,latent_signal,linear_recalibration,18,1799071372,3.872633099163051,-0.32577848347884997,True,True
500.0,6.412249959966666,8.064440253449854,0.018526423606861214,0.9259096683019764,-0.07409033169802359,-0.1625399819839321,4.889340686074044,6.069593659041495,4.24392146866765,4.560401710735696e-42,4.173945339862811,0.2817286855989609,2.1481485328902098e-41,3.6204192954099503,4.72747138431567,latent_signal,umlr_oracle,18,1799071372,3.872633099163051,0.3013122406997595,True,True
500.0,5.903150247916994,7.4087806991071945,-0.3167991276502881,0.8167663377760406,-0.18323366222395943,-0.4335640911923008,4.476149039348686,5.496539942300499,3.8618134102745336,7.752002715214583e-41,3.5095713720969397,0.239543988979061,1.16859056138182e-40,3.0389276518448045,3.980215092349075,latent_signal,raw_lasso,19,1198539855,4.014338514920754,-0.5047671428238147,True,False
500.0,5.357976507069826,6.696110732165535,-0.5639284805106204,0.9902007271101457,-0.009799272889854271,-0.02572256227123098,3.950720505862099,4.888452114011184,3.4656714376302205,2.020212673566955e-40,3.5095713720969393,0.23954398897906104,1.1685905613818663e-40,3.038927651844804,3.9802150923490744,latent_signal,residual_correction,19,1198539855,4.014338514920754,-0.5047671428238152,True,False
500.0,5.903134530512788,7.4086362262865535,-0.3196094251772381,0.8180842094629358,-0.1819157905370642,-0.43046120308559466,4.472446428761889,5.492120243967276,3.864359083449059,6.667280857930036e-41,3.515234148010328,0.23993049883658155,1.16859056138182e-40,3.0438310330514713,3.9866372629691846,latent_signal,linear_recalibration,19,1198539855,4.014338514920754,-0.4991043669104265,True,False
500.0,6.55901340949636,8.208967223048365,-0.721166435545778,1.0028206546360345,0.0028206546360345364,0.0060414499085026125,4.839739027594534,6.006773877226084,4.21956103065001,8.118808261056962e-40,4.307353248081978,0.2935199067599595,9.151728881927512e-41,3.7306604181999368,4.88404607796402,latent_signal,umlr_oracle,19,1198539855,4.014338514920754,0.2930147331612236,True,True
500.0,5.630389213213647,7.066610366181071,-0.2959587369475955,0.8223020989889536,-0.17769790101104643,-0.44940811828844623,4.54180860244975,5.624911030569747,3.2547785808041203,2.1120419057272024e-29,3.025931594380631,0.24022117940280505,9.060824561752155e-32,2.553957365182275,3.4979058235789866,latent_signal,raw_lasso,20,3783874809,3.7334072618670744,-0.7074756674864435,True,False
500.0,5.032327691083946,6.322636012045791,-0.04900931789771656,0.9754672039022769,-0.024532796097723075,-0.06928679266075954,3.943249055189609,4.954821371221153,3.0405982316108076,3.152461339077104e-32,3.025931594380631,0.24022117940280505,9.060824561752155e-32,2.553957365182275,3.4979058235789866,latent_signal,residual_correction,20,3783874809,3.7334072618670744,-0.7074756674864435,True,False
500.0,5.627484441686189,7.065197254901525,-0.2940850822883063,0.823472540205158,-0.17652745979484197,-0.44653250337985734,4.537107837294545,5.620295983306007,3.2574209500992053,1.8255468151130636e-29,3.0302386185993866,0.24056310333772382,9.060824561751618e-32,2.557592594823929,3.5028846423748443,latent_signal,linear_recalibration,20,3783874809,3.7334072618670744,-0.7031686432676878,True,False
500.0,5.888023601766487,7.391289539924877,-0.05116477446710175,0.9568434155899276,-0.04315658441007242,-0.10426193905281018,4.544274580465508,5.721653410112629,3.543447840273006,5.226435086813225e-32,3.5058532144736048,0.2804910284582946,2.3067052200514155e-31,2.954758855172029,4.05694757377518,latent_signal,umlr_oracle,20,3783874809,3.7334072618670744,-0.22755404739346963,True,True
500.0,6.1659721427807765,7.790509649418825,1.1556808283037276,0.8766901265822843,-0.12330987341771571,-0.28406959873319604,4.892889575794326,6.143852282051772,3.651310010777551,5.229471389941304e-31,3.5741298262940817,0.2807772463039252,2.516966493054063e-32,3.0224731208771045,4.125786531711059,latent_signal,raw_lasso,21,3545124995,4.056727956584392,-0.48259813029030996,True,True
500.0,5.986245120417645,7.531188951438277,1.2727169925752855,1.04110931679991,0.04110931679990992,0.09829450598541956,4.622471649240144,5.827810688349437,3.5412719990016046,1.8588750658233413e-31,3.5741298262940817,0.28077724630392525,2.5169664930541384e-32,3.0224731208771045,4.125786531711059,latent_signal,residual_correction,21,3545124995,4.056727956584392,-0.48259813029030996,True,True
500.0,6.169423146343158,7.794996173298264,1.158531986886774,0.8780285936232525,-0.12197140637674753,-0.280836394957674,4.891595671888919,6.143681854678283,3.6558627998439674,4.681778755416683e-31,3.579586549060293,0.2812059166842985,2.5169664930541384e-32,3.0270876141077694,4.1320854840128165,latent_signal,linear_recalibration,21,3545124995,4.056727956584392,-0.4771414075240985,True,True
500.0,7.189535809785829,9.037257836566242,1.529004772960761,1.049916746911454,0.04991674691145409,0.09946652851411485,5.556037843289984,7.024033868059956,4.246436460109657,2.0673608411022044e-31,4.286253703963803,0.33692599744777824,2.712996973651749e-32,3.6242788175793867,4.9482285903482195,latent_signal,umlr_oracle,21,3545124995,4.056727956584392,0.22952574737941145,True,True
500.0,5.560998434647391,6.8858389569808836,0.3619268430818233,0.8254073446340099,-0.1745926553659901,-0.42487120307413895,4.620122579104491,5.832833300870127,3.2574162526035857,2.024252309658392e-30,3.2319607617035517,0.23316099632712978,3.57804385100538e-37,2.7738580174151655,3.690063505991938,latent_signal,raw_lasso,22,392304739,3.8832029746494308,-0.651242212945879,True,False
500.0,4.946663973330164,6.229279295973174,0.08676381780335561,0.986898481260984,-0.013101518739015994,-0.03519763007514843,3.8937878558972696,4.951320888589549,3.233631410505624,3.072769566117524e-37,3.2319607617035517,0.23316099632712975,3.5780438510053796e-37,2.7738580174151655,3.690063505991938,latent_signal,residual_correction,22,392304739,3.8832029746494308,-0.651242212945879,True,False
500.0,5.559964564938589,6.8854316558182775,0.3599675505258698,0.8266124561590042,-0.17338754384099575,-0.4219572811518856,4.614328890211089,5.827100060091031,3.2619571109767738,1.627434053625919e-30,3.2366794902047946,0.23350141612794656,3.5780438510052644e-37,2.7779079065846983,3.695451073824891,latent_signal,linear_recalibration,22,392304739,3.8832029746494308,-0.6465234844446361,True,False
500.0,5.955652031574064,7.47410410528495,0.14759594568418333,0.978173985115072,-0.02182601488492797,-0.04887507698765026,4.616378490044592,5.87784277348722,3.84958372062431,1.3486484853202945e-36,3.8466773622792605,0.2803577110586947,1.4693194261094705e-36,3.2958449381537225,4.3975097864047985,latent_signal,umlr_oracle,22,392304739,3.8832029746494308,-0.03652561237017027,True,True
500.0,6.149305527247129,7.596400499071309,-1.1207719653299706,0.8416273366582329,-0.15837266334176714,-0.3659701744557393,5.0331673676006945,6.159036489036422,3.442692276384648,3.118081770931076e-35,3.4837278480460787,0.23116695726082,1.536469696076564e-42,3.0295428892487664,3.937912806843391,latent_signal,raw_lasso,23,2056780131,3.8487883584376643,-0.3650605103915856,True,True
500.0,5.730486271225637,7.041837583052907,-0.7846844924692906,0.9834013630348095,-0.016598636965190483,-0.041180715184401466,4.388129688443894,5.423901411691907,3.4785888042768676,2.094624648277073e-42,3.4837278480460783,0.23116695726082,1.536469696076564e-42,3.029542889248766,3.9379128068433906,latent_signal,residual_correction,23,2056780131,3.8487883584376643,-0.36506051039158605,True,True
500.0,6.150915573095316,7.597780573540794,-1.1190235317021229,0.8428047357796964,-0.1571952642203036,-0.363169379496142,5.0301592955532275,6.155084132152295,3.4478626584352483,2.4725807996833967e-35,3.488601427989421,0.23149034952784284,1.5364696960766886e-42,3.0337810846838136,3.943421771295028,latent_signal,linear_recalibration,23,2056780131,3.8487883584376643,-0.36018693044824346,True,True
500.0,6.726294656826743,8.276576190264167,-0.8938377524087062,0.9923285478578519,-0.00767145214214815,-0.016187084175195713,5.067806008040332,6.302209127297259,4.1189136826119865,4.1832026081905555e-43,4.121963947598449,0.2713025726182845,4.270909063896026e-43,3.5889225941700147,4.655005301026883,latent_signal,umlr_oracle,23,2056780131,3.8487883584376643,0.2731755891607843,True,True
500.0,5.811941470618204,7.137756643841187,-1.0936416148396897,0.821167063798299,-0.17883293620170104,-0.4512153727783842,5.029222955393657,6.1998822346596985,2.9370228368775497,1.432765778908499e-25,2.9961906235606683,0.22820212407430152,5.125512155047719e-34,2.5478308166562385,3.4445504304650982,latent_signal,raw_lasso,24,1037626083,3.852129201600928,-0.8559385780402597,True,False
500.0,5.009167553130614,6.341835830244836,-0.753857520133745,0.9905576316073538,-0.009442368392646228,-0.02668675160892192,4.032098070193537,5.097213831827609,2.99199355381717,5.791141001623676e-34,2.9961906235606697,0.2282021240743015,5.125512155047246e-34,2.54783081665624,3.4445504304650996,latent_signal,residual_correction,24,1037626083,3.852129201600928,-0.8559385780402584,True,False
500.0,5.809711679043927,7.136097857657935,-1.092237379553321,0.8224310535410804,-0.17756894645891963,-0.44811900441852087,5.022537436508819,6.192169148601933,2.9420432006303603,1.1308614341289106e-25,3.000802540407504,0.22855338651141957,5.1255121550480364e-34,2.551752591116723,3.4498524896982845,latent_signal,linear_recalibration,24,1037626083,3.852129201600928,-0.8513266611934243,True,False
500.0,6.122010888356505,7.746305693818666,-0.9181077947502142,1.0005403714139522,0.0005403714139522453,0.001250285745887158,4.815972121951318,6.106658474980988,3.6480153852830446,7.964040952906297e-34,3.6492197542754043,0.2791662032465846,9.018441386822474e-34,3.10072834347185,4.197711165078959,latent_signal,umlr_oracle,24,1037626083,3.852129201600928,-0.20290944732552374,True,True
500.0,5.97420964551139,7.407725515790936,0.6625208291828423,0.8083161191098637,-0.19168388089013633,-0.4539418826086705,5.055835134280725,6.230130068411392,3.190177396462361,2.805335752304893e-26,3.4582981253006086,0.23824096451010182,4.673086167726389e-40,2.9902145205673984,3.926381730033819,latent_signal,raw_lasso,25,3127610977,3.981180156071928,-0.5228820307713193,True,False
500.0,5.287920425794776,6.60102512828415,0.49942725826926865,0.9813849079825433,-0.018615092017456703,-0.04941468257531056,4.167188240616599,5.204172528950968,3.413781668716677,4.064456629855836e-39,3.4582981253006073,0.2382409645101018,4.673086167726545e-40,2.990214520567397,3.9263817300338175,latent_signal,residual_correction,25,3127610977,3.981180156071928,-0.5228820307713207,True,False
500.0,5.972224234050678,7.406873269014812,0.6620879637114517,0.8095664400096574,-0.19043355999034262,-0.45103083112991144,5.0495432822302035,6.223797856965791,3.1971105202573575,2.0963785311448356e-26,3.4636474958272565,0.23860948079979555,4.673086167726389e-40,2.994839849224767,3.932455142429746,latent_signal,linear_recalibration,25,3127610977,3.981180156071928,-0.5175326602446715,True,False
500.0,6.340902774252231,7.920393613668902,0.6144179162232476,0.9610365892869086,-0.038963410713091395,-0.08621374495537375,4.965219331868359,6.210876136022596,4.0386757691001245,6.79278482258664e-38,4.113358758303396,0.28583245331486484,1.6802284007406533e-39,3.5517698419200174,4.674947674686774,latent_signal,umlr_oracle,25,3127610977,3.981180156071928,0.13217860223146793,True,True
500.0,5.828412026202188,7.132666103678509,-0.356174182202073,0.8536624690274605,-0.14633753097253954,-0.35363945779008166,4.62090242706555,5.782000495551137,3.2511880366053933,1.539372538668587e-38,3.333824994185962,0.20610792210193882,1.3785863004050195e-47,2.928874739976189,3.7387752483957346,latent_signal,raw_lasso,26,1345291138,3.9417780109111384,-0.6079530167251765,True,False
500.0,5.352514787856992,6.695395336673982,-0.23653217036364466,1.0353765272552387,0.035376527255238654,0.09101749726322919,4.244130106800827,5.29270884055438,3.3482984711164825,8.938994459707723e-48,3.333824994185962,0.20610792210193882,1.3785863004050195e-47,2.928874739976189,3.7387752483957346,latent_signal,residual_correction,26,1345291138,3.9417780109111384,-0.6079530167251765,True,False
500.0,5.829234203485414,7.134226426217497,-0.35572354602575285,0.8549352949418567,-0.14506470505814328,-0.3504855746448961,4.618463913136262,5.778416889241944,3.2568324356890126,1.1338169781494347e-38,3.338795786508008,0.20641523267717418,1.3785863004051936e-47,2.9332417442715846,3.744349828744431,latent_signal,linear_recalibration,26,1345291138,3.9417780109111384,-0.6029822244031307,True,False
500.0,6.52679512857764,8.161552047886513,-0.30147130728199933,1.0391531182910936,0.03915311829109358,0.08264276187798952,5.031232429110671,6.301017701724943,4.092800872447637,4.233053545996128e-48,4.077297557715921,0.2510622941370717,6.899199119107098e-48,3.5840232633731146,4.570571852058728,latent_signal,umlr_oracle,26,1345291138,3.9417780109111384,0.13551954680478273,True,True
500.0,5.868150269463525,7.303509495992188,-0.6001059351881473,0.7850934650415082,-0.21490653495849177,-0.49020771839746824,4.83671627881777,6.010341145798874,3.338452611838577,2.2640066582672518e-33,3.2972635300401207,0.21345412580003228,3.0066429411961104e-44,2.87787983229901,3.7166472277812317,latent_signal,raw_lasso,27,1157690567,3.9959740457031945,-0.6987105156630737,True,False
500.0,5.1068179213939,6.428598139860892,-0.43068285004323636,0.9431216577625205,-0.05687834223747945,-0.14723076727429987,3.9735753077060108,4.995744874973359,3.307766528423354,1.5340686307921517e-43,3.297263530040119,0.21345412580003228,3.0066429411963574e-44,2.877879832299008,3.71664722778123,latent_signal,residual_correction,27,1157690567,3.9959740457031945,-0.6987105156630755,True,False
500.0,5.866209531350279,7.302245388246684,-0.5994243035005787,0.7862272440873173,-0.21377275591268274,-0.48770275980460776,4.831387514591092,6.004190773905928,3.342993356792132,1.747560856504481e-33,3.3020252157060073,0.21376238185596666,3.0066429411961104e-44,2.8820358723063535,3.722014559105661,latent_signal,linear_recalibration,27,1157690567,3.9959740457031945,-0.6939488299971872,True,False
500.0,5.98093833226978,7.512537800718454,-0.5311541608087624,0.9076813107458458,-0.09231868925415421,-0.20454189191842453,4.604178335185229,5.765526044385057,3.8267605365195174,1.4864706012111538e-42,3.8094598410734033,0.24688754657435638,3.6017856935290604e-44,3.324387876216734,4.294531805930072,latent_signal,umlr_oracle,27,1157690567,3.9959740457031945,-0.18651420462979118,True,True
500.0,5.612258314038634,7.033498946979415,-0.12603718458083205,0.8369327063246083,-0.16306729367539174,-0.40972050826863055,4.819217641923868,5.8959410703707045,3.072677998161187,3.4772669420414465e-28,3.14412940439832,0.2308190118058902,3.948655447967307e-36,2.690628070951203,3.5976307378454373,latent_signal,raw_lasso,28,3032269999,3.9802900064469893,-0.8361606020486692,True,False
500.0,5.142016276871678,6.428188819892349,-0.3683892581800277,1.0103745313846026,0.010374531384602648,0.028563849129887294,4.179792036376519,5.19349306518177,3.146479072710744,2.971020377796128e-36,3.144129404398319,0.2308190118058902,3.948655447967433e-36,2.6906280709512016,3.597630737845436,latent_signal,residual_correction,28,3032269999,3.9802900064469893,-0.8361606020486705,True,False
500.0,5.611857501278689,7.033280212787516,-0.12821181854824254,0.8381274581050693,-0.16187254189493072,-0.4067335190907373,4.814901928989859,5.890967976236674,3.0776717870644386,2.7622227109160355e-28,3.1486177631104577,0.23114851431336228,3.9486554479671824e-36,2.694469040068594,3.6027664861523214,latent_signal,linear_recalibration,28,3032269999,3.9802900064469893,-0.8316722433365316,True,False
500.0,6.274343559781584,7.833615573697958,-0.48828326506351327,1.0205956459654224,0.020595645965422404,0.04654585412116892,4.957270419883742,6.164459564702129,3.849253650603844,1.355905267077124e-36,3.8430137711664276,0.2805910940089094,1.876622930615835e-36,3.2917228082130086,4.394304734119847,latent_signal,umlr_oracle,28,3032269999,3.9802900064469893,-0.13727623528056165,True,True
500.0,5.562029979284408,6.979032513962865,-0.1515141330752739,0.8507287506130677,-0.14927124938693226,-0.38068799423347227,4.728868488670395,5.907167961247765,3.188197350494904,2.5196368979763566e-32,3.1514819581011793,0.22646124268090537,2.0639362799540426e-37,2.7065425455009344,3.596421370701424,latent_signal,raw_lasso,29,4248534561,3.9775376575195973,-0.826055699418418,True,False
500.0,5.1239096917542835,6.476882944805277,-0.2809100181067337,1.0276797719448623,0.027679771944862264,0.07611866717833753,4.209636711242414,5.26885943807771,3.143800641452806,4.814325504287924e-37,3.1514819581011784,0.2264612426809054,2.0639362799542426e-37,2.706542545500933,3.5964213707014236,latent_signal,residual_correction,29,4248534561,3.9775376575195973,-0.8260556994184189,True,False
500.0,5.562491233850117,6.979427266789493,-0.1528929555117815,0.8520575319493977,-0.1479424680506023,-0.37727946584521554,4.724096494909438,5.902056530924218,3.192785214917223,2.0094730879783067e-32,3.1564043618693454,0.22681495997617682,2.0639362799542426e-37,2.710769983703596,3.602038740035095,latent_signal,linear_recalibration,29,4248534561,3.9775376575195973,-0.821133295650252,True,False
500.0,6.050857251845784,7.628425595752877,-0.29651214748305765,1.001308232216801,0.0013082322168009863,0.003053965383786435,4.8482110417456825,6.053548927639796,3.7248933391354697,1.571262729809632e-37,3.7260923693819734,0.26746965227643327,1.7802199394438421e-37,3.20058174088138,4.251602997882567,latent_signal,umlr_oracle,29,4248534561,3.9775376575195973,-0.2514452881376239,True,True
500.0,5.747829366921055,7.008304055980578,0.25737943527938834,0.8633702107181831,-0.1366297892818169,-0.34976658938203437,4.743366047058729,5.860540039967372,-0.7480435231420469,0.00030283416747265524,3.625455011754029,0.41037751893747687,1.738059128623747e-17,2.8191663503530613,4.431743673154997,age_confounding,raw_lasso,0,935379698,4.372209213206749,-0.74675420145272,True,True
500.0,5.376500346399911,6.567473180551564,0.20609134383606345,0.98887660465457,-0.011123395345430054,-0.03038126097687952,4.263562492445616,5.262985581200379,0.5912834056350452,0.0023572742058547156,3.625455011754026,0.4103775189374769,1.738059128623878e-17,2.819166350353058,4.431743673154994,age_confounding,residual_correction,0,935379698,4.372209213206749,-0.7467542014527231,True,True
500.0,5.748592888008896,7.009416704215341,0.2571568681869249,0.8646405092301401,-0.13535949076985987,-0.3464591949080546,4.740808304012871,5.856569489423025,-0.7334430602910783,0.0003988146741332219,3.6307892357629457,0.41098131780055475,1.7380591286238412e-17,2.823314261382829,4.438264210143062,age_confounding,linear_recalibration,0,935379698,4.372209213206749,-0.7414199774438033,True,True
500.0,6.147847504457617,7.5097854230716115,0.25144601000946776,0.9863761771831809,-0.013623822816819064,-0.03254376716604906,4.864442777297,5.971528962657373,0.6621076307011952,0.002904339265870561,4.123364014286972,0.4695799873157248,2.6255432100866023e-17,3.2007573852158426,5.0459706433581015,age_confounding,umlr_oracle,0,935379698,4.372209213206749,-0.24884519891977686,True,True
500.0,5.62586373372913,7.054244022395176,-0.2406349123248138,0.8341885531409898,-0.16581144685901017,-0.39853741516069496,4.472934441698795,5.545820866853434,-0.8386226311221572,0.00024087231136183838,3.8552328318107283,0.3909778481285408,4.563196464792498e-21,3.087059646736668,4.623406016884788,age_confounding,raw_lasso,1,3577611534,4.566779334739085,-0.7115465029283565,True,True
500.0,5.146979739938601,6.484578515019056,-0.4897731252983023,0.9994446858190794,-0.0005553141809205853,-0.0014552966914509514,3.9217976604582203,4.932064067703638,0.9331675582336032,7.848768701422999e-06,3.8552328318107314,0.3909778481285408,4.563196464792226e-21,3.0870596467366713,4.6234060168847915,age_confounding,residual_correction,1,3577611534,4.566779334739085,-0.7115465029283534,True,True
500.0,5.6256710752469665,7.054832976913207,-0.24332406587779776,0.8354717194375769,-0.16452828056242308,-0.39542537479813383,4.468631462759453,5.541443315266527,-0.8234206142438396,0.0003132699612630381,3.861163031663807,0.3915792584398447,4.563196464792389e-21,3.0918082265143845,4.63051783681323,age_confounding,linear_recalibration,1,3577611534,4.566779334739085,-0.7056163030752778,True,True
500.0,6.265404064982472,7.910228224819134,-0.6393980432763456,1.0183805538900093,0.018380553890009255,0.03950438190583147,4.690999355042663,5.966186510886926,1.3408089889096866,1.240353269936715e-07,4.6952321264014465,0.47640351107533163,4.753700886777231e-21,3.7592189884834974,5.6312452643193955,age_confounding,umlr_oracle,1,3577611534,4.566779334739085,0.12845279166236168,True,True
500.0,5.725391059023298,7.203113268314518,-0.7848298421424468,0.8103680085398266,-0.1896319914601734,-0.45823225543240304,4.807227627410075,6.005255454364311,-1.0784723033319121,6.65852732306999e-07,3.9468385194759295,0.3698938441915143,4.507213647289786e-24,3.2200901019070987,4.67358693704476,age_confounding,raw_lasso,2,4048181918,4.647197172672285,-0.7003586531963553,True,True
500.0,5.2346183498182866,6.421645269805402,-0.6299609880090488,0.9664448481173197,-0.03355515188268032,-0.09084765459491556,4.061041121005618,5.117615923096123,0.5461872568895034,0.005157535591303338,3.946838519475931,0.3698938441915143,4.5072136472896706e-24,3.2200901019071,4.673586937044761,age_confounding,residual_correction,2,4048181918,4.647197172672285,-0.7003586531963539,True,True
500.0,5.726030703695834,7.201981860561516,-0.7845217839739954,0.8115714984612625,-0.18842850153873747,-0.4553943491190212,4.801088256024833,5.999514978186857,-1.0646148636155048,9.276902981241947e-07,3.9527000297153116,0.37044317919585124,4.507213647290017e-24,3.2248723069582867,4.6805277524723365,age_confounding,linear_recalibration,2,4048181918,4.647197172672285,-0.6944971429569731,True,True
500.0,6.241216662874375,7.626186634815672,-0.7400788040483784,0.9642968872131581,-0.035703112786841906,-0.08138686694307888,4.734934777859968,5.976421108841843,0.6911906621280084,0.0028655607917001265,4.684494062926971,0.43983354529006635,5.349908189254284e-24,3.8203317145864433,5.548656411267499,age_confounding,umlr_oracle,2,4048181918,4.647197172672285,0.03729689025468641,True,True
500.0,5.7560129667350415,7.113424374015275,0.35480271065308644,0.8680973235815445,-0.13190267641845554,-0.3186691413202104,4.572139812199232,5.826539417595221,-0.5611768045496477,0.00915362119533517,3.215516250217567,0.39125457169527517,1.8038552212667506e-15,2.4467993728994046,3.9842331275357297,age_confounding,raw_lasso,3,956314529,4.09447793528242,-0.8789616850648527,True,False
500.0,5.43303841271127,6.787001720026242,0.3052067637533645,1.045913327246573,0.045913327246573044,0.11623170352892365,4.130645967975488,5.252632506086316,1.2418967755916568,8.382089525197609e-10,3.215516250217568,0.3912545716952751,1.803855221266715e-15,2.4467993728994055,3.9842331275357306,age_confounding,residual_correction,3,956314529,4.09447793528242,-0.8789616850648518,True,False
500.0,5.757423996641555,7.115882380786209,0.3549148005956541,0.869379584381277,-0.13062041561872295,-0.3154622446811282,4.569485316419221,5.823058726823675,-0.5470278279839732,0.01110955051218681,3.2202658679465404,0.3918324912284573,1.803855221266715e-15,2.4504135240267635,3.990118211866317,age_confounding,linear_recalibration,3,956314529,4.09447793528242,-0.8742120673358795,True,False
500.0,6.647013176572856,8.30608648193795,0.3534580476891297,1.0628181532881378,0.06281815328813778,0.12992912747910618,5.032188406740631,6.387167211088602,1.5926190254748587,1.1720317767158622e-10,3.958189076782143,0.4775715609221644,1.0799741237636815e-15,3.019881014546968,4.896497139017318,age_confounding,umlr_oracle,3,956314529,4.09447793528242,-0.13628885850027705,True,True
500.0,5.2076304926615595,6.522662199961169,0.21155691828537454,0.8431252928310909,-0.15687470716890906,-0.41377288974873255,4.4387791647694135,5.631479429553652,-1.0112653600068744,8.878161504664983e-07,2.933039400689669,0.3728456367947314,2.289977796680285e-14,2.200491452695918,3.66558734868342,age_confounding,raw_lasso,4,3835819168,4.066169098630651,-1.1331296979409817,True,False
500.0,4.638165005883417,5.95663187548167,-0.2306913938458095,1.0262850828453196,0.026285082845319607,0.07593464560461019,4.047836229495838,5.0797485238668685,0.957649121112163,3.3498208966872897e-07,2.9330394006896654,0.3728456367947315,2.2899777966804643e-14,2.200491452695914,3.6655873486834167,age_confounding,residual_correction,4,3835819168,4.066169098630651,-1.1331296979409853,True,False
500.0,5.205474202935051,6.521681762234924,0.20816790220958883,0.8444223310832267,-0.15557766891677327,-0.4104067055725594,4.434224793224357,5.6266471921232615,-0.9962840348188048,1.291250603246621e-06,2.937551499105009,0.37341921115808724,2.289977796680307e-14,2.2038766216760357,3.671226376533982,age_confounding,linear_recalibration,4,3835819168,4.066169098630651,-1.1286175995256418,True,False
500.0,5.619858108522167,7.210834726841771,-0.25571765469662344,1.0209201953415765,0.02092019534157652,0.04991819733153091,4.718153113817496,5.944305260557679,1.0455208687259727,4.433959784544717e-06,3.565371701899714,0.452013270887446,1.9705014676605254e-14,2.6772792545772326,4.453464149222196,age_confounding,umlr_oracle,4,3835819168,4.066169098630651,-0.5007973967309365,True,True
500.0,6.034987239441807,7.525072307463848,-0.39894927508638567,0.8112935543861144,-0.1887064456138856,-0.4281286336724392,5.014207259219147,6.1531293645728375,-1.0409154143837198,1.3040705942408954e-05,3.769476841121985,0.3998977111569989,1.6133908738765385e-19,2.983778367528913,4.555175314715057,age_confounding,raw_lasso,5,2344165154,4.426978042681855,-0.6575012015598696,True,True
500.0,5.35159925539924,6.8024712317186635,-0.3694418407999085,0.9917576943378358,-0.008242305662164218,-0.02068761679789531,4.1362756259729245,5.1965485914683525,0.8629874193757467,6.54263948723165e-05,3.7694768411219903,0.39989771115699896,1.6133908738763905e-19,2.9837783675289185,4.555175314715062,age_confounding,residual_correction,5,2344165154,4.426978042681855,-0.6575012015598642,True,True
500.0,6.03404971478983,7.525467392553924,-0.39931781881382067,0.812563501128028,-0.187436498871972,-0.4252261553429329,5.009221302483633,6.147851432841059,-1.0260304516569727,1.741563027200819e-05,3.7753773376897475,0.40052368530980337,1.6133908738765017e-19,2.9884489822477796,4.562305693131716,age_confounding,linear_recalibration,5,2344165154,4.426978042681855,-0.6516007049921071,True,True
500.0,6.416618260826089,8.132836737817293,-0.42318526141649015,0.9591640400159747,-0.04083595998402534,-0.0857188771924794,4.949885600479118,6.229472416405032,0.7014540443687243,0.006888474259508699,4.492984408495265,0.4764797786185173,1.5691872674351067e-19,3.5568214240275764,5.429147392962953,age_confounding,umlr_oracle,5,2344165154,4.426978042681855,0.06600636581341046,True,True
500.0,5.630764885326582,7.055638660787291,0.299989875847446,0.832059860447355,-0.16794013955264497,-0.4035448695934945,5.012249193180191,6.135708647463309,-0.960876675671587,8.557250774546085e-06,3.1760429086458797,0.3843019977093686,1.286423422584074e-15,2.4209860914277486,3.931099725864011,age_confounding,raw_lasso,6,674492368,4.402743754094159,-1.226700845448279,True,False
500.0,5.139195172703041,6.452684548968981,0.06715180028647552,0.9892985702490396,-0.010701429750960445,-0.028093486236198603,4.215802316001343,5.313638095081712,0.6440362041088901,0.001178493863692991,3.1760429086458792,0.3843019977093686,1.2864234225840871e-15,2.420986091427748,3.9310997258640104,age_confounding,residual_correction,6,674492368,4.402743754094159,-1.2267008454482795,True,False
500.0,5.629625269985257,7.055927071899779,0.29819175286458277,0.8333269177272805,-0.16667308227271949,-0.400479512286548,5.006561881028183,6.130580990630941,-0.9467969368689544,1.1651370305822855e-05,3.1808793735206446,0.384887211186228,1.286423422584074e-15,2.4246727589351713,3.937085988106118,age_confounding,linear_recalibration,6,674492368,4.402743754094159,-1.221864380573514,True,False
500.0,5.948130118134408,7.478243104951504,0.13307872839942128,0.956978280375504,-0.04302171962449597,-0.0974625364842438,4.860017888121391,6.100191379270448,0.4249147516143211,0.06571154212007604,3.643078332196172,0.44374240837737083,1.9210669689885474e-15,2.7712360505239584,4.5149206138683855,age_confounding,umlr_oracle,6,674492368,4.402743754094159,-0.7596654218979868,True,True
500.0,5.850119757296163,7.256175197300307,-0.0542526977000754,0.823086072008959,-0.176913927991041,-0.4172937911068787,5.230969912376719,6.425301463964295,-1.0929320385571446,8.32743284629982e-07,3.296874985225377,0.4030346482109044,2.3890081045087484e-15,2.505013218904572,4.0887367515461825,age_confounding,raw_lasso,7,3223963296,4.60994115872278,-1.3130661734974027,True,False
500.0,5.311063525347186,6.595335477859439,-0.08072881837487521,0.9939256945152959,-0.006074305484704112,-0.015764049614640663,4.569039137326406,5.6047701169323485,0.6822839722053214,0.0007720619342152011,3.2968749852253763,0.40303464821090434,2.3890081045087732e-15,2.5050132189045713,4.088736751546181,age_confounding,residual_correction,7,3223963296,4.60994115872278,-1.3130661734974036,True,False
500.0,5.850598441564187,7.256399697357719,-0.05458362108245197,0.8243878906666132,-0.17561210933338678,-0.41421046622580326,5.227613544557359,6.42062039019429,-1.0782257246666078,1.1770277521937637e-06,3.302089425748281,0.4036721004076613,2.3890081045087003e-15,2.508975226107637,4.095203625388925,age_confounding,linear_recalibration,7,3223963296,4.60994115872278,-1.3078517329744987,True,False
500.0,6.479626992638872,8.058627919639934,-0.11261091851138803,1.0048231910116512,0.0048231910116511845,0.010244512169116732,5.441498147637516,6.673898515531877,0.9686320435936393,9.040742092672553e-05,4.062534409972523,0.49191706622609843,1.3432711624719057e-15,3.0960410360794945,5.029027783865551,age_confounding,umlr_oracle,7,3223963296,4.60994115872278,-0.547406748750257,True,True
500.0,5.795902707977603,7.376697340974004,0.6560242851456016,0.8267718850570815,-0.17322811494291845,-0.4262790824898493,4.8354997029408135,6.041682075731768,-0.9468898554970483,1.5772343823663097e-05,3.75069248665067,0.3750583515405249,1.4164065368187154e-21,3.013797110427743,4.487587862873597,age_confounding,raw_lasso,8,1158248031,4.404071839720654,-0.6533793530699841,True,True
500.0,5.289059397295834,6.683266365262312,0.631767190267241,0.9832699525719615,-0.01673004742803852,-0.04546434170530534,4.14615999396766,5.2004995668865694,0.7134621071444275,0.00034068741887442944,3.7506924866506712,0.37505835154052486,1.4164065368186462e-21,3.013797110427744,4.487587862873598,age_confounding,residual_correction,8,1158248031,4.404071839720654,-0.6533793530699827,True,True
500.0,5.795224287912221,7.376285053790251,0.6567416549877768,0.82795566084618,-0.17204433915382,-0.423393597019332,4.830928884087316,6.036274203067302,-0.9330550165240331,2.1031974315127387e-05,3.75606274541043,0.37559536181394765,1.4164065368186462e-21,3.0181122789972856,4.4940132118235745,age_confounding,linear_recalibration,8,1158248031,4.404071839720654,-0.6480090943102241,True,True
500.0,6.380251406767614,8.04314070417836,0.7797257471124841,0.9928041572252884,-0.007195842774711636,-0.016252484872328908,4.954222466592863,6.202137328560215,0.9949234299217781,3.167100657007326e-05,4.509744855669904,0.45181890806210745,1.661265133771845e-21,3.6220342824390497,5.397455428900759,age_confounding,umlr_oracle,8,1158248031,4.404071839720654,0.10567301594925027,True,True
500.0,5.968861198143056,7.425730073152094,0.17124387215882525,0.8723609458891239,-0.12763905411087606,-0.3067274766677688,4.810919843733649,6.140362642958714,-0.34313379066787913,0.11399528402493547,4.22099572902281,0.38974712745085155,1.1043450388493441e-24,3.455240600694017,4.986750857351604,age_confounding,raw_lasso,9,3485012924,4.935786285147302,-0.714790556124492,True,True
500.0,5.820615399963784,7.179498305818236,0.5948574013311032,1.0630264406914622,0.06302644069146224,0.15715104851447437,4.385012396787786,5.5269781145119445,1.6085011112117988,2.3559603070801194e-15,4.22099572902281,0.38974712745085155,1.1043450388493441e-24,3.455240600694017,4.986750857351604,age_confounding,residual_correction,9,3485012924,4.935786285147302,-0.714790556124492,True,True
500.0,5.971998543584086,7.4289973757573895,0.17508007009281376,0.8737594163195074,-0.12624058368049262,-0.30323699249816083,4.806028224406613,6.13587920851614,-0.3272748099486515,0.13190741423597444,4.227762352106558,0.39037192597677745,1.1043450388493013e-24,3.4607796517401486,4.994745052472968,age_confounding,linear_recalibration,9,3485012924,4.935786285147302,-0.7080239330407441,True,True
500.0,7.200463372082315,8.874080955917886,0.7292718586764915,1.0824295972876103,0.08242959728761035,0.1662738809805915,5.409268518858635,6.777868921719147,2.032667521759321,5.063708418790161e-16,5.209275259708008,0.4810458913223418,1.1144130362364158e-24,4.264141011635761,6.1544095077802545,age_confounding,umlr_oracle,9,3485012924,4.935786285147302,0.2734889745607054,True,True
500.0,5.8975975092907005,7.33902748359296,0.04025673515490728,0.8200251620017966,-0.17997483799820335,-0.42403854220798803,4.693880267087481,5.756669967421089,-0.8364579737203783,0.00013832720528730817,4.218719802994079,0.3671700504947332,2.9272532795725383e-27,3.4973229553148375,4.940116650673321,age_confounding,raw_lasso,10,1262730481,4.675542057224634,-0.45682225423055467,True,True
500.0,5.388085457191543,6.647699489586747,0.0562174447637554,1.0067162902641347,0.006716290264134672,0.01747025041285978,3.841010657799787,4.772748703089633,1.060435586324984,7.764207522502924e-08,4.218719802994081,0.3671700504947332,2.9272532795724178e-27,3.4973229553148393,4.940116650673323,age_confounding,residual_correction,10,1262730481,4.675542057224634,-0.4568222542305529,True,True
500.0,5.896016328894871,7.339083126173298,0.04045983778996092,0.8213496165086608,-0.17865038349133922,-0.4209148689180965,4.6881683120785445,5.749593355297896,-0.82139819232931,0.00018291674736832728,4.225533621295255,0.3677630811122037,2.9272532795725383e-27,3.5029716175324923,4.948095625058017,age_confounding,linear_recalibration,10,1262730481,4.675542057224634,-0.4500084359293792,True,True
500.0,6.551762791789195,8.098225144742273,0.06933381620758243,0.9982265338728122,-0.0017734661271877616,-0.003786818505382983,4.703509651331573,5.804546702955058,1.1925655083166256,7.461746353293535e-07,5.147298358207852,0.4471818883666097,2.4221410965356005e-27,4.268698362995143,6.025898353420561,age_confounding,umlr_oracle,10,1262730481,4.675542057224634,0.47175630098321797,True,True
500.0,5.296096126889828,6.676120457380636,-0.13522403725190432,0.8449506275050461,-0.15504937249495387,-0.4129323743343787,4.648234206766658,5.770105860719416,-0.9257649669441572,1.6494508322297776e-06,2.962737850899716,0.3528670032990651,4.845273082336966e-16,2.2694428953689747,3.6560328064304577,age_confounding,raw_lasso,11,313357125,4.2225127074364,-1.259774856536684,True,False
500.0,4.804649278665473,6.084610732601994,0.07507233464563685,1.013928568951708,0.01392856895170791,0.040695907454904624,3.896614135861936,4.853317089435236,0.8032528959402767,5.197366614307273e-06,2.962737850899714,0.3528670032990651,4.845273082337217e-16,2.2694428953689725,3.6560328064304555,age_confounding,residual_correction,11,313357125,4.2225127074364,-1.2597748565366862,True,False
500.0,5.294098689556133,6.675173595791277,-0.13363193983746288,0.8461633283125508,-0.1538366716874492,-0.40975884181739025,4.642101323712565,5.7628513395187575,-0.9124080516192964,2.3335748650666405e-06,2.966990069274675,0.35337344957641276,4.845273082336966e-16,2.272700074122632,3.661280064426718,age_confounding,linear_recalibration,11,313357125,4.2225127074364,-1.2555226381617253,True,False
500.0,5.752608578871836,7.287200864412635,0.10457431701818067,1.011491977051144,0.011491977051143909,0.02803642995077964,4.5469010965338885,5.661645769729487,0.9075484855411913,1.7562853887486762e-05,3.542195413615453,0.4229096068593321,5.640898842250992e-16,2.7112843498440196,4.373106477386886,age_confounding,umlr_oracle,11,313357125,4.2225127074364,-0.6803172938209472,True,True
500.0,5.855162545946272,7.309554362020711,-0.5494298373054469,0.8661994481979427,-0.1338005518020573,-0.3137610035766944,4.5756855707357955,5.720850044315838,-0.343974404539316,0.13818244113774852,4.2269295847885795,0.39716754380932917,5.7335611940530735e-24,3.446595203706844,5.007263965870315,age_confounding,raw_lasso,12,4126151766,4.32578031515363,-0.09885073036505077,True,True
500.0,5.584846909552731,6.958715063389824,-0.4294774050140985,1.034202672981307,0.03420267298130697,0.0841707750130462,4.267937123559857,5.352643050445016,1.4219712751138718,5.21864762070698e-11,4.226929584788581,0.3971675438093292,5.733561194053003e-24,3.4465952037068455,5.007263965870317,age_confounding,residual_correction,12,4126151766,4.32578031515363,-0.09885073036504899,True,True
500.0,5.857091239341402,7.312594122221236,-0.5491715163128298,0.8675591882270094,-0.1324408117729906,-0.31044176343681845,4.574644556147264,5.719418482661352,-0.32801384494169655,0.15763724923507655,4.233564921913815,0.3977910083112833,5.733561194052781e-24,3.452005589816212,5.015124254011418,age_confounding,linear_recalibration,12,4126151766,4.32578031515363,-0.09221539323981531,True,True
500.0,6.621382780961199,8.254003184555238,-0.5112746924637733,1.026990567439364,0.02699056743936401,0.05599945137191795,5.05687726130603,6.336603660353846,1.5473651582549548,1.955993628123989e-09,5.027407706909671,0.47194391614510706,5.2595861646083845e-24,4.100156551948272,5.954658861871071,age_confounding,umlr_oracle,12,4126151766,4.32578031515363,0.7016273917560412,True,True
500.0,5.7708394195029085,7.162269267405346,-0.07990219999276044,0.8450628549764347,-0.15493714502356526,-0.37030750614061075,4.565100474132388,5.7107366983900345,-0.5875297272910787,0.007501729992351406,4.366117429345145,0.37857237213032086,1.969448990645983e-27,3.6223178860401184,5.109916972650172,age_confounding,raw_lasso,13,1748436361,4.520598894293316,-0.15448146494817117,True,True
500.0,5.374992357908734,6.654969392911076,0.17155606477437704,0.9981692951011489,-0.0018307048988510655,-0.004710285327459017,3.997432582421041,5.006574687030348,0.9906986757858175,9.861900939533033e-07,4.366117429345149,0.3785723721303208,1.9694489906458207e-27,3.622317886040122,5.109916972650176,age_confounding,residual_correction,13,1748436361,4.520598894293316,-0.1544814649481676,True,True
500.0,5.7724250008497,7.163481261688934,-0.07762531691679396,0.846294305986535,-0.153705694013465,-0.36730083065407754,4.561114854798521,5.706271291548049,-0.5733646969352987,0.009098093783912456,4.372479866987413,0.37912403917770154,1.969448990645983e-27,3.627596436615854,5.117363297358971,age_confounding,linear_recalibration,13,1748436361,4.520598894293316,-0.14811902730590365,True,True
500.0,6.428067127945392,7.958511512455195,0.2384202816340471,1.0098329471221514,0.009832947122151436,0.021158136291505647,4.787746598705778,5.95661632001142,1.305415927200511,6.383577624575738e-08,5.207224781813289,0.4528631576351761,2.7051593748988662e-27,4.317462520681454,6.096987042945123,age_confounding,umlr_oracle,13,1748436361,4.520598894293316,0.6866258875199724,True,True
500.0,5.95750663487672,7.39282899734822,-0.01709772206048477,0.7901759813148953,-0.2098240186851047,-0.4949155208016707,5.21068053585811,6.435816980703109,-1.3512911333917295,1.392635317964405e-09,3.0236989555191944,0.35934767592687744,4.229404288829535e-16,2.317671107427511,3.7297268036108777,age_confounding,raw_lasso,14,2748056145,4.15217142204289,-1.1284724665236952,True,False
500.0,5.16089226930836,6.482080007564755,0.06563476593974545,0.9504562653062338,-0.04954373469376616,-0.13328521937037494,4.34511761083848,5.424729184245096,0.2920200999847144,0.1423086763680585,3.023698955519192,0.35934767592687744,4.229404288829665e-16,2.317671107427509,3.7297268036108755,age_confounding,residual_correction,14,2748056145,4.15217142204289,-1.1284724665236974,True,False
500.0,5.955907720092759,7.391136585807848,-0.01640358831655064,0.7912749876668149,-0.20872501233318508,-0.4924359028713189,5.205641960221551,6.43029689546512,-1.3389106722292485,1.9707814708436004e-09,3.02790442928325,0.3598474701344082,4.2294042888295343e-16,2.3208946112152162,3.734914247351284,age_confounding,linear_recalibration,14,2748056145,4.15217142204289,-1.1242669927596394,True,False
500.0,6.3309784809455225,7.944047261729386,0.11123639994240818,0.9765178686801287,-0.023482131319871313,-0.05154940366228768,5.156372010833704,6.5016903452836665,0.7444974332698286,0.0021874096914521243,3.7239858243099695,0.44391526195954467,5.113561107821867e-16,2.851803928801817,4.596167719818122,age_confounding,umlr_oracle,14,2748056145,4.15217142204289,-0.4281855977329201,True,True
500.0,5.546534751052487,7.061053409270229,0.012278292686986334,0.8183193780531764,-0.18168062194682355,-0.44082751799917874,4.646816576220588,5.821656808131602,-0.9541824023013463,4.919042227890817e-06,3.7619461062152912,0.3570816667163309,1.462349587547339e-23,3.0603703965785223,4.46352181585206,age_confounding,raw_lasso,15,3968343598,4.385086993670658,-0.6231408874553668,True,True
500.0,5.011452956671041,6.344349447190598,-0.2770847010259454,0.9960487014953877,-0.003951298504612288,-0.010680615083163328,3.8673112064275883,4.8204990645962855,0.8269245092173869,1.047109653975003e-05,3.761946106215293,0.3570816667163309,1.4623495875472643e-23,3.060370396578524,4.4635218158520615,age_confounding,residual_correction,15,3968343598,4.385086993670658,-0.623140887455365,True,True
500.0,5.544533997841859,7.060300486791997,0.009673671895657208,0.8196384578048063,-0.18036154219519374,-0.4376733383124669,4.6412659036254915,5.814280522771709,-0.9395665204381922,6.8831565839490405e-06,3.7680101284888905,0.3576572600712926,1.46234958754732e-23,3.065303522605941,4.47071673437184,age_confounding,linear_recalibration,15,3968343598,4.385086993670658,-0.6170768651817675,True,True
500.0,6.067440472827784,7.675809644663242,-0.31074185242024027,0.9874581806352771,-0.012541819364722873,-0.028016988239630898,4.60406118918384,5.762860384097688,0.9215760749727178,5.0551221772240665e-05,4.546621033142525,0.43201683300177074,1.6100457511858047e-23,3.69781655943364,5.39542550685141,age_confounding,umlr_oracle,15,3968343598,4.385086993670658,0.16153403947186717,True,True
500.0,5.766536560802614,7.352560299441192,-0.08159893365208626,0.8261446966262994,-0.1738553033737006,-0.4173837737917981,4.808793949481411,6.117629855334063,-1.0524981679447363,1.736053047728211e-06,3.467336473662834,0.3991455844701246,5.401084053347925e-17,2.6831157399350793,4.251557207390588,age_confounding,raw_lasso,16,1973425747,4.516262454063946,-1.048925980401112,True,False
500.0,5.288002802922883,6.710210408199826,-0.32767656725063826,0.9698775805190147,-0.030122419480985263,-0.07932893271596216,4.21956644248025,5.353091954943686,0.45766559389778916,0.023769628678030685,3.467336473662834,0.3991455844701246,5.401084053347925e-17,2.6831157399350793,4.251557207390588,age_confounding,residual_correction,16,1973425747,4.516262454063946,-1.048925980401112,True,False
500.0,5.7660481815793005,7.352611170146438,-0.0843986576125867,0.8274342351218029,-0.17256576487819708,-0.41428682367967123,4.804360718085895,6.112536643983241,-1.0377409391712862,2.4367116554351678e-06,3.4727486779388066,0.3997686152764548,5.401084053347752e-17,2.6873038452980604,4.258193510579552,age_confounding,linear_recalibration,16,1973425747,4.516262454063946,-1.0435137761251392,True,False
500.0,6.16687527761866,7.831183453757331,-0.37747762015081526,0.9621094131688214,-0.03789058683117863,-0.08550047176279829,4.879544015334369,6.1644361052820145,0.5068420175995433,0.03197282517236886,4.053148394143866,0.4654513947718931,4.596494570610782e-17,3.1386534115495097,4.967643376738223,age_confounding,umlr_oracle,16,1973425747,4.516262454063946,-0.4631140599200796,True,True
500.0,5.733919668930718,7.0797033871037645,0.033723118532449456,0.8653686769095341,-0.13463132309046588,-0.33722285017060516,4.961016846683267,6.115825052328396,-0.6264034843291393,0.0027601528656531235,3.596522110464448,0.3950723748664243,2.1247333657817274e-18,2.820304209658624,4.372740011270272,age_confounding,raw_lasso,17,219868666,4.146317519775474,-0.549795409311026,True,True
500.0,5.398678750188827,6.669879019622334,0.10551043981420347,1.0132035534189427,0.013203553418942748,0.03510817320924681,4.412415546619683,5.5286539492775955,0.9116249533737982,3.258270401572856e-06,3.596522110464447,0.3950723748664243,2.1247333657817505e-18,2.820304209658623,4.372740011270271,age_confounding,residual_correction,17,219868666,4.146317519775474,-0.5497954093110269,True,True
500.0,5.735389151759028,7.0813493326229695,0.0344790121864341,0.8666282736799146,-0.13337172632008543,-0.33399034921671633,4.958625257884879,6.11246853379482,-0.6121720467381294,0.0034559226273436173,3.6017570672589567,0.39564742674977355,2.1247333657817274e-18,2.824409334062552,4.379104800455361,age_confounding,linear_recalibration,17,219868666,4.146317519775474,-0.5445604525165173,True,True
500.0,6.264328128196356,7.7218973565914135,0.09768414472599338,0.9998196995135031,-0.00018030048649686492,-0.0004140841845196798,5.111635989040542,6.327505275947188,0.8921517484213417,8.802349800952356e-05,4.152859367225308,0.457938823067046,2.7968122416521713e-18,3.253124699472913,5.052594034977703,age_confounding,umlr_oracle,17,219868666,4.146317519775474,0.006541847449834215,True,True
500.0,5.773785673898377,7.195014267537983,0.9145526320666018,0.8280697658913332,-0.1719302341086668,-0.42392527227113,4.79639267493278,5.987215713053237,-1.0457773067785496,1.1675405544504726e-06,3.5076038896578967,0.38992066774319556,4.957290535097853e-18,2.7415077982803098,4.273699981035484,age_confounding,raw_lasso,18,1453996898,4.416805520466757,-0.9092016308088602,True,False
500.0,5.2042657979888,6.491097167678251,0.22808151026319262,1.0313120805099758,0.031312080509975804,0.08493638020291652,4.232972408458464,5.308918311622555,1.1030979425478733,1.4724111403498447e-08,3.507603889657896,0.38992066774319556,4.957290535097853e-18,2.741507798280309,4.273699981035483,age_confounding,residual_correction,18,1453996898,4.416805520466757,-0.9092016308088611,True,False
500.0,5.771373309864559,7.193971142637628,0.910286327744446,0.82950408604063,-0.17049591395937003,-0.4204185122142884,4.791048967876431,5.981865977938407,-1.0292750173481455,1.727825018504594e-06,3.5136794972237326,0.3905960589884843,4.957290535097688e-18,2.746256431833301,4.281102562614164,age_confounding,linear_recalibration,18,1453996898,4.416805520466757,-0.9031260232430243,True,False
500.0,6.851271463174762,8.510522536868145,0.16939709409600065,1.0767016478189524,0.07670164781895239,0.15862300867818704,5.544538983132574,6.928427678301679,1.81549246165425,7.146526168588864e-13,4.563887928664708,0.5067098116870691,4.540214277486493e-18,3.5683305286353253,5.559445328694091,age_confounding,umlr_oracle,18,1453996898,4.416805520466757,0.14708240819795115,True,True
500.0,6.023785577222093,7.497297396655674,-0.3672011997071228,0.773556249692666,-0.226443750307334,-0.5295173069052039,5.144985161625035,6.4068086482615705,-1.4095693588640372,3.226090850329449e-10,3.6605762722587807,0.3493976401991532,2.4274558293915317e-23,2.9740977430688007,4.347054801448761,age_confounding,raw_lasso,19,289877470,4.777444501326387,-1.116868229067606,True,False
500.0,5.109170796108322,6.414612724515365,0.08262783251939723,0.9492900323800251,-0.05070996761997493,-0.13844011760058653,4.164208837834931,5.199043761741621,0.40219392787658986,0.03959797971988473,3.6605762722587794,0.3493976401991532,2.4274558293916246e-23,2.9740977430688,4.347054801448759,age_confounding,residual_correction,19,289877470,4.777444501326387,-1.1168682290676073,True,False
500.0,6.0210702229434645,7.494414418225514,-0.36381366412371235,0.7747514280392793,-0.22524857196072068,-0.526913960829548,5.137747937377346,6.398851350080279,-1.3958182602989253,4.783262816174735e-10,3.6662320232122068,0.3499374748835601,2.4274558293917163e-23,2.9786928545744447,4.353771191849969,age_confounding,linear_recalibration,19,289877470,4.777444501326387,-1.11121247811418,True,False
500.0,6.168759438485544,7.747923272217053,0.09685641583856316,0.9307194030666381,-0.06928059693336186,-0.156589732207527,4.87625792694719,6.095137564822644,0.39651881037545395,0.09324271047934737,4.395789515392398,0.4211562222771953,3.4125852358463594e-23,3.568323411547894,5.223255619236902,age_confounding,umlr_oracle,19,289877470,4.777444501326387,-0.38165498593398883,True,True
500.0,5.67391213712206,7.020043967418781,0.5747658577588541,0.8085633447618464,-0.19143665523815356,-0.4852205512037042,4.821087869306846,6.060885928132111,-1.3318956261975146,9.909327403076959e-11,2.9846603702413894,0.36397424859592875,2.0626015320259373e-15,2.269542469912288,3.6997782705704907,age_confounding,raw_lasso,20,1409522366,4.12799062983367,-1.1433302595922807,True,False
500.0,4.989902936095788,6.159910511546684,0.5603771337306322,0.9744862999079437,-0.025513700092056335,-0.07375593414147077,4.031945012560997,5.140044890782486,0.4044170356920065,0.027870069865761203,2.984660370241388,0.3639742485959287,2.0626015320259788e-15,2.2695424699122873,3.699778270570489,age_confounding,residual_correction,20,1409522366,4.12799062983367,-1.143330259592282,True,False
500.0,5.671789373230119,7.01767421906483,0.5755186524563699,0.8098105253846857,-0.19018947461531432,-0.4822275638141455,4.8146807109861935,6.054484020623858,-1.317808793402192,1.5605881642785896e-10,2.9892641042637598,0.3645356661187512,2.0626015320258963e-15,2.2730431596350207,3.705485048892499,age_confounding,linear_recalibration,20,1409522366,4.12799062983367,-1.1387265255699104,True,False
500.0,6.012416737143552,7.427083017714692,0.677225120998774,0.9754354579172363,-0.024564542082763707,-0.05889748590084784,4.750343622718606,6.0570286266933415,0.5519598305939263,0.012735479655166087,3.596390528594416,0.43936925432121227,2.2994869857891973e-15,2.7331403952912696,4.459640661897563,age_confounding,umlr_oracle,20,1409522366,4.12799062983367,-0.5316001012392539,True,True
500.0,5.859728147414389,7.376274742626735,0.32544671264006597,0.8248062782441176,-0.17519372175588244,-0.39936028186677586,4.7152706742800055,6.087593825275934,-0.8020910026214877,0.0005656190292938791,4.024653016699803,0.39006345037513385,9.54375079703017e-23,3.258276393344064,4.791029640055543,age_confounding,raw_lasso,21,3348606111,4.251318744304871,-0.22666572760506742,True,True
500.0,5.438099688564746,6.763050886810003,0.21726103879772699,0.9868311464858854,-0.013168853514114565,-0.032725765872247146,4.143676883349887,5.254716281474752,0.8682579361716161,4.53889738641808e-05,4.024653016699804,0.39006345037513385,9.543750797030172e-23,3.258276393344065,4.791029640055543,age_confounding,residual_correction,21,3348606111,4.251318744304871,-0.22666572760506654,True,True
500.0,5.860481472711293,7.377293665641933,0.3249256883172713,0.8260618723096705,-0.17393812769032946,-0.39644200467141866,4.711469714076991,6.083094984933108,-0.7876184085756349,0.000713946621307101,4.030779704356008,0.3906572399308133,9.54375079703017e-23,3.2632364337939546,4.798322974918062,age_confounding,linear_recalibration,21,3348606111,4.251318744304871,-0.22053903994886248,True,True
500.0,6.338259977981572,7.899788254411634,0.27327973507257186,0.9612165334778083,-0.03878346652219167,-0.0825185304377927,4.823953335133707,6.12218662282323,0.7702341486486965,0.0020256013748448758,4.6902427211599464,0.4542145491803081,8.902634019349197e-23,3.7978253153633306,5.582660126956562,age_confounding,umlr_oracle,21,3348606111,4.251318744304871,0.4389239768550759,True,True
500.0,5.872580409583112,7.248414102623155,-0.7732258126112266,0.7976994344971957,-0.20230056550280429,-0.49519100132827043,5.013890579544066,6.194869997181402,-1.2348302962841327,3.411602698631134e-09,3.6999763693122985,0.35248822006893166,2.0427472099162906e-23,3.007425627607831,4.392527111016766,age_confounding,raw_lasso,22,178526848,4.19491696819479,-0.49494059888249176,True,True
500.0,5.100742927979963,6.359033559862195,-0.7805673460169322,0.955250782014175,-0.044749217985824985,-0.12509055178404088,4.0661326637132005,5.135362146204798,0.3751395229284492,0.04346665412132808,3.699976369312299,0.35248822006893166,2.0427472099162906e-23,3.007425627607832,4.392527111016766,age_confounding,residual_correction,22,178526848,4.19491696819479,-0.4949405988824913,True,True
500.0,5.870669041696832,7.246249220353528,-0.7744866907565414,0.798926286063078,-0.20107371393692197,-0.49234590948408585,5.007146445141603,6.187748591424275,-1.2210132204775588,5.09842661272613e-09,3.705666885822794,0.3530303424599538,2.0427472099162392e-23,3.0120510099021436,4.399282761743445,age_confounding,linear_recalibration,22,178526848,4.19491696819479,-0.4892500823719961,True,True
500.0,6.091425458429908,7.599883474026437,-0.9102941428013273,0.9535831978485834,-0.046416802151416636,-0.10852745163997275,4.776045349718699,6.036616615536469,0.5198167534407425,0.01918585055736435,4.418787956629945,0.42253556888267224,2.8620043114934276e-23,3.5886117834546027,5.248964129805287,age_confounding,umlr_oracle,22,178526848,4.19491696819479,0.22387098843515485,True,True
500.0,6.115634880311494,7.601904121767081,0.17634550897779006,0.7955027629847699,-0.20449723701523015,-0.4778325078898222,4.921459558723154,6.111533907557043,-1.2019186384961493,6.72773852429242e-08,3.707327196963879,0.36827502409685886,8.092572888402125e-22,2.9837593539317533,4.430895039996004,age_confounding,raw_lasso,23,2423869253,4.616005288897767,-0.9086780919338886,True,False
500.0,5.41311120396185,6.761434974021994,0.02478033861089365,0.9397154905446208,-0.06028450945537922,-0.15833011378153353,4.086236996058622,5.181952271581226,0.27694447925008003,0.16783135639741864,3.707327196963878,0.36827502409685886,8.092572888402322e-22,2.9837593539317524,4.430895039996003,age_confounding,residual_correction,23,2423869253,4.616005288897767,-0.9086780919338895,True,False
500.0,6.113713189389833,7.60057291219423,0.17502433697466444,0.7967043986476927,-0.2032956013523073,-0.4751060744503197,4.915491926262171,6.10531795343022,-1.188244034286301,9.501193670423608e-08,3.712927248630925,0.3688313168255706,8.092572888402717e-22,2.9882664302312856,4.437588067030564,age_confounding,linear_recalibration,23,2423869253,4.616005288897767,-0.9030780402668426,True,False
500.0,6.263184839070467,7.818855292467978,0.04754348700497619,0.9139200784799743,-0.08607992152002575,-0.19550616974426105,4.717625504389937,5.942314649533522,0.1477260953738334,0.5249574032283636,4.267711939431525,0.42278571584374647,6.412879292962578e-22,3.437044290361206,5.098379588501844,age_confounding,umlr_oracle,23,2423869253,4.616005288897767,-0.3482933494662426,True,True
500.0,5.789703924754864,7.367280845536107,-0.10354025183726075,0.8757256897294005,-0.12427431027059954,-0.28908807008481,4.51808489234212,5.623420501762351,-0.25248751410500825,0.26321981917616477,4.129233438453728,0.3955535002586965,3.3629727542812384e-23,3.3520702472004507,4.906396629707005,age_confounding,raw_lasso,24,1098822290,4.873704056903544,-0.7444706184498164,True,True
500.0,5.631501722868459,7.171000938738937,0.20197660106250415,1.074993385259656,0.07499338525965604,0.17927868253926477,4.323975452927343,5.392757359423121,1.7759006162897637,5.856981219513364e-17,4.129233438453726,0.3955535002586965,3.362972754281366e-23,3.352070247200449,4.906396629707003,age_confounding,residual_correction,24,1098822290,4.873704056903544,-0.7444706184498182,True,True
500.0,5.791604345085144,7.371103548062983,-0.10128324198179474,0.8771082033916427,-0.12289179660835725,-0.2857225536506275,4.51636712327552,5.621470463443681,-0.2368161315326913,0.29429688173998214,4.135752285291501,0.3961779630609976,3.362972754281366e-23,3.3573621816131336,4.914142388969868,age_confounding,linear_recalibration,24,1098822290,4.873704056903544,-0.7379517716120434,True,True
500.0,7.051289222778341,8.985393141588158,0.2536294346785041,1.0933102268676664,0.09331022686766643,0.17802392974735906,5.358619081628369,6.757269857047051,2.2185398150184663,7.362949422139412e-17,5.174006336538755,0.49577449639929133,3.448827182014385e-23,4.199934082060738,6.148078591016773,age_confounding,umlr_oracle,24,1098822290,4.873704056903544,0.3003022796352113,True,True
500.0,5.850599732259223,7.248172137092486,0.055014018398942655,0.8210041439442171,-0.17899585605578294,-0.4086943451230086,4.837556866303171,5.891281492594413,-0.8955780710114246,0.00016466746975408132,3.9013288468291822,0.39716694614158005,6.238858599325733e-21,3.1209956400143284,4.681662053644036,age_confounding,raw_lasso,25,632355438,4.5137267679037505,-0.6123979210745683,True,True
500.0,5.368207366151427,6.6318636301420915,0.22147638597989236,0.9747774616475846,-0.02522253835241539,-0.06297485259094936,4.188377873995196,5.16159094163974,0.7239985160493432,0.0008823498599861589,3.9013288468291805,0.39716694614158,6.238858599326029e-21,3.1209956400143266,4.681662053644034,age_confounding,residual_correction,25,632355438,4.5137267679037505,-0.61239792107457,True,True
500.0,5.851328641358718,7.248922383565332,0.05666761480154102,0.822197613320913,-0.177802386679087,-0.4059280365194838,4.83376554849897,5.887199604917897,-0.8815695498596265,0.00020915800164228882,3.907000092877639,0.397744295952969,6.238858599325879e-21,3.1255325388212736,4.688467646934004,age_confounding,linear_recalibration,25,632355438,4.5137267679037505,-0.6067266750261116,True,True
500.0,6.29202907405369,7.770726538749882,0.24728177864527798,0.9584455201767677,-0.04155447982323235,-0.08854170313249429,4.8270979121603235,5.975972049935746,0.7187473413609108,0.0049078473102266585,4.55872221562703,0.4645659045293244,6.780885157635064e-21,3.6459669987591514,5.471477432494909,age_confounding,umlr_oracle,25,632355438,4.5137267679037505,0.0449954477232799,True,True
500.0,5.950839702302722,7.345297243920634,0.03959801830345691,0.8832221086020142,-0.11677789139798578,-0.2759399210340269,4.647380728876133,5.7279288822532655,-0.3600252006075007,0.10671999024598029,4.00632760156432,0.4278976843306467,2.68799280820718e-19,3.165616219496398,4.847038983632242,age_confounding,raw_lasso,26,2299805178,4.567061695878642,-0.5607340943143218,True,True
500.0,5.716683750392502,7.105005578404299,-0.08417935827494728,1.0457399690021048,0.04573996900210475,0.11174263216784029,4.270609679270159,5.368416025064526,1.3365771618656213,2.836872825682605e-10,4.006327601564321,0.4278976843306467,2.68799280820718e-19,3.165616219496399,4.847038983632243,age_confounding,residual_correction,26,2299805178,4.567061695878642,-0.5607340943143209,True,True
500.0,5.953658498990379,7.349063917086036,0.03854376130491582,0.8845117354510629,-0.11548826454893713,-0.2727525217947759,4.645558091955055,5.726383909223983,-0.3453077941324319,0.122053280749615,4.012177395846803,0.42852247433192064,2.68799280820718e-19,3.1702384584900627,4.854116333203543,age_confounding,linear_recalibration,26,2299805178,4.567061695878642,-0.5548843000318389,True,True
500.0,6.899724018155335,8.579444316509226,-0.10500046389868663,1.0615309027072397,0.06153090270723971,0.12448689223461583,5.138041712579608,6.50125367494273,1.6763532293089678,5.308575347480537e-11,4.822105012366506,0.5160595084734351,3.12495062842049e-19,3.8081778085381663,5.836032216194845,age_confounding,umlr_oracle,26,2299805178,4.567061695878642,0.25504331648786405,True,True
500.0,5.403974367344762,6.898884017288985,0.5434210097217221,0.8497130174337252,-0.15028698256627482,-0.3780517924619854,4.455457068079608,5.730645039698303,-0.6653539668198046,0.00204145920702354,3.5318437027388585,0.362526938138998,1.2166864773331989e-20,2.8195694036235173,4.2441180018542,age_confounding,raw_lasso,27,3059720600,4.590627610014527,-1.0587839072756688,True,False
500.0,5.034624408756285,6.383075384073495,0.4067050625910626,1.0114314379267826,0.011431437926782584,0.03104641896157936,4.009569702927518,5.156315916819947,1.0294224286220568,2.0255969407486086e-07,3.531843702738859,0.36252693813899806,1.2166864773331989e-20,2.8195694036235173,4.244118001854201,age_confounding,residual_correction,27,3059720600,4.590627610014527,-1.0587839072756684,True,False
500.0,5.403361103074995,6.899403392616713,0.5429604236025324,0.8510090429515923,-0.1489909570484077,-0.37476122635401304,4.450698902218417,5.726591734141084,-0.6503844773847915,0.002579522840800327,3.537230650414077,0.3630798826662708,1.216686477333242e-20,2.823869954305357,4.250591346522797,age_confounding,linear_recalibration,27,3059720600,4.590627610014527,-1.0533969596004504,True,False
500.0,6.0721027876108895,7.689597216084338,0.4726176958951316,1.0232133245273254,0.023213324527325385,0.05232543662245847,4.73388283864149,6.102380993470968,1.33592520156089,2.0223742181483648e-08,4.242508038172931,0.4365824113217879,1.4925819266012834e-20,3.384733350789333,5.10028272555653,age_confounding,umlr_oracle,27,3059720600,4.590627610014527,-0.3481195718415959,True,True
500.0,5.831636867087074,7.348795329024576,-0.07079865978135834,0.8159081791970367,-0.18409182080296327,-0.433669635393042,4.821704798502633,5.975277429761181,-0.9700679951178813,1.0739858221247427e-05,3.424300985830965,0.3637636128700543,1.7858657247723628e-19,2.7095969317522584,4.139005039909671,age_confounding,raw_lasso,28,1092385868,4.327726594604187,-0.9034256087732224,True,False
500.0,5.2766951883515585,6.648457085117605,-0.5216919531823122,1.016915217470407,0.01691521747040703,0.04417925584557775,4.214527496210349,5.296934769373566,1.0542998265082137,9.938711927774763e-08,3.424300985830964,0.3637636128700543,1.7858657247724247e-19,2.7095969317522575,4.139005039909671,age_confounding,residual_correction,28,1092385868,4.327726594604187,-0.9034256087732233,True,False
500.0,5.830709478047655,7.34861307200807,-0.07470761286576101,0.8172864798411006,-0.1827135201588994,-0.43043568176747754,4.817199523422442,5.9703197088383355,-0.9546937181734063,1.4860677230066255e-05,3.430085602745679,0.36437811292617484,1.7858657247725068e-19,2.7141742105336286,4.14599699495773,age_confounding,linear_recalibration,28,1092385868,4.327726594604187,-0.8976409918585082,True,False
500.0,6.650036845008976,8.38140170682942,-0.6526158813079481,1.0332410732478658,0.03324107324786585,0.06886514295376071,5.2142400657949235,6.574458084351052,1.444979328649854,6.342911903677859e-09,4.30080548362853,0.4581533538769416,2.2075856014545152e-19,3.400649316764809,5.20096165049225,age_confounding,umlr_oracle,28,1092385868,4.327726594604187,-0.026921110975657747,True,True
500.0,6.01473536011456,7.398618673685934,0.267858513260411,0.8203905474674741,-0.17960945253252592,-0.4098724652932188,4.8253888638331555,6.056052909303453,-0.8121006218956198,0.0005406332884297092,4.527224975838628,0.39321639095556965,2.361010152045599e-27,3.754653616848592,5.299796334828664,age_confounding,raw_lasso,29,130203117,4.866322063968855,-0.3390970881302273,True,True
500.0,5.5414085010573535,6.78000935961465,0.020255507977841206,0.9587571114758876,-0.0412428885241124,-0.10263751118122036,4.137909241945454,5.243188755450108,0.6405009475763865,0.0029677482855014845,4.527224975838629,0.3932163909555697,2.361010152045599e-27,3.754653616848593,5.299796334828665,age_confounding,residual_correction,29,130203117,4.866322063968855,-0.33909708813022643,True,True
500.0,6.015617631975318,7.399304843136614,0.26552529482177295,0.821648522082971,-0.178351477917029,-0.4069593175043184,4.8197795785759645,6.050995503803217,-0.7972480828218413,0.0006853049619756461,4.534166955016507,0.39381934309799305,2.3610101520456645e-27,3.7604109466405538,5.30792296339246,age_confounding,linear_recalibration,29,130203117,4.866322063968855,-0.3321551089523487,True,True
500.0,6.345289440403696,7.765184968819278,0.04294843447209971,0.9357863468453077,-0.0642136531546923,-0.13953000471964258,4.713333751047102,5.9744916355958395,0.5519709308582356,0.025663027948420916,5.170884356891267,0.4480937005972661,1.8533633744415487e-27,4.290492879862477,6.051275833920057,age_confounding,umlr_oracle,29,130203117,4.866322063968855,0.30456229292241144,True,True
500.0,6.0072117133743825,7.450867081645131,0.3108773791970169,0.8354501544612395,-0.1645498455387605,-0.3918405486138053,5.056306477811779,6.250178167289085,1.4915173005326459,8.456942819073598e-06,1.8181465736067302,0.3022592849227292,3.4866584467576703e-09,1.2242830625953212,2.412010084618139,small_calibration_sample,raw_lasso,0,1488907773,2.024488585877804,-0.20634201227107374,True,True
500.0,5.5404219028859,6.898714454279004,-1.5179466516542561e-05,0.9533997075014685,-0.04660029249853148,-0.11974594979957857,4.472721024920789,5.509778992455152,1.7115907208174856,2.9456429698488128e-08,1.8181465736067302,0.3022592849227292,3.4866584467576703e-09,1.2242830625953212,2.412010084618139,small_calibration_sample,residual_correction,0,1488907773,2.024488585877804,-0.20634201227107374,True,True
500.0,6.0080810588399585,7.4515609964482294,0.3071263214814084,0.836798074105239,-0.163201925894761,-0.38858638452564837,5.051905078377231,6.245262762959577,1.4969340568146654,7.849139556524862e-06,1.8210799807874558,0.3027469516321708,3.4866584467576703e-09,1.2262583272847536,2.415901634290158,small_calibration_sample,linear_recalibration,0,1488907773,2.024488585877804,-0.20340860509034808,True,True
500.0,6.458829927286032,8.068463607413412,0.08114581604787649,0.9580982051365293,-0.041901794863470676,-0.09206702428459561,5.24758100894568,6.451070135929308,2.007137153282154,2.6953768114316612e-08,2.108052916188409,0.35483809267746846,5.335103896163625e-09,1.410885265534091,2.805220566842727,small_calibration_sample,umlr_oracle,0,1488907773,2.024488585877804,0.08356433031060506,True,True
500.0,6.09545578949485,7.601279025107166,0.9296534072085372,0.7728685907150425,-0.22713140928495745,-0.5169448217632808,5.274349568541285,6.606488752105564,1.4514859906321633,1.277396116036464e-05,1.4616504374235626,0.28002142268515107,2.6368196415898535e-07,0.9114787354137275,2.0118221394333977,small_calibration_sample,raw_lasso,1,1733425087,1.8809353064470329,-0.4192848690234703,True,True
500.0,5.132113429540148,6.498766454254994,0.32747124031573244,0.9622071156081059,-0.0377928843918941,-0.09997979761788314,4.170709885997609,5.307274801634131,1.4599507725992578,3.0508852905239936e-07,1.461650437423562,0.28002142268515107,2.6368196415898985e-07,0.9114787354137268,2.011822139433397,small_calibration_sample,residual_correction,1,1733425087,1.8809353064470329,-0.41928486902347095,True,True
500.0,6.091217743602079,7.598182474758989,0.9252101509385403,0.7743942947937394,-0.22560570520626055,-0.5136475816577551,5.266229802472098,6.59736478621637,1.4544395948715536,1.2170224909534182e-05,1.4645358516593028,0.2805742072488477,2.6368196415898985e-07,0.9132780669443037,2.015793636374302,small_calibration_sample,linear_recalibration,1,1733425087,1.8809353064470329,-0.4163994547877301,True,True
500.0,6.171707870400427,7.841899408391199,0.22222787099678942,0.947391164103027,-0.05260883589697296,-0.11523726930750337,4.886753883787031,6.266085396180785,1.7709592750160126,2.6986541163047447e-07,1.7733234622365714,0.3375117465327163,2.210891746434035e-07,1.1101977261495826,2.4364491983235603,small_calibration_sample,umlr_oracle,1,1733425087,1.8809353064470329,-0.10761184421046144,True,True
500.0,6.760432204366969,8.420674918279262,-1.3206384535296487,0.8143623877109599,-0.18563761228904008,-0.3831465135596382,6.007221493571373,7.449552496407844,1.8506595979600378,4.244278008924539e-07,1.8908406248436778,0.3318757746174943,2.0855177962816962e-08,1.2387881567636292,2.5428930929237263,small_calibration_sample,raw_lasso,2,4024576593,2.3661612285684335,-0.4753206037247557,True,True
500.0,6.140704405310467,7.723032669062806,-0.5036857670808086,0.9640316300690408,-0.0359683699309592,-0.08011178990768562,5.261474750069227,6.564315556829223,1.882813623898081,2.580605377551611e-08,1.890840624843677,0.3318757746174943,2.0855177962817193e-08,1.2387881567636283,2.542893092923726,small_calibration_sample,residual_correction,2,4024576593,2.3661612285684335,-0.4753206037247564,True,True
500.0,6.760806962123913,8.422207562168667,-1.3148305859885798,0.8155054510272326,-0.1844945489727674,-0.38067414323617044,6.004382046755036,7.4466524632249875,1.85355878617733,4.100150822808599e-07,1.893494665093808,0.3323416053450051,2.0855177962816962e-08,1.2405269567376922,2.546462373449924,small_calibration_sample,linear_recalibration,2,4024576593,2.3661612285684335,-0.47266656347462543,True,True
500.0,6.973562784593625,8.812251519396664,-0.6152229925220479,0.9332513347317442,-0.06674866526825585,-0.1303330715071241,5.9282343956762436,7.390640374817138,2.1569381636717586,2.238305266475297e-08,2.171622330730949,0.37624185589812525,1.381426667292256e-08,1.4324016659621912,2.910842995499707,small_calibration_sample,umlr_oracle,2,4024576593,2.3661612285684335,-0.19453889783748446,True,True
500.0,6.36539752928083,8.067547038634673,-1.8792803043967679,0.8591825302523433,-0.14081746974765674,-0.31466989674770063,5.308580815259281,6.6076619210156045,1.5353329508640745,1.707807879684772e-05,1.427827693657532,0.3365259487685424,2.633384820769006e-05,0.7666388023610322,2.089016584954032,small_calibration_sample,raw_lasso,3,893582,2.198651378033238,-0.7708236843757059,True,False
500.0,6.162440323813386,7.783128011407352,-2.256682866054588,1.0091453571091293,0.009145357109129337,0.02152486488837398,5.173991562632646,6.385949169367543,1.4179585618157529,2.9055992011559505e-05,1.4278276936575323,0.3365259487685424,2.6333848207689907e-05,0.7666388023610324,2.089016584954032,small_calibration_sample,residual_correction,3,893582,2.198651378033238,-0.7708236843757057,True,False
500.0,6.37065734531457,8.073598906858361,-1.8872894443837471,0.8607479162244097,-0.13925208377559029,-0.31100137511049336,5.310454737633748,6.609796421485649,1.536704227445929,1.6962092520065283e-05,1.4304291216003509,0.33713908157896394,2.6333848207689765e-05,0.7680355784645988,2.092822664736103,small_calibration_sample,linear_recalibration,3,893582,2.198651378033238,-0.7682222564328871,True,False
500.0,6.83202324080408,8.616736166206849,-2.420060555321996,0.9385759450485669,-0.061424054951433105,-0.13021560822983172,5.6837334540179,7.033310666632866,1.5949702590695773,2.2681223244317816e-05,1.5498370962134058,0.3707164436857024,3.435336264119674e-05,0.821472477428789,2.2782017149980227,small_calibration_sample,umlr_oracle,3,893582,2.198651378033238,-0.6488142818198321,True,True
500.0,5.779247717435765,7.184289150664295,-0.36027824052812935,0.8256259062169033,-0.17437409378309665,-0.4219839729465506,4.7043202185618185,5.886036132082447,2.0013887010017526,2.811077862232641e-09,2.049082273410788,0.29707973795236864,1.6165177908938855e-11,1.4653952701286723,2.632769276692904,small_calibration_sample,raw_lasso,4,3733752750,2.415583345373859,-0.366501071963071,True,True
500.0,5.345071080906619,6.5921514611801415,-1.0423988170438565,1.013317312891121,0.013317312891121036,0.03552540853143338,4.06675134075024,5.137901141486721,2.052251652981746,1.467967954495611e-11,2.049082273410787,0.29707973795236864,1.6165177908939275e-11,1.4653952701286714,2.632769276692903,small_calibration_sample,residual_correction,4,3733752750,2.415583345373859,-0.3665010719630719,True,True
500.0,5.7794862783196,7.184421343754734,-0.36695452098870557,0.8270058157124138,-0.17299418428758617,-0.41865662046713226,4.698733734922571,5.880229954133528,2.0051866442205943,2.614569889925333e-09,2.052507006167924,0.297576262041835,1.6165177908939136e-11,1.4678444578693908,2.637169554466457,small_calibration_sample,linear_recalibration,4,3733752750,2.415583345373859,-0.3630763392059353,True,True
500.0,6.54362660438413,8.075579692255332,-1.2852012734350682,1.0163356539608257,0.016335653960825702,0.03557824448287869,4.965841592938204,6.211681281205868,2.544595157080016,8.022633527258177e-12,2.5407132807648822,0.36343797087012786,8.847588921605059e-12,1.8266490313540737,3.2547775301756907,small_calibration_sample,umlr_oracle,4,3733752750,2.415583345373859,0.12512993539102313,True,True
500.0,6.788065468191955,8.331017111850404,1.9386704435543793,0.9551789151865064,-0.04482108481349356,-0.09725014008458559,5.691135216307034,7.041945412084285,1.6568032436934779,2.091279810885699e-06,1.6669604381445562,0.3436622056934887,1.6496538612601004e-06,0.9917505959481974,2.3421702803409152,small_calibration_sample,raw_lasso,5,3850702903,2.151987616656718,-0.4850271785121616,True,True
500.0,6.818399283134167,8.413500266763016,1.8516033366355402,1.0868658397832964,0.08686583978329643,0.18606697579821146,5.677862371727019,7.043527592050522,1.6858310533703738,1.8763643103784425e-06,1.6669604381445555,0.34366220569348865,1.6496538612601061e-06,0.9917505959481968,2.3421702803409143,small_calibration_sample,residual_correction,5,3850702903,2.151987616656718,-0.48502717851216226,True,True
500.0,6.796388349538536,8.342097185680807,1.9408329677218623,0.9567958174433726,-0.04320418255662739,-0.09361622400222493,5.695885991539981,7.04831023834317,1.659980976543041,2.0626429685065765e-06,1.669782225824004,0.3442439482206224,1.6496538612601214e-06,0.9934294058039645,2.3461350458440435,small_calibration_sample,linear_recalibration,5,3850702903,2.151987616656718,-0.48220539083271374,True,True
500.0,7.719194206231954,9.51549532700514,2.0392062010729792,1.0656929142688465,0.06569291426884649,0.12425468298238594,6.456950678979638,8.003933753471257,1.87511297482869,2.8769941470386105e-06,1.8609417818700993,0.3934725401342288,2.9361844956758363e-06,1.0878671541364078,2.634016409603791,small_calibration_sample,umlr_oracle,5,3850702903,2.151987616656718,-0.2910458347866185,True,True
500.0,6.102856123139505,7.706293050875621,-0.21829547194311044,0.8175448235450239,-0.1824551764549761,-0.4061847007427765,5.179460426526784,6.513443770145292,2.2017334721170405,1.9266018486634003e-09,1.9086899877750014,0.3319338017350996,1.5580712917391233e-08,1.2565235109960842,2.5608564645539187,small_calibration_sample,raw_lasso,6,1222379181,2.127011166696428,-0.21832117892142677,True,True
500.0,5.537943202615486,7.057033514895644,-0.11021575111464546,0.9714073092889727,-0.028592690711027324,-0.06949033403025215,4.606638045454344,5.852918031147186,1.9411858474105566,7.884400864712141e-09,1.9086899877749999,0.3319338017350996,1.5580712917391636e-08,1.2565235109960826,2.5608564645539174,small_calibration_sample,residual_correction,6,1222379181,2.127011166696428,-0.21832117892142833,True,True
500.0,6.103737697065486,7.707430460992526,-0.21755906713652026,0.8187883353611441,-0.18121166463885585,-0.40335570259140124,5.177171252858128,6.511198118941795,2.2025066943122433,1.91181737890605e-09,1.9115931662732968,0.3324386836605181,1.5580712917391233e-08,1.2584347234313622,2.5647516091152314,small_calibration_sample,linear_recalibration,6,1222379181,2.127011166696428,-0.21541800042313142,True,True
500.0,6.213016120184711,7.869937677797713,-0.009203904805826937,0.9130232908655996,-0.08697670913440037,-0.18952676758060324,5.032242534509321,6.405736125768284,2.28820745955459,9.873545063896734e-10,2.1589328259427942,0.3636370396760312,5.452812575978082e-09,1.4444774563715683,2.8733881955140204,small_calibration_sample,umlr_oracle,6,1222379181,2.127011166696428,0.03192165924636603,True,True
500.0,6.096566521539772,7.585421278847837,-0.4319843766830876,0.8287732851202934,-0.17122671487970664,-0.3926848077082749,4.975975801536532,6.142605366760075,1.9254904397985004,1.9136293867038165e-09,2.0479720490914364,0.28628636015158343,3.046452274453416e-12,1.485491319879894,2.610452778302979,small_calibration_sample,raw_lasso,7,115616951,2.3280812811943865,-0.28010923210295013,True,True
500.0,5.708237503857395,7.145846509173986,-0.2698886284963288,0.9092896182435833,-0.09071038175641666,-0.2206277648611373,4.4792160882509595,5.6097725293652685,1.9814191806939683,4.800886921543132e-11,2.0479720490914377,0.2862863601515834,3.04645227445328e-12,1.4854913198798956,2.61045277830298,small_calibration_sample,residual_correction,7,115616951,2.3280812811943865,-0.2801092321029488,True,True
500.0,6.096433299166452,7.586381904084775,-0.42976866763598015,0.8299346173239052,-0.17006538267609483,-0.3899654159151292,4.971687527684546,6.138871568592445,1.929161921118181,1.7883073833571374e-09,2.050841803625528,0.28668752362471656,3.04645227445328e-12,1.4875728890363047,2.6141107182147514,small_calibration_sample,linear_recalibration,7,115616951,2.3280812811943865,-0.2772394775688585,True,True
500.0,6.0966945819126614,7.600102139994541,-0.4024985907505638,0.8466726279904717,-0.15332737200952828,-0.350878724789516,4.9103031727096855,6.085319072839411,1.9846349813198025,6.299141548261091e-10,2.094764193456354,0.2920561195230994,2.6885869496347652e-12,1.5209473375185958,2.6685810493941124,small_calibration_sample,umlr_oracle,7,115616951,2.3280812811943865,-0.2333170877380324,True,True
500.0,6.168197432519705,7.638323149629753,0.5218934145998075,0.7434908633963753,-0.25650913660362473,-0.5736731190379688,5.2099522789573145,6.545112409636386,1.7765403001197344,1.0543826830585477e-07,1.5858487191655604,0.2687311551042628,6.682380664916419e-09,1.0578595547328873,2.1138378835982334,small_calibration_sample,raw_lasso,8,1450393886,2.447585522648725,-0.8617368034831645,True,False
500.0,5.390463058007056,6.687323116551052,0.4825671832380289,0.8620536985662844,-0.13794630143371556,-0.3524804550490089,4.304833875386227,5.502760859590693,1.6869342928604234,7.3232170772708785e-09,1.5858487191655606,0.26873115510426276,6.682380664916369e-09,1.0578595547328877,2.1138378835982334,small_calibration_sample,residual_correction,8,1450393886,2.447585522648725,-0.8617368034831643,True,False
500.0,6.165074393090976,7.635096130944781,0.5221830592087899,0.7446230686525558,-0.2553769313474442,-0.5713850022920056,5.202469236168623,6.537496921915502,1.7780947558913918,1.0138715361378679e-07,1.5882636866436324,0.2691403851853409,6.68238066491652e-09,1.0594704879765018,2.117056885310763,small_calibration_sample,linear_recalibration,8,1450393886,2.447585522648725,-0.8593218360050925,True,False
500.0,6.23968512374669,7.757441904712549,0.6374044048830639,0.849866595478154,-0.15013340452184598,-0.33095839700785296,4.945814644136386,6.3186912770880905,1.9448303225755124,8.864936764769584e-09,1.8350322001958481,0.31431586352167723,9.536857328939923e-09,1.217480543096928,2.4525838572947682,small_calibration_sample,umlr_oracle,8,1450393886,2.447585522648725,-0.6125533224528767,True,True
500.0,6.361691228925855,8.00433321842283,0.27890427274554475,0.9054838858100829,-0.09451611418991712,-0.2090379730721478,5.2240920369094,6.508246747532777,1.8823390032351965,1.3546754858553835e-07,1.8905545590019386,0.3439743910400504,6.210824443730965e-08,1.2147313510787243,2.566377766925153,small_calibration_sample,raw_lasso,9,308217210,2.0348175681816834,-0.14426300917974477,True,True
500.0,6.305506653613336,7.851463929577503,-0.21826873944899672,1.0358599242291695,0.035859924229169504,0.08083646154522228,4.956850983719441,6.233535274042705,1.8936104937166893,6.342586520584039e-08,1.8905545590019377,0.3439743910400504,6.210824443731053e-08,1.2147313510787234,2.566377766925152,small_calibration_sample,residual_correction,9,308217210,2.0348175681816834,-0.14426300917974566,True,True
500.0,6.367774595645373,8.01057176749611,0.27365971195964106,0.9068274709440206,-0.09317252905597939,-0.20590108081898387,5.224960843393691,6.509827794096878,1.8852603590371955,1.3250409901085163e-07,1.89335982261864,0.34448479093285816,6.210824443731009e-08,1.2165338072136302,2.57018583802365,small_calibration_sample,linear_recalibration,9,308217210,2.0348175681816834,-0.14145774556304325,True,True
500.0,7.335922062864518,9.133011785146985,-0.5362188506266875,1.0593663899305128,0.0593663899305128,0.11520123440043563,5.769512620724596,7.275302331102804,2.2410072095021913,3.51850956929531e-08,2.235927144660055,0.3976985203342133,3.148730886100482e-08,1.4545495281871785,3.017304761132931,small_calibration_sample,umlr_oracle,9,308217210,2.0348175681816834,0.20110957647837147,True,True
500.0,6.355529771126098,7.939258293377555,0.09961219613437726,0.8220247360317763,-0.17797526396822372,-0.3925290453313426,5.397302147216511,6.615855574042368,1.9222882087665423,5.024282548426741e-09,1.927483121258605,0.2953822783808337,1.6745382297660358e-10,1.3471311993163706,2.5078350432008394,small_calibration_sample,raw_lasso,10,2197955542,2.104088049371542,-0.17660492811293693,True,True
500.0,5.97945145666608,7.47850533151962,0.5310486231953327,0.9127355062800776,-0.0872644937199224,-0.20482283848387672,4.87234029290392,6.0583745442235,1.9249328770424743,4.2305130526155055e-10,1.9274831212586054,0.2953822783808337,1.674538229766008e-10,1.347131199316371,2.50783504320084,small_calibration_sample,residual_correction,10,2197955542,2.104088049371542,-0.1766049281129365,True,True
500.0,6.35573622724101,7.940736654041832,0.10585645134297175,0.8230818109250138,-0.17691818907498624,-0.39012895280344384,5.39427939912098,6.613314918760307,1.924797648545962,4.822035716133813e-09,1.9299617498512893,0.29576212241313254,1.674538229766008e-10,1.3488635298731968,2.5110599698293816,small_calibration_sample,linear_recalibration,10,2197955542,2.104088049371542,-0.1741262995202526,True,True
500.0,6.633655496365571,8.28172101728561,0.5728558474501072,0.908678510029857,-0.091321489970143,-0.19353154107430912,5.365771494928967,6.68209603654591,2.1250274339714017,4.840921212324902e-10,2.1276965883604855,0.32807493306307944,2.1396869341435545e-10,1.4831118184551344,2.7722813582658365,small_calibration_sample,umlr_oracle,10,2197955542,2.104088049371542,0.02360853898894355,True,True
500.0,6.682122339759873,8.27580704806013,1.198283054050537,0.8299007710160102,-0.17009922898398977,-0.3747773478213225,5.663369249527304,7.121499901374446,1.3299325274292009,7.578671466444098e-05,1.644698446781032,0.30719065437330995,1.3169000578050868e-07,1.0411460344782533,2.248250859083811,small_calibration_sample,raw_lasso,11,550257913,1.959639241200909,-0.314940794419877,True,True
500.0,6.188220121017381,7.6647664010211,1.0444178852918053,0.9916154079515629,-0.008384592048437112,-0.019922011634705902,5.108751447272401,6.449788510787008,1.6120127102008202,1.9684862106926595e-07,1.6446984467810324,0.30719065437331,1.3169000578050868e-07,1.0411460344782535,2.2482508590838113,small_calibration_sample,residual_correction,11,550257913,1.959639241200909,-0.31494079441987655,True,True
500.0,6.683793995042504,8.277720669065591,1.1986044423985251,0.8309813893156432,-0.16901861068435675,-0.37231064117115475,5.662848531488248,7.120328253517969,1.3339355130958825,7.232045600798093e-05,1.646840017557974,0.3075906489921674,1.3169000578050915e-07,1.0425017163823322,2.251178318733616,small_calibration_sample,linear_recalibration,11,550257913,1.959639241200909,-0.3127992236429349,True,True
500.0,7.372959527168368,9.109351480561424,1.1751745548029995,0.9872748128893041,-0.012725187110695924,-0.025415667171359988,6.055319457484742,7.617580892069065,1.907010408397539,2.310154076441857e-07,1.9506268791103472,0.3654609105577494,1.4357874967793363e-07,1.2325880617528093,2.668665696467885,small_calibration_sample,umlr_oracle,11,550257913,1.959639241200909,-0.009012362090561776,True,True
500.0,6.013290490761662,7.461242773500513,-1.369961250170078,0.834286445182793,-0.16571355481720695,-0.3895108433317034,5.008666567691187,6.211143018080541,1.794502985335112,3.0398669578634375e-08,1.8714140654089573,0.291403712962,3.146883465277295e-10,1.2988790243576478,2.4439491064602668,small_calibration_sample,raw_lasso,12,460850855,2.09218700499514,-0.2207729395861826,True,True
500.0,5.466660066158318,6.86585534843559,-1.1751161065151026,0.9793137555346471,-0.020686244465352943,-0.0527192062863346,4.3756899187839515,5.4485718579158124,1.8606672150714911,4.019120914757932e-10,1.871414065408958,0.29140371296200007,3.1468834652772706e-10,1.2988790243576485,2.443949106460267,small_calibration_sample,residual_correction,12,460850855,2.09218700499514,-0.22077293958618194,True,True
500.0,6.013934043815791,7.462201508976198,-1.3700009372963624,0.8355380356705031,-0.1644619643294969,-0.3865179634913122,5.00499729277068,6.207018058870363,1.7978795023276488,2.871094602100146e-08,1.874221547247307,0.29184087470342895,3.146883465277371e-10,1.300827593270589,2.447615501224025,small_calibration_sample,linear_recalibration,12,460850855,2.09218700499514,-0.21796545774783294,True,True
500.0,6.190813969614299,7.768901602220059,-1.3355732702491172,0.9604141835660701,-0.03958581643392989,-0.08917027599597549,4.874366217581171,6.071209141468666,2.1268855816682146,2.6052869188477377e-10,2.1464472129205494,0.32837888688849864,1.5639493321984306e-10,1.5012652501580956,2.791629175683003,small_calibration_sample,umlr_oracle,12,460850855,2.09218700499514,0.05426020792540953,True,True
500.0,5.963069007417416,7.77890853529351,0.9581329359979036,0.8243749650043999,-0.17562503499560012,-0.4074408132050373,5.1803362725931805,6.629022055317652,1.6781356045947093,5.474832223960957e-07,1.8169878829923303,0.29938747284677975,2.5550949961254302e-09,1.2287667607757742,2.4052090052088864,small_calibration_sample,raw_lasso,13,934226454,2.053803609858519,-0.2368157268661888,True,True
500.0,5.522931687360546,7.076562635134182,0.4831128283628923,0.9788169454498168,-0.02118305455018321,-0.05373507286747997,4.542162365099618,5.801931182526912,1.797160900332532,3.780278153415276e-09,1.81698788299233,0.29938747284677975,2.5550949961254302e-09,1.2287667607757742,2.405209005208886,small_calibration_sample,residual_correction,13,934226454,2.053803609858519,-0.236815726866189,True,True
500.0,5.963836303499267,7.7791876524602595,0.9549390552503169,0.8256183409331284,-0.17438165906687164,-0.4045207718395577,5.175586788509922,6.624953130932333,1.6818290670424576,5.174303714478441e-07,1.8197283822704615,0.2998390285015522,2.5550949961254302e-09,1.2306200667072105,2.4088366978337126,small_calibration_sample,linear_recalibration,13,934226454,2.053803609858519,-0.23407522758805754,True,True
500.0,6.393896112771472,8.206021273278425,0.6736238746326567,0.963148160984795,-0.036851839015204946,-0.08069970240796591,5.1837563052954545,6.657478060653218,2.073115391512736,4.410553895957844e-09,2.1055741408829753,0.3461214024780839,2.351378279120826e-09,1.4255325952134181,2.7856156865525326,small_calibration_sample,umlr_oracle,13,934226454,2.053803609858519,0.05177053102445628,True,True
500.0,6.109842819812733,7.731828107005715,1.1927359599929832,0.961128483877167,-0.038871516122833016,-0.08702967340718007,4.971777445704791,6.271602126394904,1.979197748289445,1.3198546187966768e-09,1.9582481026425225,0.3196619012448817,1.8341580607308056e-09,1.3301928253384752,2.58630337994657,small_calibration_sample,raw_lasso,14,3491413851,2.156412397542401,-0.19816429489987875,True,True
500.0,6.283241484448804,7.985501749387747,1.1039373253755167,1.1258474712844262,0.1258474712844262,0.27215760236700043,5.1709556859627535,6.621798314689664,1.8793580938865027,2.9209697790512236e-08,1.9582481026425251,0.3196619012448817,1.8341580607307343e-09,1.3301928253384778,2.5863033799465724,small_calibration_sample,residual_correction,14,3491413851,2.156412397542401,-0.19816429489987608,True,True
500.0,6.1193525919693705,7.744872922989711,1.1941074027604586,0.9631450741473425,-0.03685492585265748,-0.08237465944616075,4.977433235548794,6.280926508073659,1.9820786669685624,1.332538967399385e-09,1.9623567979279335,0.320332599377972,1.8341580607307484e-09,1.3329837673967269,2.5917298284591404,small_calibration_sample,linear_recalibration,14,3491413851,2.156412397542401,-0.19405559961446772,True,True
500.0,7.434841081776141,9.43114739927193,1.4405968380933645,1.1368549784347148,0.13685497843471484,0.25113702397135484,6.136622924037816,7.824854761752543,2.195077051194149,3.903300175866209e-08,2.28106940421815,0.3794423711151086,3.5586442361147987e-09,1.535560531613894,3.026578276822406,small_calibration_sample,umlr_oracle,14,3491413851,2.156412397542401,0.12465700667574886,True,True
500.0,6.144523458922211,7.702332737875093,-1.3054633794782002,0.8675559598306855,-0.13244404016931455,-0.3042979312732728,5.011470106926322,6.2794355577162495,2.096069360657656,6.734368279955975e-10,2.0178129947755483,0.31741439928035253,4.661700254531172e-10,1.3941734938404604,2.6414524957106362,small_calibration_sample,raw_lasso,15,2750744961,1.8683686794229317,0.1494443153526166,True,True
500.0,5.784262786326495,7.307462255333399,-1.0022937366787092,0.9811284585608473,-0.018871541439152706,-0.04546995079810651,4.449543881380887,5.7486290307445165,2.026925019576801,3.782295876877368e-10,2.0178129947755488,0.31741439928035253,4.661700254531098e-10,1.3941734938404609,2.6414524957106367,small_calibration_sample,residual_correction,15,2750744961,1.8683686794229317,0.14944431535261704,True,True
500.0,6.146004467925718,7.705422351510835,-1.303404642006708,0.8688654627731092,-0.13113453722689083,-0.301150870670901,5.007122819838679,6.277386242310188,2.0983142503334236,6.569337909239519e-10,2.0208587142175953,0.31789350968829266,4.661700254531136e-10,1.3962778817727268,2.645439546662464,small_calibration_sample,linear_recalibration,15,2750744961,1.8683686794229317,0.1524900347946636,True,True
500.0,6.328632177351397,7.9629068084379275,-1.282603397112949,0.9332102630337342,-0.06678973696626578,-0.14821965294719483,4.899780192594906,6.295721093161264,2.2444063471006443,1.6333998412264467e-10,2.206343241662483,0.3406878303780474,2.2641969975749371e-10,1.536977299243579,2.8757091840813866,small_calibration_sample,umlr_oracle,15,2750744961,1.8683686794229317,0.33797456223955114,True,True
500.0,5.935515492613717,7.546932030765005,-1.3342668383496077,0.8440285241571839,-0.15597147584281612,-0.3607830323563935,4.995033731198173,6.26179719377047,1.6039447561701952,1.3267117345010756e-06,1.7275832135835953,0.30372943917101725,2.197776997899163e-08,1.1308312190510272,2.3243352081161635,small_calibration_sample,raw_lasso,16,2410357792,2.2817208257680077,-0.5541376121844124,True,True
500.0,5.5475148571325725,7.159595603528523,-1.05998197460716,1.0851847028710977,0.0851847028710977,0.20670995651041787,4.556358428816031,5.750009332371724,1.7898160969779855,1.2998946688824855e-08,1.7275832135835962,0.30372943917101725,2.1977769978991154e-08,1.1308312190510281,2.3243352081161643,small_calibration_sample,residual_correction,16,2410357792,2.2817208257680077,-0.5541376121844115,True,True
500.0,5.935587082860685,7.549106597157714,-1.3346030322013538,0.8454697029087608,-0.15453029709123922,-0.3573460093868288,4.992648198107489,6.25819278185025,1.607999549127242,1.254738536609007e-06,1.730533062016129,0.3042480572051633,2.1977769978990833e-08,1.1327621134199641,2.328304010612294,small_calibration_sample,linear_recalibration,16,2410357792,2.2817208257680077,-0.5511877637518787,True,True
500.0,7.157264823750983,9.228332291115883,-1.4349295658604793,1.089560358799941,0.08956035879994095,0.1688040737700733,5.729950194418824,7.351773702465259,2.336328745118443,8.03287375607571e-09,2.2718017203754304,0.39357611257950903,1.3789265698550906e-08,1.4985235988234633,3.0450798419273974,small_calibration_sample,umlr_oracle,16,2410357792,2.2817208257680077,-0.009919105392577343,True,True
500.0,5.821272943916119,7.213430554740591,0.7997775206847796,0.8654786316905013,-0.13452136830949868,-0.32987848501669353,4.482054807070265,5.625743353180604,2.4063975163097506,7.139376930873736e-15,2.315448039479659,0.2827721558941568,2.2489098212255066e-15,1.7598718382109395,2.871024240748379,small_calibration_sample,raw_lasso,17,1503640994,2.4386277178873916,-0.12317967840773258,True,True
500.0,5.575017451651362,6.906957784653654,0.7950921685244747,0.9358297762718436,-0.0641702237281564,-0.16442284015241732,4.179855603260385,5.278430485968169,2.3568570316201027,1.5137810653715477e-15,2.315448039479659,0.2827721558941568,2.2489098212255066e-15,1.7598718382109395,2.871024240748379,small_calibration_sample,residual_correction,17,1503640994,2.4386277178873916,-0.12317967840773258,True,True
500.0,5.822636401858632,7.215034180209464,0.8005809088031762,0.8664269897218861,-0.13357301027811386,-0.3274832711245426,4.48031164541489,5.624409979554848,2.4082627308786795,6.8813405416965714e-15,2.317985217942638,0.28308200669263384,2.2489098212255527e-15,1.7618002377471758,2.8741701981381,small_calibration_sample,linear_recalibration,17,1503640994,2.4386277178873916,-0.12064249994475373,True,True
500.0,6.02805558109632,7.466305304632254,0.8376009639975006,0.9380127706018445,-0.061987229398155486,-0.14688090440287835,4.492209433807833,5.689731945792549,2.555968915877627,1.2393376796684354e-15,2.516425171176518,0.3065395634080539,1.9317716800049354e-15,1.914151988945079,3.1186983534079573,small_calibration_sample,umlr_oracle,17,1503640994,2.4386277178873916,0.07779745328912657,True,True
500.0,6.783513781446803,8.427661951482351,-2.7835898914782966,0.8941916170875405,-0.10580838291245953,-0.2290691187294415,5.67418126707582,6.9668312354578745,2.1877936189465226,2.049932027383173e-10,2.1647920538105385,0.32792824660553616,1.0471990467019058e-10,1.5204954859192852,2.809088621701792,small_calibration_sample,raw_lasso,18,3586821048,2.3621003902733926,-0.19730833646285406,True,True
500.0,6.489786817583987,8.03320546727086,-2.135102450807922,1.0075560557335232,0.007556055733523248,0.016802907181397535,5.298271403321251,6.543003921068635,2.1627559343874103,1.0487378801122854e-10,2.1647920538105394,0.32792824660553616,1.0471990467018884e-10,1.520495485919286,2.8090886217017927,small_calibration_sample,residual_correction,18,3586821048,2.3621003902733926,-0.19730833646285317,True,True
500.0,6.78691854673381,8.431757402597468,-2.7793551939293812,0.8954809954528551,-0.10451900454714491,-0.22611229397701746,5.67472129554888,6.967544852395478,2.1906298359712713,2.0006417919380022e-10,2.167913572717951,0.32840110228710245,1.0471990467019233e-10,1.5226879622818887,2.813139183154013,small_calibration_sample,linear_recalibration,18,3586821048,2.3621003902733926,-0.19418681755544176,True,True
500.0,7.328707769945777,9.079359641521728,-2.1979720024553546,0.9911544464913624,-0.008845553508637582,-0.01729233432402398,6.0419911773068256,7.440215102978414,2.4178946783204336,2.2381055471501931e-10,2.416351016789378,0.373629737580114,2.3907503618184e-10,1.6822625078645936,3.1504395257141624,small_calibration_sample,umlr_oracle,18,3586821048,2.3621003902733926,0.054250626515985445,True,True
500.0,6.844988112204264,8.515814408290911,1.3893897524080472,0.7829787775302236,-0.2170212224697764,-0.4665787783918805,6.054311876444379,7.490863348355301,1.8280287156215438,3.968769404376833e-07,1.679618443960101,0.3145274298536511,1.415784795382379e-07,1.0616511122037422,2.2975857757164597,small_calibration_sample,raw_lasso,19,1767864435,2.590683841276528,-0.9110653973164269,True,False
500.0,6.172500700301097,7.741983563012456,1.4725200527068432,0.9116262796726968,-0.08837372032730317,-0.2100208041911914,5.374587827220358,6.6526068989529055,1.738479898339935,9.415269066569433e-08,1.6796184439601016,0.3145274298536511,1.4157847953823696e-07,1.061651112203743,2.29758577571646,small_calibration_sample,residual_correction,19,1767864435,2.590683841276528,-0.9110653973164262,True,False
500.0,6.844504278679218,8.516306059732305,1.3924308289943899,0.7841485191390238,-0.21585148086097616,-0.4640642069937147,6.051244116370713,7.487545092703029,1.829719807112619,3.8695238608475473e-07,1.6821277323816914,0.31499732231097843,1.4157847953824133e-07,1.0632371800712397,2.301018284692143,small_calibration_sample,linear_recalibration,19,1767864435,2.590683841276528,-0.9085561088948364,True,False
500.0,7.081371579350137,8.884088401658287,1.635591758820181,0.869291432175192,-0.130708567824808,-0.2703766345943456,6.148236352571038,7.623721219769589,1.9369257986953021,2.3182482555005856e-07,1.8488633386633322,0.35637474161141003,3.1016841018018475e-07,1.148676559146403,2.5490501181802614,small_calibration_sample,umlr_oracle,19,1767864435,2.590683841276528,-0.7418205026131957,True,False
500.0,6.255711714035378,7.722118274586966,-1.535681905611792,0.7716871423829831,-0.22831285761701692,-0.5450411511235916,5.531601411560974,6.764514143469816,1.8145647080396385,9.316040669404339e-08,1.9294190758788854,0.27601197557652096,8.87231507765175e-12,1.3871249295171895,2.4717132222405813,small_calibration_sample,raw_lasso,20,1756788017,2.075756091688087,-0.14633701580920166,True,True
500.0,5.505551373076168,6.84523406177396,-1.2353353160597407,0.8753380743266175,-0.12466192567338252,-0.33450948610037357,4.660020733905296,5.7209451240409885,1.8660651738341787,5.546728265220447e-10,1.929419075878885,0.27601197557652096,8.872315077651907e-12,1.387124929517189,2.471713222240581,small_calibration_sample,residual_correction,20,1756788017,2.075756091688087,-0.1463370158092021,True,True
500.0,6.251930448764208,7.718359158859522,-1.5336189600006027,0.7728559809152697,-0.22714401908473025,-0.5424957957212391,5.5239953680800316,6.755856554998073,1.8180657220444134,8.666325980928535e-08,1.9323414769880376,0.27643003804602145,8.872315077651132e-12,1.3892259429689764,2.475457011007099,small_calibration_sample,linear_recalibration,20,1756788017,2.075756091688087,-0.14341461470004946,True,True
500.0,6.196776181222643,7.684056665397696,-1.448381753022779,0.8371181102064731,-0.1628818897935269,-0.38995167510404166,5.279693625506414,6.463940982804842,2.0104004333477827,2.628951548591848e-09,2.092864245439904,0.30256638145186,1.4248960152895168e-11,1.498397366948632,2.687331123931176,small_calibration_sample,umlr_oracle,20,1756788017,2.075756091688087,0.017108153751816957,True,True
500.0,6.203386271936686,7.974122825833336,0.6063840253802698,0.9074763746921952,-0.09252362530780478,-0.2046007709619788,4.7477373522427095,6.006634679433786,2.480616943299335,8.13336940542735e-13,2.430301544944703,0.3308127226162886,8.404941080615301e-13,1.7803377068102495,3.0802653830791566,small_calibration_sample,raw_lasso,21,3081281522,2.530795956600956,-0.10049441165625295,True,True
500.0,6.2017200203212814,7.93944026263242,-0.21119005599131374,1.0884332051196555,0.08843320511965547,0.19591035295431736,4.88353842543096,6.05158288870704,2.3771561268488304,6.960408888381941e-12,2.4303015449447045,0.3308127226162886,8.404941080615147e-13,1.7803377068102508,3.0802653830791584,small_calibration_sample,residual_correction,21,3081281522,2.530795956600956,-0.10049441165625161,True,True
500.0,6.207941639671731,7.980627919959816,0.6001396645344553,0.9089250140644891,-0.09107498593551089,-0.20122025867731294,4.751075787870143,6.0088144965969965,2.483664151915705,7.979128800733089e-13,2.43418112859309,0.33134081166433704,8.404941080615378e-13,1.7831797282336053,3.0851825289525747,small_calibration_sample,linear_recalibration,21,3081281522,2.530795956600956,-0.09661482800786603,True,True
500.0,6.954443572988143,8.930023226423781,0.045591659573350964,1.0248881277039157,0.024888127703915686,0.049003094313589284,5.419265408056301,6.745266477222572,2.7551414629402338,1.490096502749519e-12,2.772319118579417,0.379302629788961,1.081614840207676e-12,2.027084802551977,3.5175534346068567,small_calibration_sample,umlr_oracle,21,3081281522,2.530795956600956,0.2415231619784608,True,True
500.0,7.5276392036511135,9.187104275610121,-3.1885712114071363,0.7305913090714388,-0.26940869092856123,-0.5442406784020289,6.93205067914674,8.458082974874744,1.738138712734429,5.718623958845756e-06,1.8181672800739468,0.31456937444797806,1.3213959469527706e-08,1.2001175377340347,2.436217022413859,small_calibration_sample,raw_lasso,22,3117442682,2.153209354966105,-0.3350420748921581,True,True
500.0,6.249063400241265,7.611668130701285,-2.374590670905044,0.9869705827940088,-0.013029417205991156,-0.03135923545638921,5.5520656847782375,6.855971788079986,1.8138015453017406,1.4045089277723662e-08,1.8181672800739452,0.314569374447978,1.3213959469528e-08,1.2001175377340332,2.4362170224138575,small_calibration_sample,residual_correction,22,3117442682,2.153209354966105,-0.33504207489215965,True,True
500.0,7.526958053996823,9.185594614905193,-3.1885977870409725,0.7320123188947384,-0.2679876811052616,-0.5414718352153672,6.927828873768376,8.452945148469393,1.742093429377153,5.417200724759032e-06,1.8217036396409254,0.3151812160694831,1.3213959469527904e-08,1.2024517823233947,2.4409554969584564,small_calibration_sample,linear_recalibration,22,3117442682,2.153209354966105,-0.3315057153251795,True,True
500.0,9.33152094741734,11.323025136625377,-3.664575532365255,0.9897040555969621,-0.010295944403037938,-0.016726924064761256,8.307966285034276,10.236613479304758,2.4591203794260608,2.24610574330253e-07,2.462863966100828,0.4687575989534826,2.211850540464935e-07,1.5418731234242864,3.383854808777369,small_calibration_sample,umlr_oracle,22,3117442682,2.153209354966105,0.3096546111347229,True,True
500.0,6.827072808881883,8.558558856851079,-0.1783778247704,0.8901042385252714,-0.10989576147472857,-0.2152415975379198,5.949149004127647,7.43159250084828,1.4372382348995503,0.00011098775992819471,1.422843820140552,0.36044176154169494,9.036387637474028e-05,0.714666368853954,2.13102127142715,small_calibration_sample,raw_lasso,23,3216179391,1.8060528054019873,-0.3832089852614353,True,True
500.0,6.725623262694988,8.396110141247835,0.10974910306966473,1.0483863772810247,0.048386377281024684,0.09659032876816759,5.756967564028096,7.198786918407094,1.4163731043887442,0.0001033635437477868,1.4228438201405529,0.36044176154169494,9.036387637473933e-05,0.7146663688539548,2.131021271427151,small_calibration_sample,residual_correction,23,3216179391,1.8060528054019873,-0.38320898526143443,True,True
500.0,6.833823507565687,8.566930903389641,-0.17559564367943392,0.8916124552464736,-0.10838754475352641,-0.2120786356481161,5.9526084527743395,7.43584796881696,1.4394501668437547,0.00011000490829392502,1.4252547252326915,0.36105250382136017,9.036387637473933e-05,0.7158773188988306,2.134632131566552,small_calibration_sample,linear_recalibration,23,3216179391,1.8060528054019873,-0.38079808016929584,True,True
500.0,7.869999101150906,9.841678942617625,-0.09881918557976561,1.044731824404106,0.044731824404105947,0.07617647469067507,6.714141237729561,8.387875098201805,1.6479256395735553,0.00011658112696107513,1.6539295952105832,0.42339931050852847,0.00010668087377713081,0.8220563868732976,2.4858028035478688,small_calibration_sample,umlr_oracle,23,3216179391,1.8060528054019873,-0.15212321019140407,True,True
500.0,6.620656854024016,8.36370266170375,-3.2656633375094226,0.7542819625266123,-0.24571803747338772,-0.5509342904171025,6.235545869749912,7.835416666060328,1.4171416246285873,2.716007573944643e-05,1.5849829999147345,0.2756969924313853,1.5685529940680828e-08,1.0433077162507636,2.1266582835787053,small_calibration_sample,raw_lasso,24,2522527082,2.1218491716795027,-0.5368661717647683,True,True
500.0,5.678350091622833,7.12120532451515,-2.5503936602399304,0.9010979461808303,-0.09890205381916972,-0.25680405805918927,5.134176689385305,6.436961724542256,1.515949175581978,1.7578778919212707e-07,1.5849829999147356,0.2756969924313853,1.5685529940680425e-08,1.0433077162507647,2.1266582835787062,small_calibration_sample,residual_correction,24,2522527082,2.1218491716795027,-0.5368661717647671,True,True
500.0,6.6175814124334975,8.360246557120902,-3.263224301185907,0.7554273388206916,-0.24457266117930843,-0.5485599596247694,6.228991303887508,7.828080377783077,1.4203155063604376,2.5862603215679424e-05,1.5873897947803302,0.27611563799785493,1.5685529940680828e-08,1.0448919778200318,2.1298876117406285,small_calibration_sample,linear_recalibration,24,2522527082,2.1218491716795027,-0.5344593768991726,True,True
500.0,6.600237826930624,8.29446274232498,-3.094955561743739,0.8624444644554475,-0.13755553554455247,-0.3085947866788623,5.887912661676442,7.407154582236793,1.7210433086442138,3.0430610982040765e-07,1.816452107576002,0.31392473255178327,1.2750715400924233e-08,1.1996689245079322,2.433235290644072,small_calibration_sample,umlr_oracle,24,2522527082,2.1218491716795027,-0.30539706410350065,True,True
500.0,6.778275044469999,8.431890103689877,1.399146618207188,0.7705360112615746,-0.22946398873842544,-0.47636704604720415,5.637692244275407,6.994701142731505,1.6695623095932117,4.444989356299246e-06,1.9805452969136699,0.31196262991520335,4.902330895812435e-10,1.3676171522806375,2.5934734415467022,small_calibration_sample,raw_lasso,25,3816990956,2.17413183980024,-0.19358654288657018,True,True
500.0,6.136214473332949,7.662503853934464,2.145335856375846,0.9528731467030671,-0.04712685329693289,-0.11058924115440956,4.7558481320584685,6.026513387005407,1.907433958292456,2.3728359002680237e-09,1.9805452969136714,0.31196262991520335,4.902330895812238e-10,1.367617152280639,2.5934734415467036,small_calibration_sample,residual_correction,25,3816990956,2.17413183980024,-0.19358654288656862,True,True
500.0,6.778243482661013,8.433718514617308,1.4089017776706645,0.7719047979890092,-0.22809520201099076,-0.47351365160166503,5.633232518585792,6.9907469847883075,1.6748455844324328,4.141935755114611e-06,1.9840635544329512,0.3125168029856929,4.902330895812514e-10,1.3700465990279587,2.598080509837944,small_calibration_sample,linear_recalibration,25,3816990956,2.17413183980024,-0.19006828536728881,True,True
500.0,7.021689736163875,8.801297256956056,2.15059497770708,0.8696441911854182,-0.13035580881458175,-0.2636581945230131,5.612939863808786,7.011953768131062,2.042431915830371,3.908798254004139e-08,2.2255601798920743,0.3513468127117642,5.3417500726632e-10,1.5352520167101993,2.9158683430739494,small_calibration_sample,umlr_oracle,25,3816990956,2.17413183980024,0.05142834009183428,True,True
500.0,7.001260654412028,8.783203377807437,-1.6407253715896488,0.7964866007987875,-0.20351339920121247,-0.3988853363593535,6.01113400064764,7.558837713926077,2.1433821495210776,3.027841953371168e-08,2.2038578869820533,0.3466937126494209,4.66854989336243e-10,1.52269189569679,2.8850238782673165,small_calibration_sample,raw_lasso,26,824056505,2.130290489132633,0.07356739784942024,True,True
500.0,6.541875180529615,8.19167728854052,-2.030376937053708,0.9638102695908632,-0.036189730409136756,-0.07712147080822172,5.431191648190151,6.8553928094001355,2.1925729638558518,6.223486066738118e-10,2.203857886982053,0.34669371264942095,4.668549893362504e-10,1.5226918956967896,2.885023878267316,small_calibration_sample,residual_correction,26,824056505,2.130290489132633,0.07356739784941979,True,True
500.0,7.004028812433838,8.786986096943329,-1.646474260656267,0.7976401378074136,-0.2023598621925864,-0.3964977746634778,6.010936895608942,7.558977336420782,2.1469121453165814,2.8994364119592167e-08,2.207049694140939,0.3471958228265388,4.668549893362467e-10,1.5248971825812894,2.8892022057005886,small_calibration_sample,linear_recalibration,26,824056505,2.130290489132633,0.07675920500830591,True,True
500.0,7.620308934329295,9.574684448916898,-2.264320942406719,0.9237699836199096,-0.07623001638009042,-0.13857795674205164,6.330870445388395,8.024759156641549,2.5196991672944287,1.37509264166515e-09,2.5428546871237496,0.4039913334130493,6.788177536972282e-10,1.7491132748783416,3.3365960993691575,small_calibration_sample,umlr_oracle,26,824056505,2.130290489132633,0.41256419799111654,True,True
500.0,6.195063132854015,7.808242240038044,0.0730793560944,0.7979362295070657,-0.20206377049293434,-0.4467634896858965,5.388837455599834,6.773603911807639,1.9950804952719936,3.7743641062181455e-08,1.8828339062707768,0.3187359054867557,6.461005214445822e-09,1.256597977848743,2.5090698346928106,small_calibration_sample,raw_lasso,27,3098896194,2.3534348447702103,-0.4706009384994334,True,True
500.0,5.616990315487652,7.021061455575525,0.7071966652030653,1.0000616828089526,6.168280895257894e-05,0.0001524400816600989,4.807024680554475,5.953874926870495,1.8809793339699725,6.3529643832992235e-09,1.882833906270776,0.3187359054867557,6.46100521444592e-09,1.2565979778487422,2.5090698346928098,small_calibration_sample,residual_correction,27,3098896194,2.3534348447702103,-0.4706009384994343,True,True
500.0,6.194874518657876,7.80854623305001,0.07932235387112584,0.7994879456893725,-0.20051205431062746,-0.44331883975370684,5.386815266474016,6.769194503656112,1.9978624777324707,3.61228120966033e-08,1.8864953816279748,0.31935573905758075,6.461005214445967e-09,1.2590416360569756,2.5139491271989742,small_calibration_sample,linear_recalibration,27,3098896194,2.3534348447702103,-0.46693946314223544,True,True
500.0,7.268384369445188,9.104369020150882,0.6360487289424361,0.999512236556719,-0.0004877634432810529,-0.0009271399532225542,6.1700550312777125,7.712700332626745,2.4467087969232835,6.249196007511383e-09,2.4488002074826367,0.4144000293616989,6.385419711198601e-09,1.6346083243023308,3.2629920906629426,small_calibration_sample,umlr_oracle,27,3098896194,2.3534348447702103,0.09536536271242646,True,True
500.0,6.696461138323886,8.150516834742993,-0.4775701237298377,0.8983766646874356,-0.1016233353125644,-0.21658143700334886,5.447632641955148,6.760017770352818,1.996240878038192,1.7338874785789696e-08,2.168401481742843,0.33919404697218075,3.7569843423123805e-10,1.5019704481996925,2.834832515285994,small_calibration_sample,raw_lasso,28,2381678300,2.3983777363784027,-0.22997625463555948,True,True
500.0,6.536178052208614,7.983129541497845,-0.4622643640553496,1.0373387278601993,0.03733872786019932,0.08124222229440244,5.267057873662299,6.458767311723018,2.208100356867738,1.6138323370904375e-10,2.1684014817428428,0.33919404697218075,3.756984342312411e-10,1.501970448199692,2.8348325152859934,small_calibration_sample,residual_correction,28,2381678300,2.3983777363784027,-0.22997625463555993,True,True
500.0,6.7023381082957165,8.157555048178775,-0.4781548272248303,0.8998062940500853,-0.10019370594991472,-0.21335061644040154,5.449952265348937,6.761671349944419,2.0018437351379457,1.623627558832713e-08,2.171852161786266,0.3397338225343122,3.7569843423123195e-10,1.5043606049557416,2.8393437186167905,small_calibration_sample,linear_recalibration,28,2381678300,2.3983777363784027,-0.22652557459213662,True,True
500.0,7.189177512703283,8.754933243808633,-0.561692077966534,0.9945402713798793,-0.005459728620120674,-0.010836274707132098,5.730479395853989,7.048408968548267,2.388701324936109,2.857473437751251e-10,2.416221175731673,0.3726499281928978,2.159508983986183e-10,1.6840577459420518,3.148384605521294,small_calibration_sample,umlr_oracle,28,2381678300,2.3983777363784027,0.017843439353270263,True,True
500.0,5.75964523337136,7.407666740448211,-0.4364623137609009,0.8468814149388704,-0.15311858506112963,-0.3642067408865918,4.9426193549924,6.067874077879687,1.7385177704917139,1.6372381449058275e-07,1.6880941338025355,0.30440917079447427,4.768812581547986e-08,1.0900066375051334,2.2861816300999376,small_calibration_sample,raw_lasso,29,3468014865,1.836701235259972,-0.1486071014574366,True,True
500.0,5.326988724750891,6.888884686833581,0.11478503560635558,0.9932624131629227,-0.0067375868370772585,-0.017205294192569318,4.5724483868476655,5.620633366166144,1.6897512143343818,4.4777275375440216e-08,1.6880941338025364,0.30440917079447427,4.768812581547886e-08,1.0900066375051343,2.2861816300999385,small_calibration_sample,residual_correction,29,3468014865,1.836701235259972,-0.14860710145743572,True,True
500.0,5.759325884667482,7.408761601983244,-0.4319958748956862,0.8480175265362323,-0.1519824734637677,-0.36143797007227024,4.941094278141036,6.066155364821832,1.7404031073480977,1.594794761185441e-07,1.6903587523064045,0.3048175429504601,4.7688125815478025e-08,1.0914689073816808,2.2892485972311283,small_calibration_sample,linear_recalibration,29,3468014865,1.836701235259972,-0.14634248295356755,True,True
500.0,5.9517240798235616,7.752778905242255,-0.12612520524683546,0.957905964418636,-0.04209403558136404,-0.0955139904123756,5.064252477268157,6.213719781459193,1.917016037898346,3.459573456449566e-08,1.9036550475573584,0.34093248723885855,3.880444258430287e-08,1.2338084159103586,2.573501679204358,small_calibration_sample,umlr_oracle,29,3468014865,1.836701235259972,0.06695381229738628,True,True
500.0,5.839045051374273,7.336838917506781,0.30684220621577357,0.8366421804353218,-0.1633578195646782,-0.3922487067765483,4.459441221242869,5.530185604893942,2.8549721621260145,6.045015229900855e-19,2.5715730860520023,0.28678053354472394,6.201970803377186e-18,2.00812143035139,3.1350247417526145,nonlinear_bias,raw_lasso,0,2057227763,2.461504695026839,0.11006839102516341,True,True
500.0,5.195657891530181,6.746832014176775,0.06316935935425022,0.9875110565297902,-0.01248894347020979,-0.03258331546166853,3.6934454708051545,4.7869145661350805,2.5659998591515816,4.472389573519568e-18,2.571573086052027,0.28678053354472394,6.2019708033731e-18,2.008121430351415,3.1350247417526393,nonlinear_bias,residual_correction,0,2057227763,2.461504695026839,0.11006839102518828,True,True
500.0,5.838579644450768,7.337478107885563,0.30475105981318645,0.8379794559972499,-0.16202054400275012,-0.3889991125123395,4.453121085123554,5.52444998395593,2.856473979912215,5.825246018280703e-19,2.5756834475949755,0.2872389189908731,6.201970803377051e-18,2.0113311797245292,3.1400357154654217,nonlinear_bias,linear_recalibration,0,2057227763,2.461504695026839,0.11417875256813659,True,True
500.0,6.210825736233245,7.977437889671706,0.08040305867000777,0.9906248610486268,-0.009375138951373208,-0.020686488446888855,4.47868042625533,5.792348245021431,2.998011997627004,1.1761088600159746e-17,3.0146309716762874,0.3396772506782706,1.2697351686437203e-17,2.3472505643214916,3.682011379031083,nonlinear_bias,umlr_oracle,0,2057227763,2.461504695026839,0.5531262766494485,True,True
500.0,5.658735209467981,7.014299556562861,-0.5581295224509272,0.8861971174192484,-0.11380288258075155,-0.27928970793794566,3.973739201764671,5.128412139778469,2.464317073364561,1.0983053131798621e-16,2.3872987814732447,0.27556739062845353,6.4711065938601e-17,1.8458781327719092,2.9287194301745805,nonlinear_bias,raw_lasso,1,2983266290,2.43006302344603,-0.04276424197278539,True,True
500.0,5.338686321923518,6.792266975475645,-0.7243851301538727,1.042614987338592,0.042614987338591925,0.10827752925306211,3.6557673336801235,4.786487797733461,2.3525430886510135,2.606837300171109e-16,2.3872987814732447,0.27556739062845353,6.4711065938601e-17,1.8458781327719092,2.9287194301745805,nonlinear_bias,residual_correction,1,2983266290,2.43006302344603,-0.04276424197278539,True,True
500.0,5.66185667586111,7.0181874862854166,-0.5608071132158531,0.887660929175804,-0.11233907082419603,-0.27555202076581536,3.9707889765926057,5.125518673794222,2.4672072624611228,1.0465243918637227e-16,2.391242098320075,0.2760225701570217,6.471106593860236e-17,1.848927136271028,2.9335570603691217,nonlinear_bias,linear_recalibration,1,2983266290,2.43006302344603,-0.03882092512595525,True,True
500.0,6.426150645803574,8.091939325895165,-0.8920805425877,1.0482256709087527,0.04822567090875274,0.10289344152111841,4.541250176087995,5.848183097560896,2.7578170323964426,8.046371132833781e-16,2.7973211951160857,0.32917177497413663,2.2598422584466005e-16,2.150581406586604,3.4440609836455676,nonlinear_bias,umlr_oracle,1,2983266290,2.43006302344603,0.3672581716700556,True,True
500.0,5.941126298289153,7.379210087596886,-0.3098525885379645,0.8359112362863392,-0.16408876371366077,-0.39210082130813445,4.649223374986579,5.762883586419726,1.8771134665491085,1.4142468523217568e-09,2.1234318516687596,0.27569128130885684,7.297661618453665e-14,1.581767788924859,2.6650959144126602,nonlinear_bias,raw_lasso,2,2421756478,2.25323792649697,-0.1298060748282106,True,True
500.0,5.318942418122383,6.794272212316072,-0.3659308301613381,0.9904231340429794,-0.009576865957020564,-0.02486891601367373,3.8317154700490583,4.8295634976518205,2.09501848481151,1.2716801324825935e-13,2.1234318516687596,0.27569128130885684,7.297661618453665e-14,1.581767788924859,2.6650959144126602,nonlinear_bias,residual_correction,2,2421756478,2.25323792649697,-0.1298060748282106,True,True
500.0,5.940074446790316,7.380033011185781,-0.31091557844903644,0.8372319521296757,-0.16276804787032428,-0.38890379799175223,4.641943551419165,5.756126076149943,1.8823074539814877,1.2745686257261046e-09,2.1267868132567904,0.2761268656475864,7.297661618453665e-14,1.584266936787248,2.6693066897263327,nonlinear_bias,linear_recalibration,2,2421756478,2.25323792649697,-0.12645111324017977,True,True
500.0,6.266992432885861,7.951516979319644,-0.42510275770022415,0.9667234120585029,-0.03327658794149713,-0.07383391754864548,4.685597296741262,5.8999036367218975,2.299381468000234,4.3786128957126285e-12,2.3628992283569645,0.3236290817487668,1.1392669057567046e-12,1.7270494386578537,2.9987490180560754,nonlinear_bias,umlr_oracle,2,2421756478,2.25323792649697,0.10966130185999434,True,True
500.0,5.755543499561027,7.24836593616342,-0.6121193509476529,0.8307777957519766,-0.16922220424802337,-0.4074296447428212,4.241465273945161,5.329106341225286,2.010579833545311,1.9533719081789315e-10,1.9831143668368958,0.2807755547062263,5.526778927191193e-12,1.4314609849841524,2.534767748689639,nonlinear_bias,raw_lasso,3,372972742,2.0488930689793703,-0.0657787021424745,True,True
500.0,5.159529518594349,6.629705860354255,-0.6455202048211989,1.010185665997823,0.010185665997823001,0.026843854096816545,3.729776336121301,4.630455639205953,1.9812739686623784,5.6076014954175306e-12,1.983114366836895,0.2807755547062263,5.5267789271912905e-12,1.4314609849841515,2.5347677486896383,nonlinear_bias,residual_correction,3,372972742,2.0488930689793703,-0.06577870214247539,True,True
500.0,5.755794752309475,7.248759579417645,-0.6134631358174075,0.8321762646229219,-0.16782373537707806,-0.4040468836806379,4.235717843539015,5.323441875307882,2.0136893251981256,1.8300946791729491e-10,1.9864525924415353,0.28124819116207145,5.5267789271912905e-12,1.433870598767415,2.5390345861156556,nonlinear_bias,linear_recalibration,3,372972742,2.0488930689793703,-0.06244047653783502,True,True
500.0,6.2365026912964785,7.895856573275304,-0.8389964562759978,0.9853646212449475,-0.014635378755052497,-0.03241541792688474,4.615794965183061,5.756331612415463,2.240470879770504,6.500807235340894e-11,2.238279539131299,0.3357091734016258,6.94739664770255e-11,1.578695406104603,2.897863672157995,nonlinear_bias,umlr_oracle,3,372972742,2.0488930689793703,0.18938647015192878,True,True
500.0,5.846881518820059,7.374658819466445,0.01851841845801013,0.8289971522229673,-0.17100284777703267,-0.4019205650806428,4.136983353578355,5.209504278685462,2.1829811606041885,3.321033245628086e-12,2.1368300875449657,0.2782193621193826,8.499819903587767e-14,1.5901989815334174,2.6834611935565142,nonlinear_bias,raw_lasso,4,4095332537,2.2452548332687354,-0.1084247457237697,True,True
500.0,5.192114196953668,6.757464228168962,-0.1274551585814034,0.987462025079594,-0.012537974920405981,-0.03216609607929213,3.429184238538705,4.431838820489449,2.139692627626579,7.581407797816041e-14,2.136830087544968,0.2782193621193826,8.499819903587282e-14,1.5901989815334197,2.683461193556516,nonlinear_bias,residual_correction,4,4095332537,2.2452548332687354,-0.10842474572376748,True,True
500.0,5.845686478318324,7.375366115131209,0.01704652350854539,0.830348939075755,-0.16965106092424498,-0.3987049295869262,4.130548053450715,5.203328005598415,2.1860953471599847,3.099175909221563e-12,2.1403144647967323,0.27867303469822735,8.499819903587607e-14,1.5927920062148528,2.6878369233786117,nonlinear_bias,linear_recalibration,4,4095332537,2.2452548332687354,-0.10494036847200316,True,True
500.0,6.154688948815839,7.875426288847373,-0.18427500318433807,0.9730255287279947,-0.02697447127200525,-0.05938479200979227,4.176789753135623,5.37545912171307,2.406392632161421,5.935988130636537e-13,2.3996555999329092,0.3251359531430855,6.679257474426212e-13,1.7608451867508785,3.03846601311494,nonlinear_bias,umlr_oracle,4,4095332537,2.2452548332687354,0.1544007666641738,True,True
500.0,5.968708055562327,7.568298827894364,-0.3095413404010177,0.8615838409116949,-0.13841615908830507,-0.31388996896978333,4.6588670432718455,5.771157582378697,1.5333426666074657,4.686343972537908e-06,1.6345705985476806,0.31331464249186514,2.6742536741441096e-07,1.0189860890790299,2.2501551080163313,nonlinear_bias,raw_lasso,5,3606543900,2.2952989425667507,-0.6607283440190701,True,False
500.0,5.349230470536988,7.1890464097596665,0.10934783995437652,1.0203011558652955,0.02030115586529546,0.04843118457191244,4.000871076920371,5.14892883976893,1.6461846238813327,2.1464437153027933e-07,1.6345705985476804,0.31331464249186514,2.6742536741441186e-07,1.0189860890790294,2.2501551080163313,nonlinear_bias,residual_correction,5,3606543900,2.2952989425667507,-0.6607283440190703,True,False
500.0,5.969228053027291,7.571742219069224,-0.30574180744830476,0.862989022977824,-0.13701097702217602,-0.3105555235531295,4.6549560528955265,5.767831347354375,1.537002967927407,4.490304387708744e-06,1.63723646712812,0.31382563642626776,2.6742536741441096e-07,1.020647983035274,2.2538249512209663,nonlinear_bias,linear_recalibration,5,3606543900,2.2952989425667507,-0.6580624754386306,True,False
500.0,6.476366774201728,8.57754017160225,0.11747050495788125,1.0285705769610547,0.028570576961054694,0.057124491957126336,4.934619924775607,6.370066392208823,1.8072012790650478,1.919795557870439e-06,1.7899760554774746,0.37526629964433755,2.426106932638978e-06,1.052672113505873,2.5272799974490763,nonlinear_bias,umlr_oracle,5,3606543900,2.2952989425667507,-0.5053228870892761,True,True
500.0,5.849154481031652,7.338610769486666,0.8425754665170491,0.7853290759733602,-0.2146709240266398,-0.4936087110010165,4.748317439427503,5.989036836786499,1.8157872863485365,3.2110851389188267e-09,1.7497190599626862,0.26004530393627856,4.732173647393953e-11,1.2387954095705838,2.2606427103547886,nonlinear_bias,raw_lasso,6,1421984592,2.187136409339743,-0.437417349377057,True,True
500.0,5.041724918562148,6.456146722440001,0.716393305720328,0.9411797596456418,-0.05882024035435818,-0.15366876617543027,3.9173189854986785,4.962169673921183,1.7673428906936812,4.904692669965318e-11,1.7497190599626862,0.26004530393627856,4.732173647393953e-11,1.2387954095705838,2.2606427103547886,nonlinear_bias,residual_correction,6,1421984592,2.187136409339743,-0.437417349377057,True,True
500.0,5.845853740617236,7.337062470991624,0.8426291410537247,0.7866087212644374,-0.21339127873556263,-0.49077167201359034,4.7431877399037745,5.982153406124364,1.8182395075418178,3.0287997303100756e-09,1.752570119250174,0.26046903171973834,4.7321736473940737e-11,1.2408139502829587,2.264326288217389,nonlinear_bias,linear_recalibration,6,1421984592,2.187136409339743,-0.43456629008956926,True,True
500.0,6.118391479223662,7.804810537408034,0.8794273771502666,0.9201813891376223,-0.07981861086237774,-0.1725274974535892,4.910477456741746,6.146250253286332,2.019401829227174,5.649435145858044e-10,1.995343513596241,0.3147977966678581,5.211152370486511e-10,1.3768449790164952,2.6138420481759868,nonlinear_bias,umlr_oracle,6,1421984592,2.187136409339743,-0.19179289574350222,True,True
500.0,5.792972271004011,7.185401693229382,0.29719050837467015,0.8443528219464219,-0.15564717805357808,-0.38128455170294795,4.519782776679687,5.5646802630819945,1.916293333525434,1.8783833421829125e-09,1.8832215805678263,0.2882790605281878,1.6015508810313197e-10,1.3168256960539528,2.4496174650816998,nonlinear_bias,raw_lasso,7,3343698599,2.167360425374349,-0.28413884480652274,True,True
500.0,5.165110702181708,6.645811813065923,0.2833177487152592,0.9889316425656611,-0.011068357434338871,-0.029316853931309967,3.8923246814143924,4.884016468266364,1.885318374068121,1.485507921939845e-10,1.8832215805678283,0.28827906052818786,1.6015508810312668e-10,1.3168256960539546,2.449617465081702,nonlinear_bias,residual_correction,7,3343698599,2.167360425374349,-0.28413884480652074,True,True
500.0,5.791939814948907,7.186237113623718,0.29751910472579707,0.8457315467425248,-0.15426845325747518,-0.3778638361400181,4.515417049745553,5.559336191136622,1.919072573823102,1.7843504565055217e-09,1.8862966508727963,0.28874978494411524,1.601550881031306e-10,1.3189759112153234,2.453617390530269,nonlinear_bias,linear_recalibration,7,3343698599,2.167360425374349,-0.28106377450155273,True,True
500.0,5.9635478645621856,7.59623156256376,0.34517740995940743,0.9586677464179647,-0.041332253582035294,-0.09579149550229145,4.561682339214141,5.707935852874299,2.096324925472206,4.775205526813393e-10,2.087774130700556,0.3288106334804866,4.878498727513472e-10,1.4417438944200507,2.7338043669810617,nonlinear_bias,umlr_oracle,7,3343698599,2.167360425374349,-0.07958629467379286,True,True
500.0,5.466055663049702,6.704358134558578,0.08952189589815188,0.8277723298478668,-0.17222767015213325,-0.4306743955525496,4.679286316419273,5.707162081885593,1.550985801688773,1.3064386936995833e-07,1.4773977340809896,0.2608751859114653,2.5162368581153503e-08,0.9648435742286552,1.989951893933324,nonlinear_bias,raw_lasso,8,4090687506,1.8898507061882968,-0.41245297210730714,True,True
500.0,4.829966491916729,6.061779833882209,0.22329851590806105,0.9820568731986068,-0.017943126801393205,-0.04965436614611248,3.9804516331187814,4.947648882608234,1.484165638387042,2.1565062971811917e-08,1.4773977340809898,0.26087518591146525,2.5162368581153324e-08,0.9648435742286555,1.9899518939333243,nonlinear_bias,residual_correction,8,4090687506,1.8898507061882968,-0.4124529721073069,True,True
500.0,5.464508400369279,6.703589672190154,0.09106846960672586,0.8291106238514846,-0.1708893761485154,-0.4273781665084913,4.674424900880514,5.701604951394502,1.5527931391764818,1.2576885199293602e-07,1.4797863045334978,0.2612969536903692,2.5162368581154227e-08,0.9664034770222844,1.9931691320447111,nonlinear_bias,linear_recalibration,8,4090687506,1.8898507061882968,-0.41006440165479896,True,True
500.0,5.720619337751574,7.1444982586030745,0.26328492086892036,0.9513235858007753,-0.04867641419922475,-0.11428955640939249,4.778084601925103,5.891475001700238,1.686572279256459,6.959503781813451e-08,1.666622372975038,0.30656363557447025,8.533713273690255e-08,1.0643018949880052,2.2689428509620706,nonlinear_bias,umlr_oracle,8,4090687506,1.8898507061882968,-0.22322833321325875,True,True
500.0,5.954337835466422,7.497236254619273,-1.0022369730026985,0.7455933019467632,-0.2544066980532368,-0.5829737822056006,4.66108921020526,5.76871873034274,2.26955709766092,8.881392868823068e-13,1.910978188581788,0.2516363508608624,1.5468244603664657e-13,1.4165760170867638,2.405380360076812,nonlinear_bias,raw_lasso,9,1900741925,2.182488807860752,-0.2715106192789638,True,True
500.0,4.8259628738710685,6.2101730880061,-1.0998412657614258,0.9438448174404791,-0.0561551825595209,-0.1564271813160707,3.4718718002829485,4.366517993936318,1.978552533987129,2.9871096561363525e-14,1.910978188581789,0.2516363508608624,1.546824460366422e-13,1.4165760170867647,2.405380360076813,nonlinear_bias,residual_correction,9,1900741925,2.182488807860752,-0.2715106192789629,True,True
500.0,5.950434432735795,7.493134389260042,-1.0049619510090775,0.746952713329476,-0.253047286670524,-0.580210667531914,4.651605050950935,5.758694574930669,2.2710188092517827,8.292234496869559e-13,1.9144624010806017,0.2520951496708455,1.546824460366422e-13,1.4191588052597242,2.4097659969014793,nonlinear_bias,linear_recalibration,9,1900741925,2.182488807860752,-0.2680264067801501,True,True
500.0,6.004035134114272,7.6678220139372195,-1.345767982018145,0.9077892016596966,-0.09221079834030343,-0.20797437229919313,4.47245291762319,5.574438662161229,2.323396763428995,5.843580189731875e-13,2.2051847480740006,0.30974032171714866,3.815154321154918e-12,1.5966228803921745,2.813746615755827,nonlinear_bias,umlr_oracle,9,1900741925,2.182488807860752,0.022695940213248722,True,True
500.0,5.490342319980217,6.9834124973144505,0.4381940051528227,0.8499705879709382,-0.15002941202906184,-0.3609416314332691,4.147522922761731,5.298828564201034,1.9061228693803296,1.2111543608255942e-10,1.8178169306389904,0.27019216034150967,4.751558882491814e-11,1.2869572581919173,2.3486766030860635,nonlinear_bias,raw_lasso,10,278556757,2.32977119100853,-0.5119542603695395,True,True
500.0,4.993399575658246,6.518143641013652,0.478263384126857,1.0059205405903975,0.005920540590397483,0.01527148504303699,3.666544946392811,4.690586916445259,1.8116991041297805,5.169510033440697e-11,1.8178169306389904,0.27019216034150967,4.751558882491814e-11,1.2869572581919173,2.3486766030860635,nonlinear_bias,residual_correction,10,278556757,2.32977119100853,-0.5119542603695395,True,True
500.0,5.490804455101165,6.985060119404918,0.43935258728343046,0.8513872419942988,-0.14861275800570117,-0.3574525084691696,4.142644412803372,5.293439438382325,1.9082906718392973,1.163325714486948e-10,1.8208467033216786,0.27064249217233466,4.7515588824918946e-11,1.2891022420343148,2.3525911646090423,nonlinear_bias,linear_recalibration,10,278556757,2.32977119100853,-0.5089244876868513,True,True
500.0,5.961941631251405,7.687291281451194,0.5843380731008311,1.0029951283773881,0.0029951283773881343,0.006551972082881242,4.395312815045544,5.629482910504865,2.084520738628957,1.5517884453996358e-10,2.089245531646497,0.3193495468915376,1.5100766252270937e-10,1.4618039521251465,2.7166871111678477,nonlinear_bias,umlr_oracle,10,278556757,2.32977119100853,-0.24052565936203285,True,True
500.0,6.034964742526845,7.480905789354431,-1.026443358684676,0.8291712732204595,-0.17082872677954053,-0.40410391960043407,4.683043834084176,5.885456422274748,2.415201536643447,1.0335122098731208e-14,2.458975960732065,0.2729798477158006,4.504904748980514e-18,1.9226391833810954,2.995312738083035,nonlinear_bias,raw_lasso,11,4129157072,2.386403133383782,0.0725728273482833,True,True
500.0,5.400035855793458,6.8667080614255,-1.029248870682332,0.9779922940285124,-0.0220077059714876,-0.0568224279934615,3.9115587045158864,4.998536101734884,2.4528603649855,5.7883717341217625e-18,2.4589759607320647,0.27297984771580064,4.504904748980612e-18,1.922639183381095,2.9953127380830344,nonlinear_bias,residual_correction,11,4129157072,2.386403133383782,0.07257282734828285,True,True
500.0,6.035015271117543,7.481762362016292,-1.0282461458909555,0.8306013187530068,-0.1693986812469932,-0.400687829235362,4.676668644904355,5.878608010081732,2.4198033820432423,9.186042996292722e-15,2.463216878984851,0.2734506474459761,4.504904748980514e-18,1.9259550985167178,3.000478659452985,nonlinear_bias,linear_recalibration,11,4129157072,2.386403133383782,0.07681374560106935,True,True
500.0,6.3393842005039005,7.942275434059936,-1.158381551438408,0.9508537181245542,-0.049146281875445785,-0.10964128010544087,4.659958867081501,5.904920707463172,2.7581917742140116,5.617655758669899e-17,2.771244138925071,0.31564484690698597,2.652653069376901e-17,2.1510813635623163,3.3914069142878254,nonlinear_bias,umlr_oracle,11,4129157072,2.386403133383782,0.38484100554128897,True,True
500.0,5.6408144035121355,7.219372276857163,0.1925566687646191,0.8261700065396078,-0.17382999346039218,-0.41937620008280824,4.565888876115506,5.742359353465828,1.9501662079154176,8.888268500780769e-11,2.0956342094828737,0.2629761336072979,1.1033153752901146e-14,1.5789522155578244,2.6123162034079233,nonlinear_bias,raw_lasso,12,4103253841,2.440040571942494,-0.3444063624596203,True,True
500.0,4.991902949562875,6.590722990389783,0.3705807100024757,0.9646842308974563,-0.03531576910254375,-0.09344308915582021,3.837422217668494,4.931708797812083,2.0620885220648284,3.522654530128767e-14,2.095634209482874,0.2629761336072979,1.103315375290093e-14,1.5789522155578248,2.6123162034079233,nonlinear_bias,residual_correction,12,4103253841,2.440040571942494,-0.34440636245961986,True,True
500.0,5.638777927910084,7.219344549235539,0.19497629854640935,0.8275227131766104,-0.1724772868233896,-0.4161180523169683,4.558900754454271,5.736066365651521,1.9546822485051232,8.005175213123099e-11,2.0990654382632195,0.2634067103148618,1.1033153752901146e-14,1.5815374693489188,2.61659340717752,nonlinear_bias,linear_recalibration,12,4103253841,2.440040571942494,-0.34097513367927457,True,True
500.0,5.808540367555113,7.602148863460954,0.4110662338959075,0.9616293005590532,-0.03837069944094684,-0.08800820124159603,4.500527577025592,5.758775342865205,2.3469080531903836,8.027393631559638e-14,2.3836106234501058,0.30407844843653187,2.7899116653322877e-14,1.7861729134469706,2.981048333453241,nonlinear_bias,umlr_oracle,12,4103253841,2.440040571942494,-0.05642994849238825,True,True
500.0,5.687763025878218,7.16467229362505,-0.5779128278022457,0.8657177939620868,-0.1342822060379132,-0.3224636074741431,4.351512151161849,5.4574170361331715,2.3771855104106563,5.417854170799781e-14,2.2973733563295724,0.29031756020682026,1.642393832616745e-14,1.7269723323982025,2.8677743802609426,nonlinear_bias,raw_lasso,13,3276989478,2.1575649387035667,0.1398084176260057,True,True
500.0,5.306352849744597,6.786650067325611,-0.3289918760147812,1.0294350986296208,0.029435098629620793,0.07446669213056502,3.887335871377575,4.985696628642417,2.276375420369428,3.155490293352582e-14,2.2973733563295737,0.29031756020682026,1.6423938326166966e-14,1.7269723323982038,2.8677743802609434,nonlinear_bias,residual_correction,13,3276989478,2.1575649387035667,0.13980841762600704,True,True
500.0,5.68951415399243,7.167278801909321,-0.5763389623761557,0.8671634133471834,-0.1328365866528166,-0.3188696736650561,4.348652508691079,5.454389094877535,2.380126832741276,5.143285795022612e-14,2.301209626626748,0.2908023471614098,1.6423938326167774e-14,1.729856118198438,2.872563135055058,nonlinear_bias,linear_recalibration,13,3276989478,2.1575649387035667,0.1436446879231812,True,True
500.0,6.209543489648851,7.801102612340749,-0.485941282643623,0.9925925439405109,-0.007407456059489115,-0.016315427109530843,4.670414235756318,5.876810220933605,2.5906630176857806,5.5602887036765224e-14,2.589340019363125,0.3352288124388964,6.260918943819837e-14,1.9306996748719976,3.247980363854252,nonlinear_bias,umlr_oracle,13,3276989478,2.1575649387035667,0.43177508065955816,True,True
500.0,5.3374520443448725,6.562430965132639,0.30584331919254737,0.8556022473900446,-0.14439775260995535,-0.38246292483131844,4.486733233566352,5.570448990724563,2.042072283008417,3.2399762858443467e-12,1.9044010646635585,0.2645875522394176,2.2756559314220692e-12,1.3845530382150602,2.424249091112057,nonlinear_bias,raw_lasso,14,2026733942,2.092897571705353,-0.18849650704179455,True,True
500.0,4.8511260614832,6.06186330360019,0.1884940512488102,1.0090230529410629,0.00902305294106287,0.025857046609349597,3.8324453331499053,4.806485154231374,1.8894346901836987,3.0671719247926516e-12,1.9044010646635592,0.2645875522394176,2.275655931422029e-12,1.3845530382150608,2.4242490911120576,nonlinear_bias,residual_correction,14,2026733942,2.092897571705353,-0.18849650704179388,True,True
500.0,5.337789916118132,6.562304359625882,0.30503922630488833,0.8571009865210082,-0.1428990134789918,-0.3784984045591158,4.480176288139766,5.563024342914571,2.0439065997965504,3.08986118087273e-12,1.9077369609931516,0.2650510242783431,2.2756559314220692e-12,1.386978328498714,2.428495593487589,nonlinear_bias,linear_recalibration,14,2026733942,2.092897571705353,-0.18516061071220147,True,True
500.0,5.744350249058716,7.150354607380852,0.1835803826066535,0.9912936616490331,-0.008706338350966902,-0.02114816228122277,4.63766025025132,5.806773032054576,2.130290445415559,2.9097489390439776e-11,2.128322174016683,0.31384881051392316,3.38915649673928e-11,1.5116881586672435,2.744956189366123,nonlinear_bias,umlr_oracle,14,2026733942,2.092897571705353,0.035424602311330045,True,True
500.0,6.11194590431811,7.5878054135374935,0.29838102048667464,0.8905322413009403,-0.10946775869905967,-0.2714303787672391,4.307225409822812,5.4240557153766895,2.5532403061660593,1.6627218222420354e-15,2.5496540580340876,0.29736627331579174,1.273168931355112e-16,1.9654040847939278,3.1339040312742474,nonlinear_bias,raw_lasso,15,1093392403,2.438378601728824,0.11127545630526381,True,True
500.0,5.626148971896274,7.339944302671818,0.22182815337301087,1.0403365890481935,0.04033658904819348,0.1033611177954331,3.8438669876703235,5.065640234606036,2.5483213650217946,1.8374128394637595e-16,2.549654058034089,0.29736627331579174,1.2731689313550584e-16,1.9654040847939291,3.1339040312742488,nonlinear_bias,residual_correction,15,1093392403,2.438378601728824,0.11127545630526514,True,True
500.0,6.113835215182609,7.5918012400774355,0.29804159722838164,0.8919537529419514,-0.10804624705804855,-0.26776397762542714,4.30349422630243,5.421805870659439,2.5572635006352864,1.5473834988120398e-15,2.5537239420382325,0.29784094407958683,1.2731689313551387e-16,1.9685413600729715,3.1389065240034935,nonlinear_bias,linear_recalibration,15,1093392403,2.438378601728824,0.11534534030940868,True,True
500.0,6.448541150954635,8.227062167539978,0.21612647418569822,1.0116231378010085,0.011623137801008543,0.026569347072645667,4.502953034610879,5.857276299621071,2.7971714565964114,8.342148825309211e-16,2.79756211959973,0.33629402988923235,8.610356037559773e-16,2.136828890599831,3.4582953485996284,nonlinear_bias,umlr_oracle,15,1093392403,2.438378601728824,0.35918351787090597,True,True
500.0,5.7720874834751354,7.221845290600244,-0.4051452444267256,0.8117080883427674,-0.18829191165723258,-0.4459702702897209,4.528899437981409,5.6341494457382115,2.136392282886101,6.183971471238632e-12,2.13196772018505,0.26836692050319066,1.3168104775560008e-14,1.604694185179873,2.6592412551902274,nonlinear_bias,raw_lasso,16,2446026089,2.492151813600025,-0.3601840934149747,True,True
500.0,5.051208072617352,6.463100420169795,-0.27366263368891103,0.9873986743447442,-0.012601325655255846,-0.03332751536783211,3.7373923529342,4.704344210542123,2.132259935553356,1.2728613685444262e-14,2.131967720185051,0.2683669205031907,1.3168104775559748e-14,1.6046941851798737,2.6592412551902287,nonlinear_bias,residual_correction,16,2446026089,2.492151813600025,-0.3601840934149738,True,True
500.0,5.770566017212292,7.221181847719505,-0.4045722657918267,0.8130631284745811,-0.18693687152541894,-0.44279968226097394,4.522565780730564,5.627035036182417,2.139919444891659,5.66264018533117e-12,2.1355267605125645,0.2688149238587757,1.3168104775560139e-14,1.607373011535596,2.663680509489533,nonlinear_bias,linear_recalibration,16,2446026089,2.492151813600025,-0.3566250530874604,True,True
500.0,6.040059697403499,7.628544181685213,-0.36003597941606186,0.9523497973909815,-0.04765020260901853,-0.10679360568714268,4.519053937089557,5.669342599374156,2.3926132617436133,2.707682467770397e-13,2.391497184164645,0.31679029452971214,2.111119303094243e-13,1.769083892173143,3.013910476156147,nonlinear_bias,umlr_oracle,16,2446026089,2.492151813600025,-0.10065462943537984,True,True
500.0,5.973488043468068,7.4382311573510105,-0.5899478871019214,0.8146685136714217,-0.18533148632857832,-0.41740865382553977,4.554261029033521,5.664316524637896,2.073517625069242,4.105885658668709e-10,2.142047021897358,0.29225538042651755,9.430874141052305e-13,1.5678386683758565,2.7162553754188594,nonlinear_bias,raw_lasso,17,2431423858,2.0920172157489008,0.0500298061484572,True,True
500.0,5.293163793305609,6.784866950807467,-0.7177461293193207,0.9793390340897125,-0.020660965910287543,-0.05114046201175918,3.7889520991777355,4.760293408459923,2.1335319938508848,1.1793538164681944e-12,2.1420470218973575,0.29225538042651755,9.430874141052392e-13,1.567838668375856,2.716255375418859,nonlinear_bias,residual_correction,17,2431423858,2.0920172157489008,0.05002980614845676,True,True
500.0,5.973422131181569,7.43921056427159,-0.5922644147682641,0.8160500344446233,-0.18394996555537668,-0.4142525802676413,4.549519314976225,5.658233826394698,2.077651950282281,3.7955265363049965e-10,2.1456795207705377,0.29275098921998816,9.430874141052218e-13,1.5704974205591575,2.7208616209819176,nonlinear_bias,linear_recalibration,17,2431423858,2.0920172157489008,0.053662305021636936,True,True
500.0,6.417653521617007,8.168097892276611,-0.9143643746887526,0.9829887677028946,-0.01701123229710544,-0.03499973841181032,4.727924492562269,5.930733845346576,2.5245736916898203,2.8487969174857903e-12,2.5319378783434083,0.3525279310661673,2.520222492930815e-12,1.8393091145121763,3.2245666421746404,nonlinear_bias,umlr_oracle,17,2431423858,2.0920172157489008,0.43992066259450757,True,True
500.0,5.690477304774269,7.1880876180395985,0.11326353081743872,0.8542774279475558,-0.1457225720524442,-0.3505540609161743,4.443638543048746,5.613118105587572,2.2936605574856865,1.765932990897241e-13,2.3266179183695637,0.2810608710395539,1.1641916811213575e-15,1.7744039616464664,2.878831875092661,nonlinear_bias,raw_lasso,18,2321298882,2.353917918633416,-0.027300000263852375,True,True
500.0,5.245807196775404,6.769675733940605,0.20126558812082174,1.0400758238506016,0.0400758238506016,0.1023986495247323,3.9903425865703666,5.080209056643011,2.3351790294957686,1.2112214481441774e-15,2.326617918369564,0.2810608710395539,1.1641916811213336e-15,1.7744039616464669,2.8788318750926614,nonlinear_bias,residual_correction,18,2321298882,2.353917918633416,-0.02730000026385193,True,True
500.0,5.691320442724582,7.190143142339403,0.11429687740265417,0.8557815261987123,-0.14421847380128772,-0.346837344587057,4.439744978409292,5.608857489053485,2.2980923687459627,1.6039083930888927e-13,2.330714318236449,0.28155572569773524,1.1641916811213695e-15,1.7775280965097373,2.883900539963161,nonlinear_bias,linear_recalibration,18,2321298882,2.353917918633416,-0.023203600396966895,True,True
500.0,6.367918184704995,8.076622452147136,0.3885850775711213,1.0032670516448516,0.0032670516448516373,0.007001918753796541,4.975820839436864,6.236749586162942,2.7270474424512643,4.921227730330911e-15,2.726779415873827,0.33785779501393914,5.2942031621951815e-15,2.062973781513104,3.39058505023455,nonlinear_bias,umlr_oracle,18,2321298882,2.353917918633416,0.37286149724041096,True,True
500.0,5.751119195187358,7.268256585923539,-0.10157118157948009,0.8302979785557477,-0.16970202144425228,-0.41505632926135905,4.575533899841544,5.679481924042109,1.6586435402765716,2.277646496982791e-07,1.7745745071627466,0.2849771054545889,1.0124106272994504e-09,1.2146661343020244,2.3344828800234687,nonlinear_bias,raw_lasso,19,2453049383,2.3069850577235393,-0.5324105505607928,True,True
500.0,5.019586355357991,6.6151508095372,-0.2023909340594958,1.0017241845354259,0.0017241845354258878,0.0046350584853760025,3.7682282769231223,4.716924254344377,1.7732028841992402,9.76961819251112e-10,1.7745745071627463,0.28497710545458893,1.0124106272994662e-09,1.214666134302024,2.3344828800234687,nonlinear_bias,residual_correction,19,2453049383,2.3069850577235393,-0.532410550560793,True,True
500.0,5.748561665407791,7.268137359545004,-0.10275491688828496,0.8317230341509014,-0.16827696584909857,-0.4115786307637375,4.568538740168013,5.671407515775407,1.6626372680492751,2.1253810460250838e-07,1.7776202418215834,0.2854662168689333,1.012410627299442e-09,1.216750887987613,2.338489595655554,nonlinear_bias,linear_recalibration,19,2453049383,2.3069850577235393,-0.5293648159019559,True,True
500.0,5.8918246692506395,7.682969324778608,-0.15455731700324163,0.9600494639166343,-0.03995053608336574,-0.09244624420579298,4.510069570475164,5.683355316306593,1.9245728327396516,1.2165993571054721e-08,1.954049761634927,0.3308568968335351,6.503783816374917e-09,1.3039991322683797,2.6041003910014746,nonlinear_bias,umlr_oracle,19,2453049383,2.3069850577235393,-0.3529352960886123,True,True
500.0,5.692982949395818,7.252688237053996,-0.4827037349775534,0.839580807434722,-0.16041919256527803,-0.38139654607930384,4.6115513523198075,5.609047560986499,1.7475377198917692,1.739120239191749e-08,1.7835309097926098,0.280185287283143,4.428852428183196e-10,1.2330372550410456,2.334024564544174,nonlinear_bias,raw_lasso,20,722711653,2.083308235524588,-0.29977732573197824,True,True
500.0,5.220245292630174,6.698950023258944,-0.22963679775042556,0.9843599194183396,-0.015640080581660443,-0.04019231253276745,3.9090443162985857,4.875262006471572,1.7797364669288402,4.787673301839642e-10,1.7835309097926084,0.28018528728314307,4.4288524281833737e-10,1.233037255041044,2.3340245645441726,nonlinear_bias,residual_correction,20,722711653,2.083308235524588,-0.29977732573197957,True,True
500.0,5.69249101468506,7.253676409584028,-0.4806775879139143,0.8409252978759313,-0.1590747021240687,-0.37814122384929666,4.6062179893318245,5.603744744130132,1.7506923432788044,1.6447936495893734e-08,1.7863870258907648,0.28063397124207085,4.4288524281833013e-10,1.235011819952935,2.3377622318285947,nonlinear_bias,linear_recalibration,20,722711653,2.083308235524588,-0.2969212096338232,True,True
500.0,6.069750098575208,7.727573638706526,-0.2344167105997654,0.9588276561680303,-0.04117234383196966,-0.09171023010431702,4.5672063440575075,5.734045695572194,1.980556315873543,2.0089984428007215e-09,1.9900657166404896,0.32291048328134725,1.4777750654132426e-09,1.3556277922840043,2.624503640996975,nonlinear_bias,umlr_oracle,20,722711653,2.083308235524588,-0.0932425188840984,True,True
500.0,5.502915214369759,6.996797877388905,0.2668894096430898,0.8396274966023225,-0.1603725033976775,-0.4098490861170084,4.528481579486299,5.57722021351728,2.1555799718690425,6.685169179657438e-13,2.2780035339207507,0.26192349080811367,4.991750877729715e-17,1.7633897184760556,2.792617349365446,nonlinear_bias,raw_lasso,21,2976600242,2.371087329268128,-0.09308379534737732,True,True
500.0,4.976294523235793,6.379307615498102,0.09426761409017559,1.0066390966406797,0.0066390966406797425,0.018597735994826267,3.6295167259354817,4.6373198659740735,2.2788717904187132,4.27114281612209e-17,2.278003533920751,0.26192349080811367,4.9917508777296077e-17,1.763389718476056,2.7926173493654463,nonlinear_bias,residual_correction,21,2976600242,2.371087329268128,-0.09308379534737687,True,True
500.0,5.502130931461465,6.99623257562431,0.2655667312342971,0.8410759822074679,-0.15892401779253207,-0.4061772647583204,4.520057839537114,5.568700755003445,2.160572223895602,5.854696210092685e-13,2.281933437765858,0.2623753488137415,4.9917508777296077e-17,1.7664318349310442,2.7974350406006723,nonlinear_bias,linear_recalibration,21,2976600242,2.371087329268128,-0.08915389150226982,True,True
500.0,6.026386013790282,7.6122424240091116,0.1303067118325523,0.9939667343576566,-0.0060332656423434106,-0.014163829396091019,4.534198599668956,5.758248882984687,2.5925550069544827,1.385429497955985e-15,2.601614687875197,0.31454966953621716,1.2264849924830169e-15,1.983603660733349,3.219625715017045,nonlinear_bias,umlr_oracle,21,2976600242,2.371087329268128,0.23052735860706886,True,True
500.0,6.016931887172576,7.404096839800777,0.7158757446324387,0.7878745644132124,-0.21212543558678765,-0.5056966348961979,4.875549632692129,6.040576958157043,2.225396259515234,1.852838217831579e-11,2.1933408169265878,0.27543470933856323,1.1494940329187568e-14,1.65218085360562,2.7345007802475556,nonlinear_bias,raw_lasso,22,1270144840,2.212074166655567,-0.01873334972897922,True,True
500.0,4.955351762806073,6.405291540602967,0.1893842057589635,0.9569542408185181,-0.0430457591814819,-0.1181166963026118,3.7696867419541693,4.724699802837375,2.199721517300878,1.4057797707165887e-14,2.1933408169265887,0.2754347093385632,1.1494940329187116e-14,1.6521808536056208,2.7345007802475565,nonlinear_bias,residual_correction,22,1270144840,2.212074166655567,-0.018733349728978332,True,True
500.0,6.0124921362255135,7.4012806569422915,0.7119346279423063,0.7891694424683791,-0.21083055753162094,-0.502776690448981,4.866484908824645,6.030959135910229,2.2288041491971784,1.6933480375937936e-11,2.1969455898430152,0.27588738845382227,1.1494940329187794e-14,1.654896225857919,2.7389949538281115,nonlinear_bias,linear_recalibration,22,1270144840,2.212074166655567,-0.015128576812551753,True,True
500.0,6.006915914294222,7.651206672243,0.2777568152586716,0.9363144946426045,-0.06368550535739548,-0.14632783043785752,4.641772857136562,5.816027560140448,2.5351849221618856,1.2526880665853662e-13,2.525693684691793,0.32900873343406356,8.722210583848866e-14,1.8792742318021354,3.1721131375814506,nonlinear_bias,umlr_oracle,22,1270144840,2.212074166655567,0.313619518036226,True,True
500.0,5.6311376862673805,7.323773598526368,-0.08361671491500101,0.8175276668628914,-0.18247233313710864,-0.4214095094702743,4.570330760387087,5.76933155961834,1.5215590122072287,3.8925550958426005e-06,1.464420297706062,0.29504892294220153,9.53731902788485e-07,0.8847233353997292,2.0441172600123947,nonlinear_bias,raw_lasso,23,1811241435,1.53677220954978,-0.07235191184371792,True,True
500.0,4.962738926697984,6.6419998425893425,-0.06416001903864992,1.0043577372874595,0.004357737287459473,0.011096764167240416,3.8761859377033443,4.922786318973342,1.4625476163929119,9.583692804008092e-07,1.4644202977060619,0.29504892294220153,9.53731902788485e-07,0.884723335399729,2.0441172600123947,nonlinear_bias,residual_correction,23,1811241435,1.53677220954978,-0.07235191184371814,True,True
500.0,5.6296013427188445,7.324171133258542,-0.08358034215165239,0.8189764648320359,-0.1810235351679641,-0.41804087475485274,4.56575401052008,5.763590583965963,1.5236957228885253,3.7748904023962604e-06,1.4670154993601328,0.2955717997788929,9.537319027884697e-07,0.8862912155138066,2.0477397832064588,nonlinear_bias,linear_recalibration,23,1811241435,1.53677220954978,-0.06975671018964724,True,True
500.0,6.135752690855558,7.957365282028936,-0.1514241629875562,0.9855854499729231,-0.014414550027076922,-0.03064251109643122,4.842735823502165,6.087937983901477,1.7681202698435288,7.561915332167307e-07,1.7641651896538189,0.3531808974407191,8.157475582007974e-07,1.0702535110434332,2.4580768682642047,nonlinear_bias,umlr_oracle,23,1811241435,1.53677220954978,0.22739298010403886,True,True
500.0,5.957022745640544,7.56708347734412,-0.7185832763906801,0.8149715582379045,-0.18502844176209554,-0.42344035779170386,4.635619430646812,5.7866119355326235,1.7918559505716978,7.099156652397778e-08,1.7539332063559387,0.29553164320305525,5.521949962852873e-09,1.1732878200863182,2.3345785926255593,nonlinear_bias,raw_lasso,24,3759434381,1.7548821504926453,-0.0009489441367065421,True,True
500.0,5.216642597007003,6.872064719583749,-0.6025293672799501,0.9686432017858131,-0.03135679821418691,-0.07896514751895742,3.7996739153266827,4.844883062739444,1.760150917886561,5.2384661045673266e-09,1.7539332063559383,0.29553164320305525,5.521949962852957e-09,1.1732878200863177,2.334578592625559,nonlinear_bias,residual_correction,24,3759434381,1.7548821504926453,-0.0009489441367069862,True,True
500.0,5.956248188193601,7.56751230767087,-0.7185218424599343,0.8163386183941298,-0.1836613816058702,-0.4202874586014171,4.629528622830965,5.780335940495562,1.7945155863069462,6.793144528015137e-08,1.7568753117323204,0.2960273777231657,5.521949962852873e-09,1.1752559317515798,2.338494691713061,nonlinear_bias,linear_recalibration,24,3759434381,1.7548821504926453,0.0019931612396750786,True,True
500.0,6.141643627409003,7.958363419134473,-0.7055560638267337,0.9502608513998345,-0.049739148600165484,-0.10816911992401215,4.576632927055873,5.79137299360848,1.9670416500325645,1.8151091929331956e-08,1.9570605042898541,0.3420772065962532,1.830359530591835e-08,1.2849647868724077,2.6291562217073006,nonlinear_bias,umlr_oracle,24,3759434381,1.7548821504926453,0.20217835379720883,True,True
500.0,5.761399980580471,7.201158024244721,-0.4986178938821457,0.8256752336161338,-0.17432476638386618,-0.43203010031443556,4.469669827824227,5.505943189786628,1.9753812656802054,7.90106671318073e-10,1.9299846081016208,0.28255930640372323,2.4822477366438837e-11,1.3748266025741442,2.4851426136290975,nonlinear_bias,raw_lasso,25,713888328,2.0926332727067383,-0.1626486646051175,True,True
500.0,5.16008401870576,6.504491547710322,-0.5320835812391471,1.0125449581498565,0.012544958149856456,0.03445303521422983,3.638828077736314,4.504523463824302,1.9262818838043463,2.6590220322171216e-11,1.9299846081016225,0.28255930640372323,2.4822477366437773e-11,1.374826602574146,2.4851426136290993,nonlinear_bias,residual_correction,25,713888328,2.0926332727067383,-0.16264866460511573,True,True
500.0,5.760933172170492,7.200381484343451,-0.4998498815962622,0.8271762169629499,-0.17282378303705015,-0.4283617251874209,4.46152832255326,5.497110382617811,1.9784946400808257,7.379106085130578e-10,1.9334930998650066,0.28307296697646733,2.4822477366437347e-11,1.3773258804393502,2.489660319290663,nonlinear_bias,linear_recalibration,25,713888328,2.0926332727067383,-0.15914017284173165,True,True
500.0,6.185758250633461,7.72855709522628,-0.5794679980238784,0.9687080519983102,-0.03129194800168977,-0.07228896620822965,4.511073138828915,5.59396731048902,2.2350993865349507,8.170720672186838e-11,2.227346757135144,0.3360796736392804,8.909227706990776e-11,1.5670346842801635,2.8876588299901247,nonlinear_bias,umlr_oracle,25,713888328,2.0926332727067383,0.13471348442840592,True,True
500.0,5.94024284470294,7.283890572363007,-0.19512080310872,0.8385244854231511,-0.16147551457684894,-0.3857815514216391,4.275270267856192,5.359010651583265,1.4934397520283642,4.4953827381369864e-06,1.6046082479868626,0.2952877291141728,8.64349205706857e-08,1.0244420915852208,2.1847744043885045,nonlinear_bias,raw_lasso,26,2855184134,1.944420351081126,-0.33981210309426335,True,True
500.0,5.304323525009681,6.725744340465442,-0.302478392103026,1.007612215339707,0.007612215339706907,0.01970845889985114,3.4584490204343767,4.3748680439783785,1.6073675673024657,7.828456058123457e-08,1.6046082479868617,0.2952877291141727,8.643492057068692e-08,1.02444209158522,2.1847744043885036,nonlinear_bias,residual_correction,26,2855184134,1.944420351081126,-0.33981210309426424,True,True
500.0,5.939771329541225,7.284960377240877,-0.1965465834386643,0.8399648341887185,-0.16003516581128152,-0.3822862359156791,4.268094933358913,5.350559145486626,1.4971624236567873,4.264196368026961e-06,1.607364512770282,0.2957949502192335,8.643492057068692e-08,1.0262017944056638,2.1885272311349,nonlinear_bias,linear_recalibration,26,2855184134,1.944420351081126,-0.33705583831084396,True,True
500.0,6.336442877233269,7.880851816727695,-0.3255067205938966,0.988274302493978,-0.011725697506022037,-0.02590470197983777,4.293707240985357,5.3751662395632565,1.8460771098828959,1.435660046350725e-07,1.8567195862176078,0.346262910861906,1.2618197767441185e-07,1.1764000121471176,2.537039160288098,nonlinear_bias,umlr_oracle,26,2855184134,1.944420351081126,-0.08770076486351819,True,True
500.0,5.5565786469366945,7.266925318871931,0.20830313085103896,0.8067231561043199,-0.19327684389568012,-0.44840641939792764,4.927897197753449,6.122036640510826,1.8126211609128973,8.049834280598536e-09,1.82762991594196,0.2737636439977204,6.582585815152247e-11,1.289753175932713,2.365506655951207,nonlinear_bias,raw_lasso,27,845907817,1.897019616505654,-0.06938970056369409,True,True
500.0,4.838679265482153,6.499997263011192,0.024712876726836912,0.9818195327105375,-0.018180467289462543,-0.04713670341989343,3.934981924711879,5.160280506335752,1.826181808584771,6.867062676399706e-11,1.8276299159419598,0.2737636439977204,6.582585815152247e-11,1.289753175932713,2.3655066559512066,nonlinear_bias,residual_correction,27,845907817,1.897019616505654,-0.06938970056369431,True,True
500.0,5.5550735721194595,7.2664183460972245,0.20683100944349866,0.8081366113577984,-0.19186338864220165,-0.4451556763921301,4.920599677300552,6.1158236131751975,1.8159327386418906,7.528345531761461e-09,1.8308320963759241,0.2742433037891767,6.582585815152135e-11,1.2920129454563951,2.369651247295453,nonlinear_bias,linear_recalibration,27,845907817,1.897019616505654,-0.06618752012972995,True,True
500.0,5.9287312156228,7.802392225594424,0.04329882667074352,0.9716097750227255,-0.028390224977274503,-0.06132138319426822,4.8421396199817215,6.332194112792202,2.166418533394049,1.164525441767306e-10,2.1686648340309715,0.328674363216613,1.0682045636329672e-10,1.5229023345624921,2.814427333499451,nonlinear_bias,umlr_oracle,27,845907817,1.897019616505654,0.27164521752531745,True,True
500.0,5.746377156559307,7.216603680543292,-0.9510650304745386,0.8454256049986234,-0.1545743950013766,-0.3714293112743719,4.706977561898391,5.861424553239329,1.619038865957991,1.228623304449384e-06,1.8028434680060905,0.30375585900301083,5.511525848457062e-09,1.2060395651452402,2.3996473708669406,nonlinear_bias,raw_lasso,28,909349436,2.120658434438981,-0.3178149664328904,True,True
500.0,5.264046479642882,6.708904068579141,-0.8890618769313675,1.01877755697398,0.018777556973980092,0.04854021482170874,4.101065100557127,5.092967132523466,1.8171145233192119,3.870477026612245e-09,1.8028434680060879,0.30375585900301083,5.511525848457312e-09,1.2060395651452376,2.399647370866938,nonlinear_bias,residual_correction,28,909349436,2.120658434438981,-0.3178149664328931,True,True
500.0,5.747129146741736,7.21799965390907,-0.9520184894146846,0.8467840279510201,-0.15321597204897985,-0.36809919624028514,4.703513083215366,5.85629585419045,1.6234762791698003,1.1521802940631987e-06,1.8057402621557324,0.30424393143464173,5.511525848457145e-09,1.2079774196614799,2.403503104649985,nonlinear_bias,linear_recalibration,28,909349436,2.120658434438981,-0.3149181722832486,True,True
500.0,6.342563069425569,8.045700659335479,-1.0782027150502778,0.992378575719384,-0.007621424280615963,-0.016431388242210732,5.032943052099399,6.262650112039842,2.0783450750459096,2.0322769744489013e-08,2.0954039563172797,0.36539240441139326,1.698180612374583e-08,1.3774997363158206,2.813308176318739,nonlinear_bias,umlr_oracle,28,909349436,2.120658434438981,-0.02525447812170123,True,True
500.0,5.3216962395401355,6.750457010431069,0.034845507827322875,0.8710222903488939,-0.1289777096511061,-0.3198206338974456,3.8815838085078114,4.8469143013510045,1.6246745663713886,1.3273641340868847e-07,1.6168852811728807,0.28703722015340627,2.968008402857132e-08,1.05292930081372,2.1808412615320414,nonlinear_bias,raw_lasso,29,1726567323,1.9712743638661054,-0.3543890826932248,True,True
500.0,4.876742768988293,6.4295295662601495,-0.007472528842185454,1.0392764036991124,0.03927640369911245,0.10225204904249206,3.495526649439903,4.460941872973215,1.6144873659304215,3.5783192889245217e-08,1.6168852811728809,0.28703722015340627,2.9680084028571217e-08,1.0529293008137202,2.1808412615320414,nonlinear_bias,residual_correction,29,1726567323,1.9712743638661054,-0.35438908269322456,True,True
500.0,5.322215276809487,6.752791171714413,0.03449094424947838,0.872447669329576,-0.12755233067042404,-0.3161767660100611,3.877806654973582,4.843148486797536,1.6272341739384544,1.279940304256796e-07,1.6195312229811387,0.28750694041752967,2.9680084028570576e-08,1.0546523603842435,2.184410085578034,nonlinear_bias,linear_recalibration,29,1726567323,1.9712743638661054,-0.3517431408849667,True,True
500.0,5.721963945120399,7.407785004046657,0.018175486606039213,1.0212993859685442,0.021299385968544193,0.048128156886492836,4.103272536065243,5.213941550097592,1.8653091156390071,3.270150376074535e-08,1.8666216534614033,0.33211087534431577,3.177805994985751e-08,1.2141072715542665,2.51913603536854,nonlinear_bias,umlr_oracle,29,1726567323,1.9712743638661054,-0.10465271040470214,True,True
